"#","ML #","Change","Mls Status","Standard Status","Address","Listing Contract Date","Available Date ","City","$/LivSqFt","Subdivision Name","SqFt","Beds Total","Bath Total","GAR/CP/TCP","Lot Size Area","Pool YN","Current Price","Close Date","Close Price"
"1","20883864","","Closed","Closed","463 Preserve  Boulevard ","03/27/2025","","Bossier City","$190.54","The Preserve","1,705","4","2","2/0/2","0.1200","No","$324,872","07/04/2025","$324,872"
"1","20890593","","Closed","Closed","5505 Hollyhock  Lane ","04/06/2025","","Bossier City","$113.47","Golden Meadows","1,485","3","2","2/0/2","0.2500","No","$168,500","07/04/2025","$168,500"
"1","20939788","","Closed","Closed","1737 Turning Leaf  Trail ","05/20/2025","","Haughton","$164.01","Forest Hills Sub","2,006","3","2","2/0/2","0.4110","No","$329,000","07/07/2025","$329,000"
"1","20819721","","Closed","Closed","2305 Brookhaven  Drive ","01/17/2025","","Bossier City","$155.62","Brookhaven Estate","1,735","3","2","2/0/2","0.2570","Yes","$270,000","07/07/2025","$270,000"
"1","20902965","","Closed","Closed","1673 Sligo  Road ","04/21/2025","","Bossier City","$96.57","Killens Farms Sub","1,864","4","2","/0/0","1.0780","No","$180,000","07/07/2025","$180,000"
"1","20798464","","Closed","Closed","305 Canvas Back  Drive ","12/16/2024","","Princeton","$77.02","Gray Duck North 01","2,324","5","3","/0/0","0.3850","No","$179,000","07/07/2025","$179,000"
"1","20831054","","Closed","Closed","1235 Norris  Drive ","02/10/2025","","Bossier City","$121.64","Meadowview Park 03","1,192","3","1","0/0/0","0.2420","No","$145,000","07/07/2025","$145,000"
"1","20956228","","Closed","Closed","1815 Fox  Street ","06/03/2025","","Bossier City","$120.09","Shady Grove Sub Un 4","1,165","3","2","1/0/1","0.2390","No","$139,900","07/07/2025","$139,900"
"1","20950327","","Closed","Closed","1029 Mack  Drive ","05/28/2025","","Haughton","$47.15","Shady Park Sub","1,824","3","2","/2/2","0.0800","No","$86,000","07/07/2025","$86,000"
"1","20929351","","Closed","Closed","169 Sitka  Loop ","05/07/2025","","Haughton","$205.00","Pin Oak Landing","2,425","4","3","2/0/2","0.4100","No","$497,125","07/08/2025","$497,125"
"1","20993803","","Closed","Closed","207 Marble  Place ","07/08/2025","","Haughton","$201.99","Corner Stone","2,411","4","3","3/3/3","0.5000","No","$487,000","07/08/2025","$487,000"
"1","20964336","","Closed","Closed","413 Fair Oaks  Street ","06/13/2025","","Bossier City","$160.25","The Gardens of Southgate","1,869","4","2","2/2/2","0.1640","No","$299,500","07/08/2025","$299,500"
"1","20936828","","Closed","Closed","175 Bent Tree  Loop ","05/14/2025","","Haughton","$165.66","Southern Oaks #2","1,660","4","2","2/0/2","0.2340","No","$275,000","07/08/2025","$275,000"
"1","20912106","","Closed","Closed","157 Robin  Lane ","04/28/2025","","Bossier City","$170.42","North Airline Acres #iii","1,511","3","2","2/0/2","0.6360","No","$257,500","07/08/2025","$257,500"
"1","20911246","","Closed","Closed","6000 Summerville  Lane ","04/21/2025","","Bossier City","$142.73","Lafayette Park 03","1,664","3","2","2/0/2","0.1550","No","$237,500","07/08/2025","$237,500"
"1","20843556","","Closed","Closed","314 Lake  Road ","02/13/2025","","Plain Dealing","$118.69","Lake Road","1,980","4","2","0/0/0","0.8410","No","$235,000","07/08/2025","$235,000"
"1","20665967","","Closed","Closed","3317 Cane Break ","07/12/2024","","Bossier City","$149.20","Legacy","1,374","3","2","2/0/2","0.1380","No","$205,000","07/08/2025","$205,000"
"1","20925286","","Closed","Closed","1366 Fuller Cemetery  Road ","05/05/2025","","Minden","$157.52","Minden","1,968","3","2","/2/2","2.0200","No","$310,000","07/09/2025","$310,000"
"1","20950006","","Closed","Closed","398 Winwood  Drive ","05/28/2025","","Sibley","$100.89","Rural","1,912","4","2","2/2/4","1.2800","No","$192,900","07/09/2025","$192,900"
"1","20813866","","Closed","Closed","2406 Melrose  Avenue ","01/10/2025","","Bossier City","$53.19","Greenacres Sub","3,384","4","3","2/0/2","0.2250","No","$180,000","07/09/2025","$180,000"
"1","20904575","","Closed","Closed","720 Venecia  Drive ","04/15/2025","","Bossier City","$155.05","THE COVE AT VILLAGGIO","1,690","3","2","2/0/2","0.1300","No","$262,030","07/10/2025","$262,030"
"1","20960261","","Closed","Closed","2443 Brookside  Drive ","06/05/2025","","Bossier City","$166.45","Brookhaven Sub","1,508","3","2","2/2/2","0.3350","No","$251,000","07/10/2025","$251,000"
"1","20903286","","Closed","Closed","714 Venecia  Drive ","04/14/2025","","Bossier City","$162.51","THE COVE AT VILLAGGIO","1,461","3","2","2/0/2","0.1300","No","$237,430","07/10/2025","$237,430"
"1","20895186","","Closed","Closed","218 Crow  Road ","04/06/2025","","Cotton Valley","$58.14","Crow Mrs Emma Add","1,400","3","2","/2/2","0.3820","No","$81,400","07/10/2025","$81,400"
"1","20874365","","Closed","Closed","115 Stinson  Road ","03/24/2025","","Benton","$149.06","Stinson Sub","2,448","3","3","2/2/2","3.5730","No","$364,900","07/11/2025","$364,900"
"1","20853988","","Closed","Closed","229 Marsh Bayou ","02/25/2025","","Bossier City","$177.61","Preserve","1,984","3","2","2/0/2","0.2180","No","$352,380","07/11/2025","$352,380"
"1","20934818","","Closed","Closed","606 Labarre  Lane ","05/13/2025","","Bossier City","$181.29","Waterford Bend Sub","1,903","4","2","2/0/2","0.1860","Yes","$345,000","07/11/2025","$345,000"
"1","20927826","","Closed","Closed","500 Dogwood South  Lane ","05/09/2025","","Haughton","$174.33","Dogwood South Sub #1","1,979","3","2","2/0/2","0.2900","No","$345,000","07/11/2025","$345,000"
"1","20699035","","Closed","Closed","565 Brunswick Gardens ","08/12/2024","","Haughton","$161.47","Tuscany Crossing","1,922","4","2","2/0/2","0.1700","No","$310,340","07/11/2025","$310,340"
"1","20965164","","Closed","Closed","441 Shady Wood  Lane ","06/12/2025","","Haughton","$121.36","Village Green","2,472","5","3","2/0/2","0.3100","No","$300,000","07/11/2025","$300,000"
"1","20797741","","Closed","Closed","210 Pearl  Street ","12/15/2024","","Minden","$144.44","NO SUBDIVISION-INSIDE CITY LMT","1,800","3","3","0/2/2","0.7600","No","$260,000","07/11/2025","$260,000"
"1","20906173","","Closed","Closed","204 Norwell  Lane ","04/16/2025","","Bossier City","$155.73","WILLOW HEIGHTS","1,656","3","2","2/0/2","0.1300","No","$257,895","07/11/2025","$257,895"
"1","20820375","","Closed","Closed","108  S Colbert  Drive ","01/17/2025","","Minden","$123.96","Smithwood Sub","1,928","3","3","/2/2","0.9570","No","$239,000","07/11/2025","$239,000"
"1","20875270","","Closed","Closed","516 Big Red  Circle ","03/25/2025","","Haughton","$165.94","Kynzie Court","1,380","3","2","2/0/2","0.2090","No","$229,000","07/11/2025","$229,000"
"1","20944090","","Closed","Closed","3238 Schuler  Drive ","05/21/2025","","Bossier City","$102.42","Pecan Park 03","1,611","3","2","1/0/1","0.2160","No","$165,000","07/11/2025","$165,000"
"1","20916189","","Closed","Closed","806 Claiborne  Street ","04/25/2025","","Minden","$135.45","David Sunset Drive","1,100","3","1","0/1/1","0.4300","No","$149,000","07/11/2025","$149,000"
"1","20925537","","Closed","Closed","3636 Greenacres Place  Drive #33 ","05/19/2025","","Bossier City","$150.29","Carriage Quarters","865","1","2","0/1/1","0.0100","No","$130,000","07/11/2025","$130,000"
"1","20965935","","Closed","Closed","105 Washington ","06/10/2025","","Minden","$122.00","HILLCREST SUBDIV","1,000","2","1","/1/1","1,000.0000","No","$122,000","07/11/2025","$122,000"
"1","20930644","","Closed","Closed","2553 Evans  Street ","05/09/2025","","Bossier City","$57.33","Macks Bayou Plantation","1,221","4","2","/0/0","0.0910","No","$70,000","07/11/2025","$70,000"
"1","20963433","","Closed","Closed","717 Plum Orchard  Road #1 ","06/08/2025","","Doyline","$31.11","Plum Orchard Park","900","1","1","/2/2","0.4340","No","$28,000","07/11/2025","$28,000"
"1","20791069","","Closed","Closed","305 Paris  Place ","12/05/2024","","Bossier City","$162.22","Stonebridge","2,589","4","3","2/0/2","0.2130","No","$420,000","07/14/2025","$420,000"
"1","20952383","","Closed","Closed","703 Chandler  Road ","05/29/2025","","Haughton","$205.00","Rural","1,976","3","2","2/0/2","1.0000","No","$405,080","07/14/2025","$405,080"
"1","20907015","","Closed","Closed","496 Blanchard  Loop ","04/17/2025","","Bossier City","$148.95","CANES LANDING","1,961","4","2","2/0/2","0.1600","No","$292,090","07/14/2025","$292,090"
"1","20934874","","Closed","Closed","208 Norwell  Lane ","05/13/2025","","Bossier City","$153.91","WILLOW HEIGHTS","1,851","4","3","2/0/2","0.1300","No","$284,880","07/14/2025","$284,880"
"1","20947435","","Closed","Closed","212 Rachel  Lane ","05/29/2025","","Bossier City","$153.42","Willow Lake","1,825","3","2","2/0/2","0.1620","No","$280,000","07/14/2025","$280,000"
"1","20944967","","Closed","Closed","389 Hummingbird  Lane ","05/22/2025","","Princeton","$161.88","THE HILLS OF EASTWOOD","1,550","3","2","2/0/2","0.7000","No","$250,910","07/14/2025","$250,910"
"1","20960011","","Closed","Closed","128 Ragan  Lane ","06/04/2025","","Haughton","$146.24","Eastgate Estate","1,436","3","2","2/2/4","0.2390","No","$210,000","07/14/2025","$210,000"
"1","20896087","","Closed","Closed","5346 Lily  Street ","04/09/2025","","Bossier City","$138.54","SOUTHERN GARDENS","1,025","3","1","/2/2","0.2300","No","$142,000","07/14/2025","$142,000"
"1","20882453","","Closed","Closed","4189 Highway 2 Alt ","03/27/2025","","Haynesville","$64.62","03 Haynesville Ward","1,625","3","2","/1/1","0.3300","No","$105,000","07/14/2025","$105,000"
"1","20917114","","Closed","Closed","156 Barnnard  Circle ","04/27/2025","","Haughton","$47.93","Bodcau Park Sub","1,398","3","2","2/0/2","0.5750","No","$67,000","07/14/2025","$67,000"
"1","20954730","","Closed","Closed","2071 Highpoint  Place ","06/02/2025","","Haughton","$186.76","Forest Hills Sub Un #11","2,356","4","3","2/0/2","0.4210","No","$440,000","07/15/2025","$440,000"
"1","20927398","","Closed","Closed","698 Dumaine  Drive ","05/06/2025","","Bossier City","$178.23","St Charles Court Village #4","2,384","4","3","2/0/2","0.2660","No","$424,900","07/15/2025","$424,900"
"1","20906092","","Closed","Closed","159 Byrd  Circle ","04/16/2025","","Bossier City","$174.39","Bee Bend Estate","2,374","5","2","2/0/0","1.2000","No","$414,000","07/15/2025","$414,000"
"1","20755210","","Closed","Closed","3101 Bellevue  Road ","10/15/2024","","Haughton","$195.95","rual","1,531","2","2","0/2/2","2.6700","No","$300,000","07/15/2025","$300,000"
"1","20901876","","Closed","Closed","105 Devereaux  Drive ","04/11/2025","","Bossier City","$143.74","The Colony","2,021","4","2","2/0/2","0.1620","No","$290,500","07/15/2025","$290,500"
"1","20952226","","Closed","Closed","2509 Downs  Street ","05/29/2025","","Bossier City","$142.46","Brownlee Estates","1,811","4","3","2/0/2","0.1790","No","$258,000","07/15/2025","$258,000"
"1","20950809","","Closed","Closed","233 Queen  Street ","05/29/2025","","Haughton","$82.61","King Country Sub","2,432","4","2","/2/2","0.6910","No","$200,900","07/15/2025","$200,900"
"1","20928111","","Closed","Closed","226 Poydras  Avenue ","05/09/2025","","Bossier City","$193.02","St Charles Court","3,067","5","5","3/0/3","1.0110","Yes","$592,000","07/16/2025","$592,000"
"1","20911385","","Closed","Closed","104 Juli ","04/21/2025","","Benton","$193.25","Smithland Estates","2,251","4","4","2/0/2","0.7400","No","$435,000","07/16/2025","$435,000"
"1","20928968","","Closed","Closed","309 Slate  Circle ","05/09/2025","","Haughton","$150.80","Cornerstone Sub","2,752","4","3","2/2/2","0.9740","No","$415,000","07/16/2025","$415,000"
"1","20972716","","Closed","Closed","5002 Sunflower  Boulevard ","06/17/2025","","Bossier City","$136.33","Plantation Trace Sub","2,824","3","2","2/0/2","0.2640","No","$385,000","07/16/2025","$385,000"
"1","20848270","","Closed","Closed","322 Prien Lake  Loop ","02/19/2025","","Bossier City","$175.20","Edgewater Pass","1,957","4","2","2/0/2","0.1700","No","$342,865","07/16/2025","$342,865"
"1","20921533","","Closed","Closed","345 Coppice  Place ","05/10/2025","","Bossier City","$153.14","Willow Heights","1,848","3","2","2/0/2","0.1520","No","$283,000","07/16/2025","$283,000"
"1","20931620","","Closed","Closed","408 Lawson  Place ","05/09/2025","","Minden","$132.90","Glenbrook Sub","1,994","3","2","2/2/2","1.1420","No","$265,000","07/16/2025","$265,000"
"1","20927565","","Closed","Closed","252 Berkshire  Place ","05/06/2025","","Haughton","$172.23","Legacy Pointe","1,451","3","2","2/0/2","0.1500","No","$249,900","07/16/2025","$249,900"
"1","20917915","","Closed","Closed","441 Wildoak  Drive ","04/28/2025","","Haughton","$77.67","Piney Forest Sub","2,060","4","3","0/2/2","0.8520","No","$160,000","07/16/2025","$160,000"
"1","20965745","","Closed","Closed","1617 Dudley ","06/09/2025","","Bossier City","$115.00","Coleman Park","1,200","3","1","/1/1","0.2200","No","$138,000","07/16/2025","$138,000"
"1","20790183","","Closed","Closed","5306 Aster  Street ","12/04/2024","","Bossier City","$86.69","Southern Gardens Sub","1,352","3","1","/2/2","0.3000","No","$117,200","07/16/2025","$117,200"
"1","20850924","","Closed","Closed","1504 Leslie  Street ","02/26/2025","","Bossier City","$81.33","Glendale","1,205","3","1","0/1/1","0.1730","No","$98,000","07/16/2025","$98,000"
"1","20934759","","Closed","Closed","242 Bolling  Drive ","05/13/2025","","Homer","$47.20","Dave Carson Add","1,123","2","1","/1/1","0.4560","No","$53,000","07/16/2025","$53,000"
"1","20994533","","Closed","Closed","216 Bridgepoint  Circle ","07/08/2025","","Bossier City","$136.05","Stonebridge Sub","4,594","4","5","3/0/3","0.4340","No","$625,000","07/17/2025","$625,000"
"1","20922274","","Closed","Closed","569 Brunswick Gardens ","05/01/2025","","Haughton","$162.29","Tuscany Crossing","1,910","4","2","2/0/2","0.3000","No","$309,965","07/17/2025","$309,965"
"1","20896567","","Closed","Closed","476 Blanchard  Loop ","04/08/2025","","Bossier City","$148.69","CANES LANDING","1,961","4","2","2/0/2","0.1600","No","$291,575","07/17/2025","$291,575"
"1","20863059","","Closed","Closed","4194 Grassy Lake  Drive ","03/06/2025","","Bossier City","$188.14","Redwood Place Legacy #11","1,180","3","2","2/0/2","0.1400","No","$222,000","07/17/2025","$222,000"
"1","20965442","","Closed","Closed","3113 Malvern ","06/10/2025","","Bossier City","$99.04","Southern Terrace","939","3","1","/1/1","0.1770","No","$93,000","07/17/2025","$93,000"
"1","20965733","","Closed","Closed","3605 Coleman  Road ","06/10/2025","","Benton","$256.48","Summerset Estates","2,700","4","3","2/0/2","7.8000","No","$692,499","07/18/2025","$692,499"
"1","20895157","","Closed","Closed","529 Lovers  Landing ","04/06/2025","","Bossier City","$157.95","Lakewood Sub","3,134","5","5","3/0/3","0.5450","Yes","$495,000","07/18/2025","$495,000"
"1","20953424","","Closed","Closed","102 Pine Forest  Circle ","05/30/2025","","Minden","$149.77","Forest Hills","2,771","4","4","2/1/3","1.6390","No","$415,000","07/18/2025","$415,000"
"1","20931045","","Closed","Closed","723 Dumaine  Drive ","05/09/2025","","Bossier City","$169.28","St Charles Course Village #4","2,422","4","3","3/0/3","0.2380","No","$410,000","07/18/2025","$410,000"
"1","20925377","","Closed","Closed","305 Cameron  Circle ","05/04/2025","","Benton","$189.62","Belmere Un 2","2,109","4","3","2/0/2","0.2010","No","$399,900","07/18/2025","$399,900"
"1","20900063","","Closed","Closed","1445 Linton  Road ","04/21/2025","","Benton","$191.90","Twin Lake Estate","2,074","3","3","2/2/2","2.8000","No","$398,000","07/18/2025","$398,000"
"1","20799013","","Closed","Closed","189  N Tanglewood  Drive ","12/17/2024","","Minden","$103.83","Tanglewood Sub","3,130","4","3","2/0/2","1.0980","No","$325,000","07/18/2025","$325,000"
"1","20938947","","Closed","Closed","2367 Tall Grass  Circle ","05/16/2025","","Bossier City","$168.05","Legacy","1,922","4","2","2/0/2","0.2180","No","$323,000","07/18/2025","$323,000"
"1","20957398","","Closed","Closed","4206 Parkridge  Drive ","06/05/2025","","Benton","$175.54","Palmetto Park","1,652","4","2","2/0/2","0.2500","Yes","$290,000","07/18/2025","$290,000"
"1","20929091","","Closed","Closed","1003 Regent  Street ","05/07/2025","","Bossier City","$138.48","Cross Creek Sub","2,058","3","2","2/0/2","0.2430","No","$285,000","07/18/2025","$285,000"
"1","20911924","","Closed","Closed","524  W McKinley  Avenue ","04/22/2025","","Haughton","$138.38","Sunflower Place 01","1,915","4","2","2/0/2","1.1760","Yes","$265,000","07/18/2025","$265,000"
"1","20900173","","Closed","Closed","5870 Bayou  Drive ","04/11/2025","","Bossier City","$153.51","Golden Meadows Sub","1,693","4","2","2/0/2","0.2420","Yes","$259,900","07/18/2025","$259,900"
"1","20958322","","Closed","Closed","1304 Whispering Pines  Drive ","06/04/2025","","Minden","$102.49","Whispering Pines","2,205","4","3","2/0/2","0.3900","No","$226,000","07/18/2025","$226,000"
"1","20970421","","Closed","Closed","1313 Evergreen  Drive ","06/14/2025","","Minden","$125.00","Whispering Pines Sub","1,800","3","2","0/2/2","0.3440","Yes","$225,000","07/18/2025","$225,000"
"1","20974994","","Closed","Closed","5317 Bayou  Drive ","06/20/2025","","Bossier City","$121.08","Golden Meadows Sub","1,817","4","2","2/0/2","0.2670","No","$220,000","07/18/2025","$220,000"
"1","20822300","","Closed","Closed","164 Highway 520 ","01/20/2025","","Homer","$97.32","Rural","2,086","3","2","0/2/2","5.8000","No","$203,000","07/18/2025","$203,000"
"1","20916386","","Closed","Closed","4006 Ella  Street ","04/26/2025","","Bossier City","$129.79","Shady Grove Sub Un 1","1,460","3","2","/1/1","0.2040","No","$189,500","07/18/2025","$189,500"
"1","20888876","","Closed","Closed","804  E Palmetto  Avenue ","04/01/2025","","Plain Dealing","$97.52","Rural","1,610","2","1","0/2/2","0.4300","No","$157,000","07/18/2025","$157,000"
"1","20937915","","Closed","Closed","803 Center  Street ","05/15/2025","","Minden","$127.75","Goode Annex","1,135","3","1","0/1/1","0.1610","No","$145,000","07/18/2025","$145,000"
"1","20893350","","Closed","Closed","1101 Rathbun  Street ","04/04/2025","","Minden","$117.41","Gladney Sub","1,218","3","2","/2/2","0.3440","No","$143,000","07/18/2025","$143,000"
"1","20875772","","Closed","Closed","518 Thompson  Street ","03/20/2025","","Bossier City","$70.67","Cumberland","1,456","4","2","0/0/0","0.1150","No","$102,900","07/18/2025","$102,900"
"1","20957881","","Closed","Closed","622 Dumaine  Drive ","06/05/2025","","Bossier City","$201.84","St Charles Court Village Un 8","2,873","4","3","3/0/3","0.3251","Yes","$579,900","07/21/2025","$579,900"
"1","20892410","","Closed","Closed","24 Waterbury  Drive ","04/07/2025","","Bossier City","$117.83","Stonebridge","2,631","3","3","2/0/2","9,741.0000","No","$310,000","07/21/2025","$310,000"
"1","20950007","","Closed","Closed","742 Venecia  Drive ","05/28/2025","","Bossier City","$148.53","THE COVE AT VILLAGGIO","1,788","4","3","2/0/2","0.1600","No","$265,570","07/21/2025","$265,570"
"1","20963623","","Closed","Closed","111 Park  Boulevard ","06/09/2025","","Benton","$115.80","Palmetto Park Sub","1,874","4","2","2/0/2","0.6390","No","$217,000","07/21/2025","$217,000"
"1","20948523","","Closed","Closed","3422 Lanell  Drive ","05/27/2025","","Bossier City","$111.41","Bellaire Sub","1,840","4","2","0/2/2","0.2500","No","$205,000","07/21/2025","$205,000"
"1","20943968","","Closed","Closed","4004 Craft ","05/24/2025","","Bossier City","$130.70","Shady Grove","1,316","3","2","1/0/1","10,500.0000","No","$172,000","07/21/2025","$172,000"
"1","20976122","","Closed","Closed","1528 Gray Lake  Drive ","06/20/2025","","Princeton","$75.14","Duck Island Sub Ph I","2,128","4","2","/2/2","0.6610","No","$159,900","07/21/2025","$159,900"
"1","20940088","","Closed","Closed","2005 Wakefield  Avenue ","05/17/2025","","Bossier City","$117.22","Greenacres 03","1,254","3","1","0/2/2","0.2410","No","$147,000","07/21/2025","$147,000"
"1","20876848","","Closed","Closed","181 Pine Cove  Circle ","04/01/2025","","Elm Grove","$296.82","Rual","3,706","5","4","/2/2","52.2700","Yes","$1,100,000","07/22/2025","$1,100,000"
"1","20890226","","Closed","Closed","22 Ceaser  Circle ","04/02/2025","","Benton","$169.97","Lost River Estate","2,118","3","2","2/0/2","0.1620","No","$360,000","07/22/2025","$360,000"
"1","20908549","","Closed","Closed","5124 Tensas  Drive ","04/18/2025","","Bossier City","$175.35","Rosedale","1,996","3","2","2/0/2","0.1630","No","$350,000","07/22/2025","$350,000"
"1","20918289","","Closed","Closed","111 Caiden  Drive ","05/01/2025","","Benton","$178.29","Turtle Creek","1,856","3","2","2/0/2","0.2230","No","$330,900","07/22/2025","$330,900"
"1","20657279","","Closed","Closed","27 Venecia  Court ","06/26/2024","","Bossier City","$155.79","THE COVE AT VILLAGGIO","1,701","4","3","2/0/2","0.1500","No","$264,995","07/22/2025","$264,995"
"1","20866221","","Closed","Closed","1955 Wild Iris ","04/04/2025","","Bossier City","$168.11","Cypress Place","1,499","3","2","2/0/2","0.1550","Yes","$252,000","07/22/2025","$252,000"
"1","20960030","","Closed","Closed","505 Perfect  Place ","06/05/2025","","Bossier City","$156.81","Willow Brook","1,505","3","3","2/0/2","0.0980","No","$236,000","07/22/2025","$236,000"
"1","20880805","","Closed","Closed","1502 Mark  Avenue ","03/26/2025","","Bossier City","$112.88","COLEMAN PARK","1,856","4","2","2/0/2","0.2800","No","$209,500","07/22/2025","$209,500"
"1","20802496","","Closed","Closed","304 Dianne  Circle ","12/24/2024","","Bossier City","$94.53","Northland Estates","1,957","4","2","1/0/1","0.3291","No","$185,000","07/22/2025","$185,000"
"1","20932608","","Closed","Closed","22187 Hwy 371 ","05/11/2025","","Cotton Valley","$81.41","Rural","1,818","3","1","0/0/0","1.5500","No","$148,000","07/22/2025","$148,000"
"1","20969085","","Closed","Closed","1634 Williamsburg  Drive ","06/13/2025","","Bossier City","$140.10","Northgate Village 10","1,606","4","2","2/0/2","0.1470","No","$225,000","07/23/2025","$225,000"
"1","20972386","","Closed","Closed","121 Carriage  Square ","06/17/2025","","Bossier City","$107.09","Carriage Square","1,213","2","2","2/2/2","0.1000","No","$129,900","07/23/2025","$129,900"
"1","20989243","","Closed","Closed","705 Chandler  Road ","07/02/2025","","Haughton","$205.00","Chandler Rd Subd.","1,995","3","2","2/0/2","1.0000","No","$408,975","07/24/2025","$408,975"
"1","20920511","","Closed","Closed","37 Crowder  Drive ","04/30/2025","","Benton","$164.63","Lost River Estates","2,211","4","3","2/0/2","0.2500","Yes","$364,000","07/24/2025","$364,000"
"1","20956464","","Closed","Closed","3409 Manchester  Drive ","06/04/2025","","Bossier City","$157.15","Rosedale","1,839","4","2","2/0/2","0.1600","No","$289,000","07/24/2025","$289,000"
"1","20962895","","Closed","Closed","9347 Highway 3 ","06/07/2025","","Plain Dealing","$112.70","Rural","2,440","3","2","0/2/2","10.0000","No","$275,000","07/24/2025","$275,000"
"1","20952652","","Closed","Closed","202 Sherwood  Drive ","05/30/2025","","Benton","$147.85","Palmetto Park Sub #6","1,718","4","2","2/0/2","0.2010","No","$254,000","07/24/2025","$254,000"
"1","20955542","","Closed","Closed","201 Kensington  Avenue ","06/02/2025","","Bossier City","$126.05","Greenbriar Estates","1,904","4","2","2/0/2","1.0000","No","$240,000","07/24/2025","$240,000"
"1","20901926","","Closed","Closed","306  N Hampton  Street ","04/11/2025","","Haughton","$140.85","Tuscany Xing #1","1,704","3","2","0/0/0","0.1740","No","$240,000","07/24/2025","$240,000"
"1","20911759","","Closed","Closed","2007 Venus  Drive ","04/22/2025","","Bossier City","$119.41","Sun City Sub","1,968","3","2","2/0/2","0.3020","No","$235,000","07/24/2025","$235,000"
"1","20967118","","Closed","Closed","114 Berry  Drive ","06/11/2025","","Minden","$138.71","Hackett","1,550","3","2","2/0/1","0.2900","No","$215,000","07/24/2025","$215,000"
"1","20940331","","Closed","Closed","631 Lawrence  Circle ","05/17/2025","","Haughton","$95.57","Merry Woods Sub","1,987","2","2","0/3/3","0.8790","No","$189,900","07/24/2025","$189,900"
"1","20978780","","Closed","Closed","5608 James Scott  Circle ","06/23/2025","","Bossier City","$156.38","Golden Meadows Sub","1,183","3","2","2/0/2","0.2470","No","$185,000","07/24/2025","$185,000"
"1","20995196","","Closed","Closed","2617 Northside  Drive ","07/08/2025","","Bossier City","$71.33","Greenacres","1,458","3","1","/0/0","0.2200","No","$104,000","07/24/2025","$104,000"
"1","20886237","","Closed","Closed","201  SE 3rd  Street ","03/29/2025","","Springhill","$20.87","East Side #1","1,332","2","2","/1/1","0.1900","No","$27,800","07/24/2025","$27,800"
"1","20821161","","Closed","Closed","317 Joel  Street ","01/19/2025","","Minden","$22.48","Peters Richmond & Ann Estate Sub","1,201","3","2","/0/0","0.1190","No","$27,000","07/24/2025","$27,000"
"1","20857672","","Closed","Closed","1425 Highway 162 ","03/01/2025","","Benton","$236.09","Rural","5,231","6","5","2/2/4","10.0000","No","$1,235,000","07/25/2025","$1,235,000"
"1","20921499","","Closed","Closed","232 Conti  Way ","05/02/2025","","Bossier City","$185.93","St Charles Court","2,743","4","3","2/0/2","0.3800","No","$510,000","07/25/2025","$510,000"
"1","20916596","","Closed","Closed","214 Ixworth  Avenue ","04/27/2025","","Bossier City","$183.30","Tiburon","1,964","4","3","2/2/2","0.7430","No","$360,000","07/25/2025","$360,000"
"1","20873381","","Closed","Closed","513 Toulouse  Court ","04/08/2025","","Bossier City","$165.63","St Charles Court 02","1,932","3","2","2/0/2","0.1580","No","$320,000","07/25/2025","$320,000"
"1","20933982","","Closed","Closed","1406  E Todd  Street ","05/14/2025","","Minden","$92.26","na","3,306","4","3","2/0/2","0.5160","No","$305,000","07/25/2025","$305,000"
"1","20969122","","Closed","Closed","615 Canoe  Trail ","06/13/2025","","Bossier City","$173.78","Cypress Bend","1,640","3","2","2/0/2","0.3000","Yes","$285,000","07/25/2025","$285,000"
"1","20923432","","Closed","Closed","223 Norwell  Lane ","05/02/2025","","Bossier City","$144.18","WILLOW HEIGHTS","1,953","3","2","2/0/2","0.1600","No","$281,575","07/25/2025","$281,575"
"1","20959993","","Closed","Closed","741 Venecia  Drive ","06/05/2025","","Bossier City","$149.19","THE COVE AT VILLAGGIO","1,782","3","2","2/0/2","0.1600","No","$265,865","07/25/2025","$265,865"
"1","20903450","","Closed","Closed","305 Fletcher  Drive ","04/14/2025","","Bossier City","$148.26","Madison Place","1,753","3","2","2/0/2","0.2350","No","$259,900","07/25/2025","$259,900"
"1","20970151","","Closed","Closed","109 Avenida  Drive ","06/14/2025","","Haughton","$125.50","Espanita Forest","1,494","3","2","2/0/2","0.3000","No","$187,500","07/25/2025","$187,500"
"1","20835753","","Closed","Closed","1905 Brent  Street ","02/04/2025","","Bossier City","$108.98","Shady Grove Sub","1,670","3","2","2/0/2","0.2190","No","$182,000","07/25/2025","$182,000"
"1","20875377","","Closed","Closed","3259 Sarah  Street ","04/06/2025","","Bossier City","$130.97","Waller","1,130","3","2","0/1/1","0.1901","No","$148,000","07/25/2025","$148,000"
"1","20921667","","Closed","Closed","1126 Patricia  Drive ","04/30/2025","","Bossier City","$112.86","Waller School Terrace","1,205","3","1","0/1/1","0.2780","No","$136,000","07/25/2025","$136,000"
"1","20853976","","Closed","Closed","4717 Okeefe  Street ","03/12/2025","","Bossier City","$69.93","Swan Lake Sub","1,144","3","2","0/0/0","0.1640","No","$80,000","07/25/2025","$80,000"
"1","20930125","","Closed","Closed","4603 Sullivan  Street ","06/17/2025","","Bossier City","$52.08","Swan Lake 01","1,152","3","1","0/0/0","0.1450","No","$60,000","07/25/2025","$60,000"
"1","20841250","","Closed","Closed","4908 Okeefe  Street ","03/12/2025","","Bossier City","$58.65","Swan Lake Sub","1,023","3","2","0/1/1","0.1790","No","$60,000","07/25/2025","$60,000"
"1","20997561","","Closed","Closed","1308 Becky  Street ","07/11/2025","","Bossier City","$61.11","Childs","900","2","1","/0/0","0.1700","No","$55,000","07/25/2025","$55,000"
"1","20972082","","Closed","Closed","3779 Jones  Road ","06/16/2025","","Haughton","$18.97","Rural","1,160","3","1","0/0/0","1.0600","No","$22,000","07/25/2025","$22,000"
"1","20978017","","Closed","Closed","116 Plantation  Trace ","06/23/2025","","Bossier City","$190.69","Plantation Trace Estate","2,858","5","4","4/0/4","0.4090","Yes","$545,000","07/28/2025","$545,000"
"1","20944850","","Closed","Closed","498 Blanchard  Loop ","05/22/2025","","Bossier City","$139.96","CANES LANDING","2,204","4","2","2/0/2","0.3000","No","$308,475","07/28/2025","$308,475"
"1","20802115","","Closed","Closed","118 Seth  Lane ","01/02/2025","","Homer","$191.70","Bream Island Subd. #3","1,591","3","2","0/1/1","0.5100","No","$305,000","07/28/2025","$305,000"
"1","20927496","","Closed","Closed","203 Norwell  Lane ","05/06/2025","","Bossier City","$147.19","WILLOW HEIGHTS","1,851","4","3","2/0/2","0.1300","No","$272,455","07/28/2025","$272,455"
"1","20926884","","Closed","Closed","428 Zinfandel  Place ","05/06/2025","","Haughton","$157.38","LEGACY POINTE","1,514","3","2","2/0/2","0.1500","No","$238,280","07/28/2025","$238,280"
"1","20952559","","Closed","Closed","5502 Kristen  Avenue ","06/02/2025","","Bossier City","$159.00","Golden Meadows Sub","1,383","3","2","2/0/2","0.2390","No","$219,900","07/28/2025","$219,900"
"1","20934727","","Closed","Closed","1314  E Todd  Street ","05/16/2025","","Minden","$89.84","Pine Hills Sub #2","1,948","3","2","0/2/2","0.3440","No","$175,000","07/28/2025","$175,000"
"1","20979837","","Closed","Closed","298 Davenport ","06/24/2025","","Sarepta","$112.65","SUNNYSIDE","1,376","3","2","1/2/2","1.2900","No","$155,000","07/28/2025","$155,000"
"1","20949775","","Closed","Closed","4404 Curtis  Loop ","05/28/2025","","Bossier City","$105.98","Sun City Sub","1,840","3","2","2/0/2","0.2350","No","$195,000","07/29/2025","$195,000"
"1","20985072","","Closed","Closed","2410 Belle Grove  Drive ","07/01/2025","","Bossier City","$134.82","Greenacres","1,298","3","2","1/1/1","0.2240","No","$175,000","07/29/2025","$175,000"
"1","20876270","","Closed","Closed","581 Corinth  Circle ","03/19/2025","","Bossier City","$228.74","Canal Place Un #3","2,470","4","3","3/0/3","0.2560","No","$565,000","07/30/2025","$565,000"
"1","20901286","","Closed","Closed","411 Magazine  Court ","04/12/2025","","Bossier City","$145.91","St Charles Court","2,433","4","2","2/0/2","0.1690","No","$355,000","07/30/2025","$355,000"
"1","20795549","","Closed","Closed","326 Prien Lake Loop ","12/11/2024","","Bossier City","$176.90","Legacy","1,984","3","2","2/0/2","0.1770","No","$350,973","07/30/2025","$350,973"
"1","20988560","","Closed","Closed","2116 Landau  Lane ","07/03/2025","","Bossier City","$107.65","Carriage Oaks","3,149","4","3","2/0/2","0.3300","No","$339,000","07/30/2025","$339,000"
"1","20935576","","Closed","Closed","423 Remington  Drive ","05/16/2025","","Bossier City","$179.47","Cypress Bend Garden District Un #","1,783","3","2","2/0/2","0.1720","No","$320,000","07/30/2025","$320,000"
"1","20944026","","Closed","Closed","1210 Barnes  Road ","05/21/2025","","Athens","$111.56","rural","2,240","4","2","/2/2","30.0000","No","$249,900","07/30/2025","$249,900"
"1","20964267","","Closed","Closed","3521 Grand Cane  Lane ","06/09/2025","","Bossier City","$189.18","Legacy","1,303","3","2","2/2/2","0.1700","No","$246,500","07/30/2025","$246,500"
"1","20988077","","Closed","Closed","6204  E Oxbow ","07/02/2025","","Bossier City","$133.58","River Bend","1,647","3","2","2/0/2","0.0450","No","$220,000","07/30/2025","$220,000"
"1","20982063","","Closed","Closed","223 Virginia  Avenue ","06/30/2025","","Minden","$90.00","Bonnie Heights Add","1,500","3","2","0/1/1","0.2580","No","$135,000","07/30/2025","$135,000"
"1","20946814","","Closed","Closed","617 Rome  Street ","05/23/2025","","Bossier City","$27.09","Palermo St","1,292","3","2","/1/1","0.2870","No","$35,000","07/30/2025","$35,000"
"1","20977896","","Closed","Closed","3215 Cypress Village  Drive ","06/23/2025","","Benton","$261.76","cypress village","3,721","5","4","2/0/2","1.4300","Yes","$974,000","07/31/2025","$974,000"
"1","20968687","","Closed","Closed","113 Faith Plantation  Drive ","06/13/2025","","Princeton","$191.27","Faith Plantation Un #1","2,405","4","3","2/0/2","1.0400","No","$460,000","07/31/2025","$460,000"
"1","20949874","","Closed","Closed","510 Weavers  Way ","05/28/2025","","Bossier City","$157.67","Lakewood Sub","2,759","4","3","3/0/3","0.4850","Yes","$435,000","07/31/2025","$435,000"
"1","20900856","","Closed","Closed","1138 Green Wood  Circle ","04/11/2025","","Haughton","$165.48","Dogwood South Sub Un 21","2,390","4","3","2/0/2","0.2590","No","$395,500","07/31/2025","$395,500"
"1","20912906","","Closed","Closed","114 Brimestone  Loop ","04/23/2025","","Benton","$132.27","Lost River Estates North Un #4","2,941","4","3","2/0/2","0.2300","No","$389,000","07/31/2025","$389,000"
"1","20846852","","Closed","Closed","133 Treat  Drive ","02/18/2025","","Minden","$141.45","Timberline","2,393","3","2","2/0/2","4.0000","No","$338,500","07/31/2025","$338,500"
"1","20919273","","Closed","Closed","163 Carey  Lane ","04/29/2025","","Minden","$122.18","Beaver Creek Sub","2,660","3","4","0/2/4","0.5500","Yes","$325,000","07/31/2025","$325,000"
"1","20852509","","Closed","Closed","568 Brunswick Gardens ","02/24/2025","","Haughton","$162.78","Tuscany Crossing","1,922","4","2","2/2/2","0.1650","No","$312,865","07/31/2025","$312,865"
"1","20779793","","Closed","Closed","613 Perfect  Place ","11/16/2024","","Bossier City","$181.82","Willow Brook Un 3","1,650","3","3","2/0/2","0.1260","No","$300,000","07/31/2025","$300,000"
"1","20956050","","Closed","Closed","2720  E Crescent  Cove ","06/05/2025","","Shreveport","$155.17","Island Park Garden Homes #2","1,856","3","2","2/2/2","0.1320","No","$288,000","07/31/2025","$288,000"
"1","20771811","","Closed","Closed","753 Crozier  Drive ","11/06/2024","","Bossier City","$148.02","WILLOW HEIGHTS","1,851","4","3","2/0/2","0.1600","No","$273,985","07/31/2025","$273,985"
"1","20831113","","Closed","Closed","514 Columbia  Circle ","02/10/2025","","Bossier City","$158.99","Savannah Place 03","1,541","3","2","2/0/2","0.1610","No","$245,000","07/31/2025","$245,000"
"1","20965358","","Closed","Closed","430 Zinfandel  Place ","06/10/2025","","Haughton","$164.71","LEGACY POINTE","1,451","3","2","2/0/2","0.1900","No","$239,000","07/31/2025","$239,000"
"1","20963583","","Closed","Closed","152 Lola  Circle ","06/09/2025","","Benton","$167.06","Mckenzie Place","1,430","3","2","2/0/2","0.2090","No","$238,900","07/31/2025","$238,900"
"1","20976848","","Closed","Closed","122 Casa  Drive ","06/20/2025","","Haughton","$116.10","Espanita Village Sub","2,050","3","3","2/0/2","0.2120","Yes","$238,000","07/31/2025","$238,000"
"1","20971955","","Closed","Closed","603 Bloomington  Lane ","06/16/2025","","Bossier City","$171.89","Savannah Place #10","1,309","3","2","2/0/2","0.1550","No","$225,000","07/31/2025","$225,000"
"1","20955043","","Closed","Closed","2504 Belmont  Boulevard ","06/04/2025","","Bossier City","$120.81","Greenacres Sub Un #6","1,461","3","2","0/1/1","0.2410","No","$176,500","07/31/2025","$176,500"
"1","20908374","","Closed","Closed","2503 Rosedale ","04/16/2025","","Bossier City","$99.50","Greenacres","1,608","3","2","/0/0","2,648.0000","No","$160,000","07/31/2025","$160,000"
"1","20899307","","Closed","Closed","723  N Main  Street ","04/17/2025","","Homer","$48.93","Rural","2,800","3","2","2/0/2","0.2400","No","$137,000","07/31/2025","$137,000"
"1","20922536","","Closed","Closed","2012 Pluto  Drive ","05/01/2025","","Bossier City","$125.72","Sun City Sub","1,073","3","2","/1/1","0.1620","No","$134,900","07/31/2025","$134,900"
"1","20924044","","Closed","Closed","2526 Northside  Drive ","05/02/2025","","Bossier City","$82.93","Northside Add","1,447","2","1","2/0/2","0.4810","No","$120,000","07/31/2025","$120,000"
"1","20974528","","Closed","Closed","1330 Palmetto  Road ","06/18/2025","","Benton","$66.72","Ben There Sub","1,274","3","1","/1/1","0.7500","No","$85,000","07/31/2025","$85,000"
"1","20997379","","Closed","Closed","1920 Alison  Avenue ","07/10/2025","","Bossier City","$82.32","Shady Grove Sub #3","990","3","1","/1/1","0.1740","No","$81,500","07/31/2025","$81,500"
"1","20930696","","Closed","Closed","27 Wilshire  Drive ","05/15/2025","","Bossier City","$164.84","Stonebridge","3,094","4","4","3/0/3","0.2180","No","$510,000","08/01/2025","$510,000"
"1","20967665","","Closed","Closed","2809 Sunrise  Point ","06/12/2025","","Haughton","$164.69","Forest Hills 05","2,611","5","4","2/0/2","0.5060","No","$430,000","08/01/2025","$430,000"
"1","20925855","","Closed","Closed","133 Downing  Court ","05/05/2025","","Bossier City","$149.13","Greenacres Place 11","2,414","4","3","2/0/2","0.2570","No","$360,000","08/01/2025","$360,000"
"1","20970741","","Closed","Closed","130 St Edmunds  Way ","06/17/2025","","Bossier City","$164.16","CANES LANDING","1,925","3","2","2/0/2","0.1900","Yes","$316,000","08/01/2025","$316,000"
"1","20967598","","Closed","Closed","488 Blanchard  Loop ","06/12/2025","","Bossier City","$162.86","CANES LANDING","1,740","3","2","2/0/2","0.1600","No","$283,385","08/01/2025","$283,385"
"1","20893411","","Closed","Closed","303 Avondale  Circle ","04/04/2025","","Bossier City","$163.71","Savannah Place #2","1,576","3","2","2/0/2","0.1990","No","$258,000","08/01/2025","$258,000"
"1","20938479","","Closed","Closed","1446 Winchester  Drive ","05/16/2025","","Bossier City","$131.55","Northgate Village 01","1,566","3","3","2/2/2","0.1030","No","$206,000","08/01/2025","$206,000"
"1","20947547","","Closed","Closed","2020 Venus  Drive ","05/24/2025","","Bossier City","$127.20","Sun City Sub","1,375","3","2","2/0/2","0.1840","No","$174,900","08/01/2025","$174,900"
"1","20948887","","Closed","Closed","808 East  Street ","05/27/2025","","Minden","$109.60","NORTHWEST LA. NORMAL & IND. SCHOOL PROP.","1,542","3","2","/2/2","0.3700","No","$169,000","08/01/2025","$169,000"
"1","20949622","","Closed","Closed","3425 Ponderosa  Drive ","05/30/2025","","Bossier City","$108.59","Bellaire","1,234","3","1","0/0/0","0.1760","No","$134,000","08/01/2025","$134,000"
"1","20944680","","Closed","Closed","2052 Franklin  Road ","05/21/2025","","Heflin","$110.00","NA","1,200","3","2","/2/1","1.0800","No","$132,000","08/01/2025","$132,000"
"1","20990227","","Closed","Closed","1931 Alfred  Lane ","07/03/2025","","Bossier City","$51.09","Ward 4","2,300","3","2","2/0/2","0.3800","No","$117,500","08/01/2025","$117,500"
"1","20945217","","Closed","Closed","114 Oak  Street ","05/22/2025","","Homer","$47.32","Western Woods","2,219","4","3","/0/0","0.7100","No","$105,000","08/01/2025","$105,000"
"1","20928850","","Closed","Closed","407 Tealwood  Drive ","05/18/2025","","Bossier City","$163.77","Lakewood Sub","2,534","4","3","3/0/3","0.9270","No","$415,000","08/04/2025","$415,000"
"1","20905218","","Closed","Closed","1231 Whitehall  Drive ","04/16/2025","","Bossier City","$133.82","Plantation Trace Sub","2,989","4","3","2/0/2","0.2640","No","$400,000","08/04/2025","$400,000"
"1","20970364","","Closed","Closed","719 Germantown  Road ","06/14/2025","","Minden","$192.61","Germantown Sub","1,895","3","2","0/2/2","2.2000","No","$365,000","08/04/2025","$365,000"
"1","20968004","","Closed","Closed","497 Blanchard  Loop ","06/12/2025","","Bossier City","$137.98","CANES LANDING","2,476","5","3","2/0/2","0.1800","No","$341,630","08/04/2025","$341,630"
"1","20765081","","Closed","Closed","463 Jordan  Drive ","10/28/2024","","Bossier City","$142.78","Savannah Place","1,940","3","2","2/0/2","0.1650","No","$277,000","08/04/2025","$277,000"
"1","20913881","","Closed","Closed","135 Merrywoods  Boulevard ","04/23/2025","","Haughton","$94.68","South Merry Woods Sub","2,443","3","3","2/2/2","0.4970","No","$231,300","08/04/2025","$231,300"
"1","20814860","","Closed","Closed","65 Princeton  Lane  S ","01/11/2025","","Princeton","$44.84","Princeton Estate","1,784","3","2","/0/0","40,392.0000","No","$80,000","08/04/2025","$80,000"
"1","20878600","","Closed","Closed","513 Fall Winds ","03/21/2025","","Bossier City","$147.50","Autumn Creek","3,322","4","3","3/0/3","0.5620","No","$490,000","08/05/2025","$490,000"
"1","20979321","","Closed","Closed","703 Nella  Street ","06/24/2025","","Minden","$116.88","David R L Sub","1,463","4","2","/1/1","0.2540","No","$171,000","08/05/2025","$171,000"
"1","20973224","","Closed","Closed","1018 Peyton  Avenue ","06/18/2025","","Benton","$121.59","Annie Lou Heights","1,274","3","1","0/1/1","0.2960","No","$154,900","08/05/2025","$154,900"
"1","20885028","","Closed","Closed","5319 Lantana  Lane ","06/04/2025","","Bossier City","$155.06","Golden Meadows","1,580","3","2","2/0/2","0.1790","No","$245,000","08/06/2025","$245,000"
"1","20934610","","Closed","Closed","733 Venecia  Drive ","05/13/2025","","Bossier City","$172.72","THE COVE AT VILLAGGIO","1,357","3","2","2/0/2","0.1500","No","$234,385","08/06/2025","$234,385"
"1","20928012","","Closed","Closed","809 Cline  Street ","05/05/2025","","Minden","$70.98","David R L Sub","1,902","3","2","0/1/1","0.2450","No","$135,000","08/06/2025","$135,000"
"1","20990847","","Closed","Closed","135 Brimestone  Loop ","07/04/2025","","Benton","$146.69","Lost River Estates North Un #4","2,720","5","3","2/0/2","0.3030","No","$399,000","08/07/2025","$399,000"
"1","20855025","","Closed","Closed","306 Prien Lake  Loop ","02/26/2025","","Bossier City","$183.64","Edgewater Pass","1,807","3","2","2/0/2","7,582.0000","No","$331,840","08/07/2025","$331,840"
"1","20986865","","Closed","Closed","420 Antietam  Drive ","07/03/2025","","Bossier City","$167.68","Gardens of Southgate","1,968","4","2","2/0/2","0.1510","No","$330,000","08/07/2025","$330,000"
"1","20931749","","Closed","Closed","205 Norwell  Lane ","05/09/2025","","Bossier City","$137.74","WILLOW HEIGHTS","2,092","4","3","2/0/2","0.1300","No","$288,155","08/07/2025","$288,155"
"1","20902639","","Closed","Closed","105 Downing  Court ","04/11/2025","","Bossier City","$94.30","Green Acres Place 11","2,333","4","2","2/0/2","0.2380","No","$220,000","08/07/2025","$220,000"
"1","20924385","","Closed","Closed","2232 Alameda  Drive ","05/03/2025","","Bossier City","$83.10","Whittington Park","1,408","2","1","/2/2","0.2200","No","$117,000","08/07/2025","$117,000"
"1","20963172","","Closed","Closed","169  N Canal  Drive ","06/13/2025","","Bossier City","$197.17","Canal Place","2,470","4","3","3/0/3","0.2900","No","$487,000","08/08/2025","$487,000"
"1","20966856","","Closed","Closed","902 Blair  Crossing ","06/14/2025","","Bossier City","$161.35","Lakewood 07","2,727","4","3","3/0/3","0.4800","Yes","$440,000","08/08/2025","$440,000"
"1","20580390","","Closed","Closed","123 Sitka  Loop ","04/05/2024","","Haughton","$205.00","Pin Oak Landing","2,073","4","2","2/0/2","0.2990","No","$424,965","08/08/2025","$424,965"
"1","20871800","","Closed","Closed","2062 Doc Steed  Road ","03/19/2025","","Minden","$148.03","NA","2,432","4","2","/0/0","36.0000","No","$360,000","08/08/2025","$360,000"
"1","20978329","","Closed","Closed","8205 White Oak  Drive ","06/23/2025","","Haughton","$122.35","Dogwood Hills Sub","2,644","4","4","2/0/2","0.5070","No","$323,500","08/08/2025","$323,500"
"1","20895749","","Closed","Closed","474 Blanchard  Loop ","04/07/2025","","Bossier City","$148.07","CANES LANDING","2,050","4","2","2/0/2","0.1600","No","$303,545","08/08/2025","$303,545"
"1","20975386","","Closed","Closed","495 Blanchard  Loop ","06/19/2025","","Bossier City","$152.12","CANES LANDING","1,848","3","2","2/0/2","0.1800","No","$281,110","08/08/2025","$281,110"
"1","20964217","","Closed","Closed","6100 Richmond  Drive ","06/09/2025","","Bossier City","$159.00","Richmond Cove 01","1,566","3","2","2/0/2","0.2180","Yes","$249,000","08/08/2025","$249,000"
"1","20892031","","Closed","Closed","423 Zinfandel  Place ","04/03/2025","","Haughton","$167.03","LEGACY POINTE","1,388","3","2","2/0/2","0.1500","No","$231,835","08/08/2025","$231,835"
"1","20960643","","Closed","Closed","3305 Williamsburg  Drive ","06/05/2025","","Bossier City","$156.88","Northgate Village B","1,396","3","2","1/0/2","0.1390","No","$219,000","08/08/2025","$219,000"
"1","20981299","","Closed","Closed","3933 White Lake  Drive ","06/25/2025","","Bossier City","$182.55","Redwood Place Legacy #6","1,123","3","2","2/0/2","0.1380","No","$205,000","08/08/2025","$205,000"
"1","20997444","","Closed","Closed","5331 Hollyhock  Lane ","07/10/2025","","Bossier City","$136.80","Golden Meadows","1,462","3","2","2/0/2","10,500.0000","No","$200,000","08/08/2025","$200,000"
"1","20883141","","Closed","Closed","220 Holli  Road ","03/26/2025","","Benton","$72.89","Rural","2,730","4","3","0/2/2","1.0000","No","$199,000","08/08/2025","$199,000"
"1","20924680","","Closed","Closed","2611 Plantation  Drive ","05/06/2025","","Bossier City","$134.02","Greenacres 04","1,455","3","2","/1/1","0.2420","No","$195,000","08/08/2025","$195,000"
"1","20974131","","Closed","Closed","1531 Teekell  Street ","06/23/2025","","Bossier City","$99.44","Swan Lake","1,800","3","2","0/3/3","0.3211","No","$179,000","08/08/2025","$179,000"
"1","20893159","","Closed","Closed","894 Percy Burns  Road ","04/03/2025","","Springhill","$67.50","na","2,000","4","2","0/2/0","4.7600","No","$135,000","08/08/2025","$135,000"
"1","20888681","","Closed","Closed","1414 Teekell ","04/01/2025","","Bossier City","$83.61","Meadowview","1,495","3","2","/1/1","0.2100","No","$125,000","08/08/2025","$125,000"
"1","20910270","","Closed","Closed","2531 Hoyer  Street ","04/21/2025","","Bossier City","$27.25","Airport Anx","1,211","3","2","/0/0","0.1650","No","$33,000","08/08/2025","$33,000"
"1","20851910","","Closed","Closed","596 Dumaine  Drive ","02/23/2025","","Bossier City","$214.83","St Charles Court","2,630","4","3","3/0/3","0.4500","No","$565,000","08/11/2025","$565,000"
"1","20914205","","Closed","Closed","401 Glen Haven  Court ","04/24/2025","","Bossier City","$112.09","Greenacres Place","4,995","4","5","3/0/3","0.4200","Yes","$559,900","08/11/2025","$559,900"
"1","21006048","","Closed","Closed","765 Airport Loop ","07/19/2025","","Homer","$295.64","Beaver Point Estates","1,353","3","2","/3/3","0.9690","No","$400,000","08/11/2025","$400,000"
"1","20958575","","Closed","Closed","2004 Landau  Lane ","06/05/2025","","Bossier City","$135.99","Carriage Oaks","2,573","4","3","1/2/3","0.5210","No","$349,900","08/11/2025","$349,900"
"1","20976651","","Closed","Closed","398 Hummingbird  Lane ","06/20/2025","","Princeton","$117.05","THE HILLS OF EASTWOOD","2,941","4","3","2/0/2","0.1900","No","$344,230","08/11/2025","$344,230"
"1","20972347","","Closed","Closed","360 Coppice  Place ","06/17/2025","","Bossier City","$149.45","Willow Heights","2,265","4","3","2/0/2","8,359.0000","No","$338,500","08/11/2025","$338,500"
"1","20955311","","Closed","Closed","406 Blackwood  Circle ","06/03/2025","","Haughton","$165.58","Dogwood South","1,540","3","2","2/0/2","0.2260","No","$255,000","08/11/2025","$255,000"
"1","20947970","","Closed","Closed","2105 Sandhurst  Street ","05/26/2025","","Bossier City","$151.71","Lafayette Park Area 5","1,582","3","2","2/0/2","0.1580","No","$240,000","08/11/2025","$240,000"
"1","20902176","","Closed","Closed","2321 Tilman  Drive ","04/12/2025","","Bossier City","$95.70","Greenacres Sub","2,487","4","2","2/0/2","0.3250","No","$238,000","08/11/2025","$238,000"
"1","20842330","","Closed","Closed","503 Big Red  Circle ","02/14/2025","","Haughton","$146.68","Kynzie Court","1,534","3","2","2/0/0","0.2050","No","$225,000","08/11/2025","$225,000"
"1","20936195","","Closed","Closed","438 Zinfandel  Place ","05/14/2025","","Haughton","$180.42","LEGACY POINTE","1,230","3","2","2/0/2","0.2000","No","$221,920","08/11/2025","$221,920"
"1","20952215","","Closed","Closed","2321 Walnut  Street ","05/29/2025","","Bossier City","$56.02","Ferile Gardens Sub Un 2","1,910","4","1","/0/0","0.4210","No","$107,000","08/11/2025","$107,000"
"1","20829777","","Closed","Closed","204 3rd  Street  NW ","01/27/2025","","Springhill","$14.00","Frost Lbr Ind Wisdommagnol","1,571","3","2","/2/2","13,733.0000","No","$22,000","08/11/2025","$22,000"
"1","20984349","","Closed","Closed","2616 Bodcau Dam  Road ","06/28/2025","","Benton","$163.64","BODCAU DAM SUBDV","2,200","4","2","0/0/0","21.3000","No","$360,000","08/12/2025","$360,000"
"1","20991855","","Closed","Closed","1904 Bonn  Street ","07/06/2025","","Bossier City","$128.36","Central Park 01","1,340","3","2","/2/2","0.2770","No","$172,000","08/12/2025","$172,000"
"1","20923868","","Closed","Closed","261 Dana  Lane ","05/04/2025","","Bossier City","$157.89","Plantation Estates","2,565","3","3","3/0/3","1.3030","No","$405,000","08/13/2025","$405,000"
"1","20943700","","Closed","Closed","416 Blanchard  Loop ","05/22/2025","","Bossier City","$154.26","Canes Landing","2,204","4","2","2/0/2","0.2000","No","$340,000","08/13/2025","$340,000"
"1","20998802","","Closed","Closed","910 Drew  Lane ","07/12/2025","","Minden","$96.54","West Acres","2,486","3","2","1/1/2","0.7330","No","$240,000","08/13/2025","$240,000"
"1","20732338","","Closed","Closed","974 Mimosa  Lane ","09/18/2024","","Shongaloo","$105.21","rural","1,901","4","2","0/2/2","1.0120","No","$200,000","08/13/2025","$200,000"
"1","20946243","","Closed","Closed","4810 Birdwell  Lane ","05/23/2025","","Bossier City","$102.92","Swan Lake Sub","1,506","3","2","0/0/0","0.1800","No","$155,000","08/13/2025","$155,000"
"1","20905480","","Closed","Closed","2708 Caplis Sligo Plantation  Road ","04/18/2025","","Bossier City","$158.31","Old River Place 01","2,634","4","3","3/0/3","0.7700","No","$417,000","08/14/2025","$417,000"
"1","21006833","","Closed","Closed","801 Durango  Drive ","07/21/2025","","Bossier City","$197.27","Tiburon","2,053","4","2","/1/2","0.0000","No","$405,000","08/14/2025","$405,000"
"1","20927388","","Closed","Closed","102 Pinehurst  Place ","05/17/2025","","Benton","$155.95","Willow Ridge","2,052","4","2","2/0/2","0.4070","No","$320,000","08/14/2025","$320,000"
"1","20999548","","Closed","Closed","5338 Bobbie  Lane ","07/14/2025","","Bossier City","$150.66","Greenacres Ranchette","1,579","2","2","0/2/2","5.8710","No","$237,900","08/14/2025","$237,900"
"1","21000084","","Closed","Closed","1307 Mark  Drive ","07/16/2025","","Minden","$107.14","Pine Hills","2,100","4","3","/0/0","0.4590","No","$225,000","08/14/2025","$225,000"
"1","20962621","","Closed","Closed","310 Lancashire  Drive ","06/07/2025","","Bossier City","$97.42","Greenbriar Estate","2,053","3","2","2/2/4","0.3080","No","$200,000","08/14/2025","$200,000"
"1","20945223","","Closed","Closed","4102 Glen  Street ","05/22/2025","","Bossier City","$114.38","Shady Grove Rep 01","1,398","3","1","/0/0","0.2460","No","$159,900","08/14/2025","$159,900"
"1","20977139","","Closed","Closed","5710 Kristen  Avenue ","07/01/2025","","Bossier City","$156.19","Golden Meadows","1,018","2","1","1/0/1","0.2150","No","$159,000","08/14/2025","$159,000"
"1","20962233","","Closed","Closed","611  W 4th  Street ","06/06/2025","","Homer","$68.33","Rural","1,200","3","2","/2/2","0.1760","No","$82,000","08/14/2025","$82,000"
"1","21030386","","Closed","Closed","185 Linton Bellevue ","08/12/2025","","Benton","$270.48","Rural","2,551","3","3","3/0/3","5.6000","Yes","$690,000","08/15/2025","$690,000"
"1","20835723","","Closed","Closed","1987 Woodlake Drive ","02/04/2025","","Benton","$223.66","Woodlake","2,857","3","3","2/2/2","0.8252","No","$639,000","08/15/2025","$639,000"
"1","20954245","","Closed","Closed","2086 Highpoint  Place ","07/05/2025","","Haughton","$185.06","Forest Hills Sub Un #11","1,988","4","2","2/0/2","0.4410","No","$367,900","08/15/2025","$367,900"
"1","20989174","","Closed","Closed","171 Sistrunk  Lane ","07/02/2025","","Bossier City","$149.21","Bayou Point Sub","2,225","3","2","3/0/3","0.8820","No","$332,000","08/15/2025","$332,000"
"1","20892188","","Closed","Closed","982 Penal Farm  Road ","04/03/2025","","Sibley","$173.98","RUral","1,868","3","2","0/1/1","23.0000","No","$325,000","08/15/2025","$325,000"
"1","20912414","","Closed","Closed","102 Willow Creek  Lane ","05/18/2025","","Haughton","$105.07","Country Place","2,760","4","3","2/0/2","0.6950","No","$290,000","08/15/2025","$290,000"
"1","20983706","","Closed","Closed","102 Lauren  Circle ","06/28/2025","","Haughton","$169.69","Dogwood South Sub Un 14","1,709","3","2","2/0/2","0.1680","No","$290,000","08/15/2025","$290,000"
"1","20873466","","Closed","Closed","349 Hummingbird  Lane ","03/17/2025","","Princeton","$142.59","THE HILLS OF EASTWOOD","1,953","3","2","2/0/2","0.2400","No","$278,480","08/15/2025","$278,480"
"1","20976710","","Closed","Closed","221 Norwell  Lane ","06/20/2025","","Bossier City","$150.19","WILLOW HEIGHTS","1,848","3","2","2/0/2","0.1600","No","$277,550","08/15/2025","$277,550"
"1","20977123","","Closed","Closed","303 Cotton Pointe ","06/22/2025","","Bossier City","$168.23","Savannah Place","1,278","3","2","2/0/2","0.0000","No","$215,000","08/15/2025","$215,000"
"1","20955392","","Closed","Closed","216 Derbe  Lane ","06/02/2025","","Benton","$71.88","Rural","1,600","3","2","0/2/2","9.3800","No","$115,000","08/15/2025","$115,000"
"1","21006641","","Closed","Closed","732 Edgar  Street ","07/21/2025","","Bossier City","$70.26","Airport Anx","854","2","1","/0/0","0.1470","No","$60,000","08/15/2025","$60,000"
"1","20982520","","Closed","Closed","3208 Jana  Place ","06/27/2025","","Bossier City","$88.80","Coleman Park 07","1,295","3","1","/1/1","0.1860","No","$115,000","08/17/2025","$115,000"
"1","20970125","","Closed","Closed","4739 Old Brownlee  Road ","06/16/2025","","Bossier City","$182.85","Autumn Crk 01","3,008","4","3","2/0/2","0.5000","Yes","$550,000","08/18/2025","$550,000"
"1","20977240","","Closed","Closed","255 Peregrine  Way ","06/21/2025","","Bossier City","$193.52","The Preserve","2,299","3","3","2/2/2","0.3330","No","$444,900","08/18/2025","$444,900"
"1","20988204","","Closed","Closed","485 Blanchard  Loop ","07/02/2025","","Bossier City","$126.17","CANES LANDING","2,811","4","3","2/0/2","0.1800","No","$354,665","08/18/2025","$354,665"
"1","20986036","","Closed","Closed","473 Blanchard  Loop ","06/30/2025","","Bossier City","$128.46","CANES LANDING","2,720","5","3","2/0/2","0.1800","No","$349,405","08/18/2025","$349,405"
"1","21009364","","Closed","Closed","147 Jamestowne  Boulevard ","07/23/2025","","Benton","$176.08","Jamestowne","1,789","3","2","2/0/2","0.2000","Yes","$315,000","08/18/2025","$315,000"
"1","21006967","","Closed","Closed","234 Rachel  Lane ","07/23/2025","","Bossier City","$170.25","Willow Lake Un #4","1,721","2","2","2/0/2","0.1200","No","$293,000","08/18/2025","$293,000"
"1","20988803","","Closed","Closed","1405 Edgemont  Circle ","07/28/2025","","Bossier City","$132.57","Greenacres Place 08","2,180","3","2","2/0/2","0.2690","No","$289,000","08/18/2025","$289,000"
"1","20985614","","Closed","Closed","329 Hendry  Drive ","06/30/2025","","Bossier City","$151.56","WILLOW HEIGHTS","1,851","4","3","2/0/2","0.2000","No","$280,545","08/18/2025","$280,545"
"1","20982266","","Closed","Closed","436 Zinfandel  Place ","06/26/2025","","Haughton","$158.56","LEGACY POINTE","1,538","3","2","2/0/2","0.1400","No","$243,860","08/18/2025","$243,860"
"1","20941225","","Closed","Closed","2305 Ashdown  Drive ","05/20/2025","","Bossier City","$99.32","Greenacres Sub","2,336","3","3","0/2/2","0.3510","No","$232,000","08/18/2025","$232,000"
"1","20833190","","Closed","Closed","330 Evangeline  Drive ","02/01/2025","","Elm Grove","$127.05","Evangeline Oaks Sub","1,527","3","2","/2/2","0.3080","No","$194,000","08/18/2025","$194,000"
"1","20995904","","Closed","Closed","105 Jack  Street ","07/09/2025","","Haughton","$100.96","King Country Sub","1,456","4","2","/0/0","0.6640","No","$147,000","08/18/2025","$147,000"
"1","20990559","","Closed","Closed","2601 Douglas  Drive ","07/03/2025","","Bossier City","$135.48","Greenaacres Sub Un 5","1,026","3","1","0/1/1","0.2240","No","$139,000","08/18/2025","$139,000"
"1","20980634","","Closed","Closed","2914 Bobbie  Street ","06/25/2025","","Bossier City","$108.96","Coleman Park","1,216","3","1","0/2/2","0.1860","No","$132,500","08/18/2025","$132,500"
"1","20854538","","Closed","Closed","109 Milton  Drive ","02/25/2025","","Minden","$30.93","Middle Landing Sub","1,681","3","2","0/1/1","0.3550","No","$52,000","08/18/2025","$52,000"
"1","20982548","","Closed","Closed","5318 Lauri  Lane ","06/26/2025","","Bossier City","$162.61","Golden Meadows Sub","1,217","3","2","2/0/2","0.3300","No","$197,900","08/19/2025","$197,900"
"1","20767339","","Closed","Closed","493 Lakeview  Drive ","10/30/2024","","Doyline","$44.39","Palmetto Beach Estate","1,800","3","2","/1/1","1.6530","No","$79,900","08/19/2025","$79,900"
"1","20982067","","Closed","Closed","2018 Honeytree  Trail ","06/26/2025","","Haughton","$179.18","Forest Hills 02","2,450","4","3","3/0/3","0.3790","Yes","$439,000","08/20/2025","$439,000"
"1","20996992","","Closed","Closed","165 Cullom  Drive ","07/30/2025","","Bossier City","$183.61","The Preserve","1,574","3","2","2/0/2","0.2000","No","$289,000","08/20/2025","$289,000"
"1","20972514","","Closed","Closed","124 Willow Lake  Boulevard ","06/20/2025","","Bossier City","$161.05","Willow Lake","1,484","2","2","2/0/2","0.1670","No","$239,000","08/20/2025","$239,000"
"1","20978489","","Closed","Closed","231 Mill Pond  Road ","06/23/2025","","Springhill","$55.04","Rural","2,362","3","2","0/2/2","2.0000","No","$130,000","08/20/2025","$130,000"
"1","20917658","","Closed","Closed","2616 Bardot  Lane ","05/23/2025","","Bossier City","$115.46","NORTHSIDE ANNEX","1,022","3","1","0/2/2","0.2400","No","$118,000","08/20/2025","$118,000"
"1","20888245","","Closed","Closed","2016 Fairwoods  Drive ","03/31/2025","","Shreveport","$234.79","Provenance Ph I","2,236","3","3","2/0/2","5,707.0000","No","$525,000","08/21/2025","$525,000"
"1","20903060","","Closed","Closed","321 Dogwood South  Lane ","04/14/2025","","Haughton","$156.15","Dogwood South 03","2,356","4","3","2/0/2","0.6740","No","$367,900","08/21/2025","$367,900"
"1","20973832","","Closed","Closed","328 Hendry  Drive ","06/18/2025","","Bossier City","$157.82","WILLOW HEIGHTS","1,902","4","3","2/0/2","0.1200","No","$300,170","08/21/2025","$300,170"
"1","20968796","","Closed","Closed","3433 Grand Cane  Lane ","06/13/2025","","Bossier City","$192.68","Redwood Place Legacy Un 9","1,297","3","2","2/0/2","0.1710","No","$249,900","08/21/2025","$249,900"
"1","20883766","","Closed","Closed","216 Country  Lane ","03/29/2025","","Haughton","$109.38","Country Place Sub","2,057","3","2","2/0/2","0.3100","No","$225,000","08/21/2025","$225,000"
"1","20998894","","Closed","Closed","5606 Pampus  Lane ","07/12/2025","","Bossier City","$160.92","Golden Meadows Sub","1,131","3","2","1/0/1","0.2066","No","$182,000","08/21/2025","$182,000"
"1","20921209","","Closed","Closed","3019 Sagefield  Lane ","05/02/2025","","Haughton","$185.92","Forest Hills Sub #10","2,649","4","3","3/0/3","0.4320","Yes","$492,500","08/22/2025","$492,500"
"1","20957879","","Closed","Closed","4101 Periwinkle  Lane ","06/04/2025","","Benton","$188.83","Woodlake South #11","2,023","4","2","2/0/2","0.7810","No","$382,000","08/22/2025","$382,000"
"1","20937672","","Closed","Closed","56 Emory  Court ","05/15/2025","","Bossier City","$150.42","Stonebridge","2,360","3","2","2/2/2","0.2390","No","$355,000","08/22/2025","$355,000"
"1","20969627","","Closed","Closed","187 Livingston  Drive ","06/14/2025","","Bossier City","$180.86","The Preserve","1,902","4","2","2/0/2","10,149.0000","No","$344,000","08/22/2025","$344,000"
"1","20949022","","Closed","Closed","302 Cranbrook  Court ","06/07/2025","","Bossier City","$175.34","Crossing at Wemple","1,825","3","2","2/0/2","0.1100","No","$320,000","08/22/2025","$320,000"
"1","20928943","","Closed","Closed","2400 Brookhaven  Drive ","05/05/2025","","Bossier City","$128.96","Brookhaven Estates","2,210","3","2","2/0/2","0.3300","No","$285,000","08/22/2025","$285,000"
"1","21008798","","Closed","Closed","6016 Pepperwood  Circle ","07/22/2025","","Bossier City","$146.63","Stockwell Place Un 03","1,780","3","2","2/0/2","0.2080","No","$261,000","08/22/2025","$261,000"
"1","20934823","","Closed","Closed","122 Lola  Circle ","05/13/2025","","Benton","$159.54","Mckenzie Place","1,572","3","2","2/0/2","0.1610","No","$250,800","08/22/2025","$250,800"
"1","21007203","","Closed","Closed","1005  E Todd  Circle ","07/21/2025","","Minden","$121.65","Pine Hills","2,014","4","3","/2/2","0.3800","No","$245,000","08/22/2025","$245,000"
"1","20988669","","Closed","Closed","420 Zinfandel  Place ","07/02/2025","","Haughton","$159.67","LEGACY POINTE","1,495","3","2","2/0/2","0.1800","No","$238,705","08/22/2025","$238,705"
"1","20827408","","Closed","Closed","628 Pennsylvania  Avenue ","01/26/2025","","Minden","$103.84","Pinecrest Place","2,215","3","2","/2/2","0.8100","No","$230,000","08/22/2025","$230,000"
"1","20988960","","Closed","Closed","942 Peach Tree  Road ","07/02/2025","","Dubberly","$84.50","rural","1,568","4","2","/0/0","0.9700","No","$132,500","08/22/2025","$132,500"
"1","20963109","","Closed","Closed","1405 Fullilove  Drive ","06/06/2025","","Bossier City","$27.80","Macks Bayou Plantation","1,331","3","2","/2/0","0.1130","No","$37,000","08/22/2025","$37,000"
"1","20934338","","Closed","Closed","1295 Highway 614 ","05/14/2025","","Haughton","$159.04","Rural","2,405","5","3","2/0/2","1.2000","No","$382,500","08/25/2025","$382,500"
"1","20784213","","Closed","Closed","348 Hummingbird  Lane ","11/22/2024","","Princeton","$147.09","THE HILLS OF EASTWOOD","1,885","4","2","2/0/2","0.1900","No","$277,265","08/25/2025","$277,265"
"1","20824914","","Closed","Closed","566 Chinquipin  Drive ","01/24/2025","","Bossier City","$167.58","Cypress Bend","1,641","3","2","1/0/2","0.1820","No","$275,000","08/25/2025","$275,000"
"1","20957519","","Closed","Closed","211 Norwell  Lane ","06/04/2025","","Bossier City","$161.91","WILLOW HEIGHTS","1,561","3","2","2/0/2","0.1300","No","$252,745","08/25/2025","$252,745"
"1","21000383","","Closed","Closed","140 Fitzwilliam  Street ","07/14/2025","","Haughton","$157.56","Tuscany Villas 02","1,574","3","2","2/0/2","0.1570","No","$248,000","08/25/2025","$248,000"
"1","20967767","","Closed","Closed","1912 Ray  Avenue ","06/16/2025","","Bossier City","$121.10","Shady Grove 04","1,858","4","2","/2/2","0.3280","No","$225,000","08/25/2025","$225,000"
"1","20972518","","Closed","Closed","1556 Gray Lake  Drive ","07/21/2025","","Princeton","$81.77","Duck Island","2,128","4","2","0/0/0","0.6840","No","$174,000","08/25/2025","$174,000"
"1","21009155","","Closed","Closed","123 Ballpark  Street ","07/23/2025","","Sarepta","$77.34","Sarepta","1,728","4","2","/0/0","1.2000","No","$133,650","08/25/2025","$133,650"
"1","20949628","","Closed","Closed","4913 Dahlia  Drive ","05/28/2025","","Bossier City","$100.88","Swan Lake Sub","1,021","3","2","/1/1","0.1510","No","$103,000","08/25/2025","$103,000"
"1","20984365","","Closed","Closed","703 10th  Street  NW ","06/27/2025","","Springhill","$42.69","Obier Place Add #2","1,874","2","1","1/1/2","17,500.0000","No","$80,000","08/25/2025","$80,000"
"1","20995386","","Closed","Closed","2620 Tulip  Street ","07/06/2025","","Bossier City","$70.42","Glassell Inc","852","3","1","/2/0","0.1630","No","$60,000","08/25/2025","$60,000"
"1","20961272","","Closed","Closed","47 Victorias  Drive ","06/06/2025","","Bossier City","$162.80","Victorian Pointe","2,672","4","3","2/0/2","0.2200","No","$435,000","08/26/2025","$435,000"
"1","20910186","","Closed","Closed","3216 Mossy Rock  Point ","04/21/2025","","Haughton","$166.73","Forest Hills","2,507","3","3","2/0/2","0.6200","Yes","$418,000","08/26/2025","$418,000"
"1","21001472","","Closed","Closed","1913 Orbit  Drive ","07/15/2025","","Bossier City","$125.75","Sun City Sub","1,332","3","2","0/2/2","0.1640","No","$167,500","08/26/2025","$167,500"
"1","20996754","","Closed","Closed","221 Camp Bistno  Road ","07/09/2025","","Doyline","$73.86","D & B Estates Sub","1,354","3","1","0/0/0","1.0500","No","$100,000","08/26/2025","$100,000"
"1","20865967","","Closed","Closed","2608 Northside  Drive ","03/14/2025","","Bossier City","$86.39","Northside Add","926","2","1","0/1/1","0.2410","No","$80,000","08/26/2025","$80,000"
"1","20914074","","Closed","Closed","1409 Drake  Drive ","04/24/2025","","Minden","$122.97","rural","3,700","4","4","3/4/7","6.2400","No","$455,000","08/27/2025","$455,000"
"1","20996821","","Closed","Closed","2202 Landau  Lane ","07/10/2025","","Bossier City","$141.54","Carriage Oaks","2,720","4","3","2/0/2","0.4000","No","$384,999","08/27/2025","$384,999"
"1","20994432","","Closed","Closed","1201 Martha  Drive ","07/12/2025","","Bossier City","$103.24","Pecan Park","1,695","3","2","0/2/2","0.3030","No","$175,000","08/27/2025","$175,000"
"1","20993032","","Closed","Closed","1212 Martha  Drive ","07/08/2025","","Bossier City","$88.82","Pecan Park 03","1,700","3","2","2/0/2","0.2320","No","$151,000","08/27/2025","$151,000"
"1","21032761","","Closed","Closed","3636 Greenacres Place  Drive #103 ","08/14/2025","","Bossier City","$172.16","Carriage Quarters","668","1","1","0/1/1","0.0200","No","$115,000","08/27/2025","$115,000"
"1","21019941","","Closed","Closed","2416 Broadway  Drive ","08/01/2025","","Bossier City","$48.89","Northside Add","1,125","2","1","0/0/0","0.0558","No","$55,000","08/27/2025","$55,000"
"1","21013300","","Closed","Closed","231 Poydras  Avenue ","07/28/2025","","Bossier City","$190.88","St Charles Court Village #3","2,698","4","4","3/0/3","0.2430","Yes","$515,000","08/28/2025","$515,000"
"1","20934956","","Closed","Closed","150 St Andrews  Lane ","05/14/2025","","Benton","$178.72","Belmere Un #4","2,448","4","3","2/0/2","0.2010","No","$437,500","08/28/2025","$437,500"
"1","20922452","","Closed","Closed","2320 Hidden  Cove ","05/01/2025","","Haughton","$135.05","Forest Hills","3,110","4","4","2/0/2","0.7790","No","$420,000","08/28/2025","$420,000"
"1","20907166","","Closed","Closed","478 Blanchard  Loop ","04/17/2025","","Bossier City","$149.66","CANES LANDING","1,953","3","2","2/0/2","0.1600","No","$292,280","08/28/2025","$292,280"
"1","20993400","","Closed","Closed","424 Zinfandel  Place ","07/08/2025","","Haughton","$144.78","LEGACY POINTE","1,865","4","2","2/0/2","0.1000","No","$270,010","08/28/2025","$270,010"
"1","20889179","","Closed","Closed","502 Parklane  Drive ","04/01/2025","","Bossier City","$143.82","Greenacres Place #4","1,860","3","2","2/0/2","0.2570","No","$267,500","08/28/2025","$267,500"
"1","20992113","","Closed","Closed","135 Elmview  Lane ","07/07/2025","","Haughton","$143.86","Country Place Sub","1,564","3","2","2/0/2","0.2850","No","$225,000","08/28/2025","$225,000"
"1","20984587","","Closed","Closed","401 Reynolds  Street ","06/28/2025","","Springhill","$60.46","North Acres","2,266","4","3","/2/2","1.2760","No","$137,000","08/28/2025","$137,000"
"1","21034017","","Closed","Closed","2511 Downs  Street ","08/14/2025","","Bossier City","$98.56","Portions Of Brownlee Estate","1,319","3","2","2/0/2","0.2160","No","$130,000","08/28/2025","$130,000"
"1","21003409","","Closed","Closed","1529 Debra  Street ","07/17/2025","","Bossier City","$119.79","Glendale Sub #5","960","3","1","0/1/1","0.1660","No","$115,000","08/28/2025","$115,000"
"1","21001235","","Closed","Closed","205 Y Jean  Street ","07/15/2025","","Bossier City","$53.08","Waller","1,978","2","2","/4/4","0.7190","No","$105,000","08/28/2025","$105,000"
"1","20905490","","Closed","Closed","154 Sitka  Loop ","04/16/2025","","Haughton","$200.38","Pin Oak Landing","2,393","4","2","2/0/2","0.4000","No","$479,500","08/29/2025","$479,500"
"1","20963424","","Closed","Closed","262 Arrowhead  Drive ","06/09/2025","","Bossier City","$197.19","Village at Tiburon","2,028","3","3","2/0/2","0.5330","No","$399,900","08/29/2025","$399,900"
"1","20960904","","Closed","Closed","285 Montrose  Place ","06/05/2025","","Bossier City","$168.68","Village of Tiburon 03","1,986","4","2","2/0/2","0.2770","Yes","$335,000","08/29/2025","$335,000"
"1","20833116","","Closed","Closed","806 Dumaine  Drive ","02/01/2025","","Bossier City","$158.45","St Charles Court","1,887","3","2","2/0/2","0.1580","No","$299,000","08/29/2025","$299,000"
"1","20977778","","Closed","Closed","4415 Parkridge Drive ","06/25/2025","","Benton","$123.64","Palmetto Park Subdivision","2,305","3","2","2/0/2","0.3920","No","$285,000","08/29/2025","$285,000"
"1","20992346","","Closed","Closed","798 Venecia  Drive ","07/07/2025","","Bossier City","$153.02","THE COVE AT VILLAGGIO","1,820","4","2","2/0/2","0.1700","No","$278,490","08/29/2025","$278,490"
"1","20876016","","Closed","Closed","2244 Windsor  Court ","04/03/2025","","Bossier City","$150.60","Stockwell Place 04","1,826","3","2","2/0/2","0.1830","No","$275,000","08/29/2025","$275,000"
"1","20996948","","Closed","Closed","207 Norwell  Lane ","07/10/2025","","Bossier City","$142.88","WILLOW HEIGHTS","1,906","4","2","2/0/2","0.1300","No","$272,325","08/29/2025","$272,325"
"1","20977151","","Closed","Closed","6200 Pampus  Lane ","06/20/2025","","Bossier City","$170.41","Golden Mdws Sub Un #27","1,578","3","2","2/2/2","0.2060","No","$268,900","08/29/2025","$268,900"
"1","20995256","","Closed","Closed","145 Vienne  Trace ","07/09/2025","","Haughton","$141.30","LEGACY POINTE","1,858","4","2","2/0/2","0.1500","No","$262,530","08/29/2025","$262,530"
"1","20829762","","Closed","Closed","4216 Toledo Bend  Drive ","01/29/2025","","Bossier City","$188.69","Legacy","1,309","3","2","2/0/2","0.1400","No","$247,000","08/29/2025","$247,000"
"1","20984537","","Closed","Closed","209 Hyperion  Street ","06/28/2025","","Bossier City","$147.95","Willow Heights Sub Un #2","1,656","3","2","2/0/2","0.1280","No","$245,000","08/29/2025","$245,000"
"1","20909066","","Closed","Closed","101 Elmview  Lane ","04/18/2025","","Haughton","$130.69","Country Place Sub","1,781","3","2","2/0/2","0.3730","No","$232,750","08/29/2025","$232,750"
"1","20953410","","Closed","Closed","508 Linnhurst  Drive ","05/31/2025","","Bossier City","$169.25","Savannah Place","1,353","3","2","2/0/2","7,576.0000","No","$229,000","08/29/2025","$229,000"
"1","21012112","","Closed","Closed","2308 Arlington  Place ","07/24/2025","","Bossier City","$107.06","Greenacres 06","2,055","3","2","/2/2","0.3270","No","$220,000","08/29/2025","$220,000"
"1","20890493","","Closed","Closed","2322 Waverly  Drive ","04/02/2025","","Bossier City","$120.08","Greenacres Sub #2","1,728","3","2","0/2/2","0.3110","No","$207,500","08/29/2025","$207,500"
"1","20946879","","Closed","Closed","4681 Highway 615 ","05/23/2025","","Haynesville","$67.51","na","3,059","5","3","/2/2","2.0000","No","$206,500","08/29/2025","$206,500"
"1","20809531","","Closed","Closed","1968 Walnut  Street ","01/08/2025","","Springhill","$129.37","Rural","1,546","3","2","/1/1","7.1400","No","$200,000","08/29/2025","$200,000"
"1","20880222","","Closed","Closed","1109 Bryan  Street ","03/24/2025","","Minden","$115.50","Pine Hills Sub Min","1,723","3","2","/2/2","0.3820","No","$199,000","08/29/2025","$199,000"
"1","20930443","","Closed","Closed","715 Lewisville  Road ","05/09/2025","","Minden","$102.78","Tillman J H Add","1,800","2","2","1/1/1","0.7400","No","$185,000","08/29/2025","$185,000"
"1","21025269","","Closed","Closed","2019 Chelsy  Drive ","08/07/2025","","Benton","$59.61","Cypress Forest Sub","2,768","3","3","2/2/4","3.2300","No","$165,000","08/29/2025","$165,000"
"1","20996810","","Closed","Closed","1418  S Jonquil  Street ","07/14/2025","","Bossier City","$142.48","Southern Gardens Sub #4","1,123","3","2","0/2/0","0.2990","No","$160,000","08/29/2025","$160,000"
"1","20853559","","Closed","Closed","601 Browning  Drive ","02/25/2025","","Springhill","$57.08","North Acres","2,225","3","2","0/2/2","0.2100","No","$127,000","08/29/2025","$127,000"
"1","20948625","","Closed","Closed","1510 Leslie  Street ","05/27/2025","","Bossier City","$104.33","Glendale 06","1,203","3","1","/1/1","0.1730","No","$125,510","08/29/2025","$125,510"
"1","20997819","","Closed","Closed","2748 Country Club  Drive ","07/11/2025","","Haynesville","$64.81","Rona Baird #1","1,620","3","3","/2/2","0.4200","No","$105,000","08/29/2025","$105,000"
"1","20991733","","Closed","Closed","701 10th  Street  NW ","07/07/2025","","Springhill","$44.25","Obier Place Add #2","1,243","3","1","/1/1","0.3900","No","$55,000","08/29/2025","$55,000"
"1","20830279","","Closed","Closed","109 Katy  Lane ","01/30/2025","","Bossier City","$204.08","Willow Lake","1,862","3","2","2/0/2","5,700.0000","No","$380,000","09/02/2025","$380,000"
"1","20925700","","Closed","Closed","1720 Hassell  Drive ","05/05/2025","","Bossier City","$156.28","Cypress Place 04","1,830","3","2","2/2/2","0.2480","No","$286,000","09/02/2025","$286,000"
"1","20973962","","Closed","Closed","110 Elmview  Lane ","06/18/2025","","Haughton","$142.71","Country Place Sub","1,461","3","2","2/0/2","0.2850","No","$208,500","09/02/2025","$208,500"
"1","21022309","","Closed","Closed","1118 C C Sandridge  Road ","08/04/2025","","Elm Grove","","Sandridge","0","2","1","/2/2","0.4900","No","$154,900","09/02/2025","$154,900"
"1","20990929","","Closed","Closed","3001 Oliver  Street ","07/05/2025","","Bossier City","$103.75","Coleman Park","1,094","3","1","/1/1","0.2500","No","$113,500","09/02/2025","$113,500"
"1","21004058","","Closed","Closed","1410 Forest  Drive ","07/17/2025","","Minden","$95.08","Whispering Pines","5,101","4","5","5/0/5","1.4500","No","$485,000","09/03/2025","$485,000"
"1","20966128","","Closed","Closed","109 Button Willow  Drive ","06/11/2025","","Bossier City","$157.00","Cypress Bend","2,414","4","3","3/0/3","0.3600","No","$379,000","09/03/2025","$379,000"
"1","21007060","","Closed","Closed","221 Woodhaven  Drive ","07/21/2025","","Minden","$156.52","Wooddhaven","2,300","3","3","2/0/2","0.3800","No","$360,000","09/03/2025","$360,000"
"1","20935513","","Closed","Closed","117 Craig  Lane ","05/19/2025","","Doyline","$129.17","Rural","2,400","4","2","2/0/2","3.5000","Yes","$310,000","09/03/2025","$310,000"
"1","20998207","","Closed","Closed","419 Hummingbird  Lane ","07/11/2025","","Princeton","$138.06","THE HILLS OF EASTWOOD","2,204","4","2","2/0/2","0.1600","No","$304,275","09/03/2025","$304,275"
"1","20829930","","Closed","Closed","525 Columbia  Circle ","01/29/2025","","Bossier City","$150.74","Savannah Place 03","1,957","4","2","2/0/2","0.2800","No","$295,000","09/03/2025","$295,000"
"1","20944349","","Closed","Closed","300 Whispering Pine  Drive ","05/30/2025","","Haughton","$128.73","Tall Timbers Sub","1,709","3","2","2/0/2","0.2970","No","$220,000","09/03/2025","$220,000"
"1","20994673","","Closed","Closed","577 Whitefield  Lane ","07/18/2025","","Bossier City","$164.73","Savannah Place","1,293","3","2","2/0/2","0.1400","No","$213,000","09/03/2025","$213,000"
"1","20868869","","Closed","Closed","206 Tidewater ","03/12/2025","","Bossier City","$216.14","Canal Place","2,702","4","3","3/0/3","0.2750","No","$584,000","09/04/2025","$584,000"
"1","20966534","","Closed","Closed","2119 Surrey  Lane ","06/11/2025","","Bossier City","$144.67","Carriage Oaks Sub","2,758","4","3","2/0/2","0.3610","Yes","$399,000","09/04/2025","$399,000"
"1","20979754","","Closed","Closed","5005 Oak  Alley ","06/24/2025","","Bossier City","$142.49","Plantation Trace","2,709","4","3","2/0/2","0.2420","No","$386,000","09/04/2025","$386,000"
"1","20928081","","Closed","Closed","1321 Quincy  Drive ","05/06/2025","","Bossier City","$176.12","Rosedale Place","1,964","4","2","2/2/2","0.2000","No","$345,900","09/04/2025","$345,900"
"1","21020546","","Closed","Closed","540 Chinquipin  Drive ","08/02/2025","","Bossier City","$147.06","Cypress Bend 01","2,278","4","3","2/0/2","0.1790","No","$335,000","09/04/2025","$335,000"
"1","21002572","","Closed","Closed","1103 Regent  Street ","07/16/2025","","Bossier City","$151.00","Cross Creek","1,808","4","2","2/0/2","0.2410","No","$273,000","09/04/2025","$273,000"
"1","21012997","","Closed","Closed","1202 Violet  Avenue ","07/25/2025","","Bossier City","$69.87","Southern Gardens Sub","1,356","3","1","0/1/1","0.2070","No","$94,750","09/04/2025","$94,750"
"1","20985906","","Closed","Closed","822 Butler  Street ","07/09/2025","","Springhill","$45.91","Rural","1,307","3","1","/2/2","0.3650","No","$60,000","09/04/2025","$60,000"
"1","20983938","","Closed","Closed","807 Butler  Street ","06/26/2025","","Springhill","$49.02","Rural","1,224","3","1","2/0/2","0.2300","No","$60,000","09/04/2025","$60,000"
"1","20962790","","Closed","Closed","2321 Julia  Street ","06/06/2025","","Bossier City","$20.55","Shady Grove Sub Un 1","1,460","3","1","/1/1","0.2040","No","$30,000","09/04/2025","$30,000"
"1","20820060","","Closed","Closed","9356 Dogwood Trail ","01/17/2025","","Haughton","$123.47","Rural","3,523","4","4","4/0/4","0.9040","No","$435,000","09/05/2025","$435,000"
"1","20877847","","Closed","Closed","122 Ironwood  Drive ","03/21/2025","","Bossier City","$156.71","Cypress Bend","2,488","4","3","2/0/2","0.1890","No","$389,900","09/05/2025","$389,900"
"1","21017160","","Closed","Closed","480 Long Acre  Drive ","07/30/2025","","Bossier City","$196.46","Tiburon","1,980","3","2","3/0/3","0.4280","No","$389,000","09/05/2025","$389,000"
"1","21008959","","Closed","Closed","943 Maize  Street ","07/22/2025","","Bossier City","$177.26","Cypress Bend Garden District #4","1,636","3","2","2/2/2","0.3510","No","$290,000","09/05/2025","$290,000"
"1","20988062","","Closed","Closed","232 Avondale  Lane ","07/02/2025","","Bossier City","$144.52","Savannah Place","1,799","3","2","2/0/2","0.1880","No","$260,000","09/05/2025","$260,000"
"1","20911313","","Closed","Closed","401 Blackwood  Circle ","04/22/2025","","Haughton","$158.31","DOGWOOD SOUTH","1,636","3","2","2/0/2","0.2000","No","$259,000","09/05/2025","$259,000"
"1","21002327","","Closed","Closed","334 Hendry  Drive ","07/16/2025","","Bossier City","$163.22","WILLOW HEIGHTS","1,561","3","2","2/0/2","0.1300","No","$254,780","09/05/2025","$254,780"
"1","21018096","","Closed","Closed","3600 Coleman  Road ","07/31/2025","","Benton","$155.72","Rural","1,477","3","2","/2/2","0.6000","No","$230,000","09/05/2025","$230,000"
"1","21014022","","Closed","Closed","587 Dogwood  Trail ","07/26/2025","","Minden","$158.93","Rural","1,400","3","1","/2/2","10.2300","Yes","$222,500","09/05/2025","$222,500"
"1","20961664","","Closed","Closed","613 Pine Cone  Drive ","06/23/2025","","Haughton","$129.79","Tall Timbers Sub","1,618","3","2","2/1/3","0.3480","No","$210,000","09/05/2025","$210,000"
"1","20915341","","Closed","Closed","606 Black Scoter  Drive ","04/25/2025","","Princeton","$87.07","Gray Duck North #4","2,320","4","2","/0/0","0.2920","Yes","$202,000","09/05/2025","$202,000"
"1","20951484","","Closed","Closed","2523 Brownlee  Road ","05/27/2025","","Bossier City","$93.09","Brownlee Estate","2,084","3","2","2/0/2","0.4360","No","$194,000","09/05/2025","$194,000"
"1","20989918","","Closed","Closed","308 Avenida  Drive ","07/03/2025","","Haughton","$141.96","Espanita Village Sub","1,356","3","2","2/0/2","0.1760","No","$192,500","09/05/2025","$192,500"
"1","21002721","","Closed","Closed","1090 Bodcau Station  Road ","07/16/2025","","Haughton","$133.96","Bodcau Park","1,381","3","2","2/0/2","0.5000","No","$185,000","09/05/2025","$185,000"
"1","20995312","","Closed","Closed","306 Hacienda  Circle ","07/10/2025","","Haughton","$117.31","Espanita Forest Sub","1,560","3","2","2/0/2","0.2210","No","$183,000","09/05/2025","$183,000"
"1","20977762","","Closed","Closed","105 George Baker  Road ","06/22/2025","","Shongaloo","$98.46","none","1,300","3","2","/0/0","0.7200","No","$128,000","09/05/2025","$128,000"
"1","21001667","","Closed","Closed","102 Carriage Square  Drive ","07/15/2025","","Bossier City","$76.84","Carriage Square","1,170","2","2","0/1/1","0.2000","No","$89,900","09/05/2025","$89,900"
"1","20937128","","Closed","Closed","440 Pine  Street ","05/15/2025","","Minden","$38.11","Hunters Annex Resubdv","1,312","3","1","/2/2","0.2800","No","$50,000","09/05/2025","$50,000"
"1","20863675","","Closed","Closed","422 Bridgewater  Circle ","03/06/2025","","Benton","$274.58","Bridgewater Bay #2","4,698","4","4","3/0/3","0.7700","Yes","$1,290,000","09/08/2025","$1,290,000"
"1","21001811","","Closed","Closed","3032 Sagefield  Lane ","07/16/2025","","Haughton","$171.09","Forest Hills Sub","2,338","5","2","2/0/2","0.3870","No","$400,000","09/08/2025","$400,000"
"1","21006956","","Closed","Closed","493 Blanchard  Loop ","07/21/2025","","Bossier City","$124.13","CANES LANDING","2,941","4","3","2/0/2","0.1800","No","$365,070","09/08/2025","$365,070"
"1","20967809","","Closed","Closed","737 Venecia  Drive ","06/12/2025","","Bossier City","$156.12","THE COVE AT VILLAGGIO","1,690","3","2","2/0/2","0.2000","No","$263,845","09/08/2025","$263,845"
"1","21002028","","Closed","Closed","149 Vienne  Trace ","07/16/2025","","Haughton","$158.62","LEGACY POINTE","1,538","3","2","2/0/2","0.1500","No","$243,950","09/08/2025","$243,950"
"1","21001371","","Closed","Closed","2028 Shady Grove  Drive ","07/15/2025","","Bossier City","$118.55","Shady Grove","1,898","4","2","2/0/2","0.2490","No","$225,000","09/08/2025","$225,000"
"1","20929877","","Closed","Closed","1102 Rathbun  Street ","05/08/2025","","Minden","$84.62","Gladney Sub","2,600","4","3","0/2/2","0.5690","Yes","$220,000","09/08/2025","$220,000"
"1","21005467","","Closed","Closed","4000 Ella  Street ","07/18/2025","","Bossier City","$104.37","Shady Grove Sub #1","1,778","3","3","/1/1","0.2210","No","$185,578","09/08/2025","$185,578"
"1","20893345","","Closed","Closed","714 Carrollton  Street ","04/04/2025","","Bossier City","$25.09","NA","1,395","2","1","0/0/0","0.2755","No","$35,000","09/08/2025","$35,000"
"1","21000853","","Closed","Closed","72 Turnbury  Drive ","07/15/2025","","Bossier City","$188.35","Stonebridge Sub","3,982","4","5","3/0/3","0.6660","Yes","$750,000","09/10/2025","$750,000"
"1","20946289","","Closed","Closed","507 Cocodrie  Drive ","05/23/2025","","Bossier City","$206.00","The Preserve","2,750","5","3","2/0/2","10,880.0000","No","$566,500","09/10/2025","$566,500"
"1","21004201","","Closed","Closed","2413 Abbey  Road ","07/17/2025","","Bossier City","$157.51","The Crossing","3,460","3","3","3/0/3","0.3940","No","$545,000","09/10/2025","$545,000"
"1","21050269","","Closed","Closed","130  W Lakeshore  Drive ","09/03/2025","","Benton","$147.68","Cypress Gardens South","2,370","4","2","2/2/2","0.8800","Yes","$350,000","09/10/2025","$350,000"
"1","20987503","","Closed","Closed","5028 Tensas  Drive ","06/30/2025","","Bossier City","$167.27","Rosedale Place Un #5","1,668","3","2","2/0/2","0.1630","No","$279,000","09/10/2025","$279,000"
"1","21018499","","Closed","Closed","1614  S Lexington  Drive ","07/31/2025","","Bossier City","$155.97","Cross Creek Sub","1,699","3","2","2/0/2","0.2260","No","$265,000","09/10/2025","$265,000"
"1","20993679","","Closed","Closed","746 Venecia  Drive ","07/08/2025","","Bossier City","$162.13","THE COVE AT VILLAGGIO","1,490","3","2","2/0/2","0.1600","No","$241,575","09/10/2025","$241,575"
"1","20991845","","Closed","Closed","2113 Clovis  Street ","07/08/2025","","Bossier City","$92.64","Whittington Park","2,132","3","2","1/0/1","0.2750","Yes","$197,500","09/10/2025","$197,500"
"1","21003997","","Closed","Closed","711 Cindy  Lane ","07/28/2025","","Haughton","$119.09","WAFER FOREST","1,100","3","1","0/0/0","0.1560","No","$131,000","09/10/2025","$131,000"
"1","21021140","","Closed","Closed","600 9th Street  NW ","08/03/2025","","Springhill","$76.02","Obier Place Add #3","1,447","3","1","0/2/2","0.3890","No","$110,000","09/10/2025","$110,000"
"1","20870548","","Closed","Closed","2820 Sunrise  Point ","03/14/2025","","Haughton","$175.13","Forest Hills Sub #5","2,626","4","4","3/0/3","0.5000","No","$459,900","09/11/2025","$459,900"
"1","21037419","","Closed","Closed","1508 Teekell  Street ","08/19/2025","","Bossier City","$22.73","Swan Lake Sub","880","3","1","/0/0","0.2170","No","$20,000","09/11/2025","$20,000"
"1","20831739","","Closed","Closed","18 Dover  Circle ","01/31/2025","","Bossier City","$147.96","Greenacres Place","4,562","4","4","3/0/3","0.6800","Yes","$675,000","09/12/2025","$675,000"
"1","21040797","","Closed","Closed","884 Featherston  Road ","08/22/2025","","Homer","$325.06","Featherston Lakewood","1,692","3","2","2/1/3","1.2500","No","$550,000","09/12/2025","$550,000"
"1","21023724","","Closed","Closed","444 Long Acre  Drive ","08/05/2025","","Bossier City","$191.05","Village Tiburon #10","2,748","4","3","3/0/3","0.9700","No","$525,000","09/12/2025","$525,000"
"1","20976260","","Closed","Closed","309 Hendry  Drive ","06/20/2025","","Bossier City","$138.08","WILLOW HEIGHTS","2,092","4","3","2/0/2","0.1300","No","$288,870","09/12/2025","$288,870"
"1","21011545","","Closed","Closed","139 Vienne  Trace ","07/24/2025","","Haughton","$156.65","LEGACY POINTE","1,522","3","2","2/0/2","0.1500","No","$238,415","09/12/2025","$238,415"
"1","20996986","","Closed","Closed","507 Perfect  Place ","07/10/2025","","Bossier City","$156.15","Willow Brook","1,505","3","3","2/0/2","0.0980","No","$235,000","09/12/2025","$235,000"
"1","20969996","","Closed","Closed","1112 Franklin  Street ","06/14/2025","","Minden","$100.00","PINE HILLS Subd","2,300","3","2","/2/2","0.4600","No","$230,000","09/12/2025","$230,000"
"1","21033473","","Closed","Closed","5804 Pampus  Lane ","08/15/2025","","Bossier City","$134.72","Bossier Golden Meadows Sub","1,633","3","2","2/2/2","0.2070","No","$220,000","09/12/2025","$220,000"
"1","21019307","","Closed","Closed","3503 Nikki Lynn  Drive ","08/01/2025","","Bossier City","$124.44","Bellaire Sub","1,567","3","2","/1/1","0.1650","No","$195,000","09/12/2025","$195,000"
"1","21030348","","Closed","Closed","112 Avenida  Drive ","08/12/2025","","Haughton","$137.32","Espanita Forest Sub","1,420","3","2","2/0/0","0.2640","No","$195,000","09/12/2025","$195,000"
"1","20979279","","Closed","Closed","5005 Longstreet  Place #92 ","06/26/2025","","Bossier City","$135.97","Southgate Townhouse","1,265","3","2","0/2/2","0.0565","No","$172,000","09/12/2025","$172,000"
"1","20975560","","Closed","Closed","1009 Brenda  Circle ","06/23/2025","","Minden","$95.53","Caney Lake Drive Sub #2","1,700","3","2","1/0/2","0.3470","No","$162,400","09/12/2025","$162,400"
"1","20957089","","Closed","Closed","3211 Caroline  Drive ","06/03/2025","","Bossier City","$78.91","Pecan Park 01","1,584","3","2","/1/1","0.1930","No","$125,000","09/12/2025","$125,000"
"1","20909346","","Closed","Closed","308 Ellis  Drive ","04/19/2025","","Minden","$67.79","BONNIE HEIGHTS ADDN","1,844","2","2","/1/1","0.2800","No","$125,000","09/12/2025","$125,000"
"1","20936077","","Closed","Closed","712 Walnut ","05/14/2025","","Springhill","$86.59","NO","895","2","1","/0/1","23,100.0000","No","$77,500","09/12/2025","$77,500"
"1","20955790","","Closed","Closed","2225 Loreco  Street ","06/03/2025","","Bossier City","$63.36","Sunset Square","1,168","2","2","0/0/1","0.0250","No","$74,000","09/12/2025","$74,000"
"1","20946948","","Closed","Closed","609 Enchanted  Lane ","05/27/2025","","Bossier City","$193.83","Stonebridge","4,179","4","5","3/0/3","0.4130","Yes","$810,000","09/15/2025","$810,000"
"1","20996384","","Closed","Closed","117 Magnolia  Crossing ","07/10/2025","","Bossier City","$214.65","Oak Alley","3,727","4","4","3/0/3","0.3220","Yes","$800,000","09/15/2025","$800,000"
"1","20795181","","Closed","Closed","134 Carondelet  Court ","12/19/2024","","Bossier City","$181.77","Oak Alley","2,803","3","3","2/0/2","0.1230","No","$509,500","09/15/2025","$509,500"
"1","21008286","","Closed","Closed","411 Hummingbird  Lane ","07/22/2025","","Princeton","$145.02","THE HILLS OF EASTWOOD","1,925","3","2","2/0/2","0.2000","No","$279,170","09/15/2025","$279,170"
"1","20972313","","Closed","Closed","508 Southwood  Drive ","06/17/2025","","Bossier City","$138.82","Greenacres Place Sub Un 4b","1,981","4","2","2/0/2","0.2090","No","$275,000","09/15/2025","$275,000"
"1","21015570","","Closed","Closed","141 Vienne  Trace ","07/29/2025","","Haughton","$140.83","LEGACY POINTE","1,858","4","2","2/0/2","0.1500","No","$261,655","09/15/2025","$261,655"
"1","20974610","","Closed","Closed","206 Berkshire  Place ","06/19/2025","","Haughton","$160.52","Legacy Pointe","1,601","3","2","2/0/2","0.1480","No","$257,000","09/15/2025","$257,000"
"1","20859655","","Closed","Closed","266 Cycle Plant  Road ","03/10/2025","","Benton","$92.55","Rural Ward 2","1,826","3","3","0/0/0","1.3930","No","$169,000","09/15/2025","$169,000"
"1","20456720","","Closed","Closed","327 Hummingbird  Lane ","10/17/2023","","Princeton","$155.15","THE HILLS OF EASTWOOD","1,740","3","2","2/0/2","0.2200","No","$269,965","09/16/2025","$269,965"
"1","20941974","","Closed","Closed","8212 White Oak  Drive ","05/19/2025","","Haughton","$150.89","Dogwood Hills Sub","1,690","4","2","2/2/2","0.4460","No","$255,000","09/16/2025","$255,000"
"1","20971039","","Closed","Closed","161  S Cloverleaf  Drive ","06/16/2025","","Haughton","$88.36","Rural","2,320","4","3","/2/2","1.5300","No","$205,000","09/16/2025","$205,000"
"1","20908806","","Closed","Closed","511 Chandler  Street ","04/18/2025","","Minden","$44.38","Brackinnorton Sub","1,600","3","2","/0/0","0.1820","No","$71,000","09/16/2025","$71,000"
"1","21006674","","Closed","Closed","1928 Highpoint  Place ","07/21/2025","","Haughton","$174.86","Forest Hills","2,745","5","3","2/0/2","0.3790","Yes","$480,000","09/17/2025","$480,000"
"1","21025192","","Closed","Closed","1134 Green Wood  Circle ","08/07/2025","","Haughton","$175.30","Dogwood South","1,968","4","2","2/0/2","0.2600","No","$345,000","09/17/2025","$345,000"
"1","21029750","","Closed","Closed","1103 Rathbun  Street ","08/12/2025","","Minden","$119.86","Gladney Subdiv","2,211","4","2","2/0/2","0.4600","No","$265,000","09/17/2025","$265,000"
"1","20900539","","Closed","Closed","172 Bent Tree  Loop ","04/10/2025","","Haughton","$159.18","Southern Oaks #2","1,602","3","2","2/0/0","0.2180","No","$255,000","09/17/2025","$255,000"
"1","20990543","","Closed","Closed","1550 Bellevue  Road ","07/04/2025","","Haughton","$155.15","Sterling Ranch Estates 03a","1,592","3","2","2/0/2","0.6470","No","$247,000","09/17/2025","$247,000"
"1","21015670","","Closed","Closed","739 Venecia  Drive ","07/29/2025","","Bossier City","$165.26","THE COVE AT VILLAGGIO","1,461","3","2","2/0/2","0.1600","No","$241,450","09/17/2025","$241,450"
"1","20940945","","Closed","Closed","1030 Fawn  Hollow ","05/19/2025","","Bossier City","$137.65","Lakewood 03","2,906","4","3","3/0/3","0.4540","No","$400,000","09/18/2025","$400,000"
"1","21002381","","Closed","Closed","350 Hummingbird  Lane ","07/16/2025","","Princeton","$134.78","THE HILLS OF EASTWOOD","2,204","4","2","2/0/2","0.1900","No","$297,055","09/18/2025","$297,055"
"1","21021934","","Closed","Closed","5770 Gold Crest  Drive ","08/02/2025","","Bossier City","$148.02","Golden Meadows","1,770","3","2","2/0/2","0.1870","No","$262,000","09/18/2025","$262,000"
"1","20942963","","Closed","Closed","583 Northpark  Court ","05/22/2025","","Bossier City","$160.05","Greenacres Place","1,562","3","3","2/0/2","0.3750","No","$250,000","09/18/2025","$250,000"
"1","21026045","","Closed","Closed","1924 Rossie Lee  Drive ","08/07/2025","","Bossier City","$121.95","Southern Gardens Sub","1,681","3","2","1/1/1","0.2600","No","$205,000","09/18/2025","$205,000"
"1","21027490","","Closed","Closed","212 Marsh Bayou  Drive ","08/09/2025","","Bossier City","$156.93","The Preserve","3,093","4","4","2/2/2","0.2000","No","$485,397","09/19/2025","$485,397"
"1","20882285","","Closed","Closed","47 Turtle Creek  Drive ","03/26/2025","","Benton","$210.00","Turtle Creek","2,120","4","3","2/0/2","0.4100","No","$445,200","09/19/2025","$445,200"
"1","20972090","","Closed","Closed","630 Dumaine  Drive ","06/17/2025","","Bossier City","$171.16","St Charles Court Village Un 8","2,337","4","3","2/0/2","0.3490","No","$400,000","09/19/2025","$400,000"
"1","20974284","","Closed","Closed","765 Almond  Circle ","06/20/2025","","Minden","$184.07","Rural","2,049","3","3","2/0/2","3.6700","No","$377,150","09/19/2025","$377,150"
"1","21006162","","Closed","Closed","46 Crowder  Drive ","07/19/2025","","Benton","$175.07","Lost River","1,885","4","2","2/0/2","0.1410","No","$330,000","09/19/2025","$330,000"
"1","20987159","","Closed","Closed","19 Echo Ridge  Lane ","07/01/2025","","Haughton","$132.59","Country Place","2,338","5","4","2/0/2","0.4350","No","$310,000","09/19/2025","$310,000"
"1","20867765","","Closed","Closed","217 Sedgewick  Avenue ","03/25/2025","","Haughton","$167.06","Tuscany Villas","1,676","3","2","2/2/2","0.1520","No","$279,999","09/19/2025","$279,999"
"1","20972918","","Closed","Closed","623 Pine Cone  Drive ","06/17/2025","","Haughton","$146.73","Tall Timbers Sub","1,806","4","2","3/0/3","1.0000","No","$265,000","09/19/2025","$265,000"
"1","21058070","","Closed","Closed","160 Valley View  Street ","09/11/2025","","Minden","$140.65","Timberline","1,813","3","3","3/0/3","2.5300","No","$255,000","09/19/2025","$255,000"
"1","20985416","","Closed","Closed","6013 Sandalwood  Drive ","06/30/2025","","Bossier City","$158.09","LAFAYETTE PARK AREA 5","1,594","3","2","2/2/2","0.1450","No","$252,000","09/19/2025","$252,000"
"1","21037927","","Closed","Closed","5193 Tara  Lane ","08/22/2025","","Bossier City","$140.08","Oak Creek","1,749","4","2","2/0/2","6,416.0000","No","$245,000","09/19/2025","$245,000"
"1","20996675","","Closed","Closed","8044 Fernwood  Circle ","07/10/2025","","Haughton","$114.79","Dogwood Park Sub","2,117","2","3","2/0/2","0.3870","Yes","$243,000","09/19/2025","$243,000"
"1","21024485","","Closed","Closed","438 Cross  Drive ","08/13/2025","","Haughton","$151.65","Fox Xing Ph 03","1,516","3","2","2/0/2","0.2230","No","$229,900","09/19/2025","$229,900"
"1","21032870","","Closed","Closed","212 Sherwood  Lane ","08/15/2025","","Haughton","$135.55","Country Place Sub","1,623","3","2","0/0/0","0.2310","Yes","$220,000","09/19/2025","$220,000"
"1","20984247","","Closed","Closed","2514 Fieldwood  Circle ","06/28/2025","","Bossier City","$78.69","Brownlee Estate","2,351","3","2","2/0/2","0.3590","No","$185,000","09/19/2025","$185,000"
"1","21038242","","Closed","Closed","207 Red River  Street ","08/20/2025","","Benton","$75.64","NA","2,188","2","3","2/0/2","0.5280","No","$165,500","09/19/2025","$165,500"
"501","21005371","","Closed","Closed","1141 Schex  Drive ","07/18/2025","","Bossier City","$64.79","Schex Place","1,389","3","1","/0/0","0.2820","No","$90,000","09/19/2025","$90,000"
"501","21005702","","Closed","Closed","219 Swint  Road ","07/18/2025","","Arcadia","$45.31","Rural","1,876","2","2","/2/2","4.8500","No","$85,000","09/19/2025","$85,000"
"501","20850677","","Closed","Closed","223 Peregrine  Way ","02/21/2025","","Bossier City","$185.21","Estates at The Preserve Un #2","2,915","4","3","3/3/3","0.2140","No","$539,900","09/22/2025","$539,900"
"501","20904944","","Closed","Closed","218 Jasmine  Walk ","04/15/2025","","Bossier City","$187.28","Crossing at Wemple","1,949","3","2","2/0/2","0.1020","No","$365,000","09/22/2025","$365,000"
"501","20988230","","Closed","Closed","8 Sterling Ranch  Road  N ","07/02/2025","","Haughton","$144.86","Sterling Ranch Estate","2,209","4","3","4/0/4","1.0010","No","$320,000","09/22/2025","$320,000"
"501","20835507","","Closed","Closed","934 Maize  Street ","04/11/2025","","Bossier City","$161.62","Cypress Bend","1,893","3","2","2/0/2","0.2980","No","$305,950","09/22/2025","$305,950"
"501","21018750","","Closed","Closed","489 Blanchard  Loop ","07/31/2025","","Bossier City","$141.29","CANES LANDING","2,141","3","2","2/0/2","0.2000","No","$302,495","09/22/2025","$302,495"
"501","20867174","","Closed","Closed","36 Legacy  Court ","03/21/2025","","Haughton","$146.91","Olde Oaks","2,042","3","3","2/0/2","7,512.0000","No","$300,000","09/22/2025","$300,000"
"501","21009264","","Closed","Closed","480 Blanchard  Loop ","07/23/2025","","Bossier City","$148.54","CANES LANDING","1,848","3","2","2/0/2","0.1600","No","$274,500","09/22/2025","$274,500"
"501","21017135","","Closed","Closed","143 Vienne  Trace ","07/30/2025","","Haughton","$158.52","LEGACY POINTE","1,495","3","2","2/0/2","0.1500","No","$236,985","09/22/2025","$236,985"
"501","20721157","","Closed","Closed","25815 Highway 157 ","09/05/2024","","Shongaloo","$90.60","none","2,160","3","2","2/2/4","1.4900","No","$195,700","09/22/2025","$195,700"
"501","21026374","","Closed","Closed","4809 Sullivan  Street ","08/08/2025","","Bossier City","$75.89","Swan Lake Sub","1,186","3","2","/1/1","0.1960","No","$90,000","09/22/2025","$90,000"
"501","20995301","","Closed","Closed","407 8th  Street  SE ","07/10/2025","","Springhill","$65.73","Haynes J J Sub","1,065","2","1","/1/1","0.2580","No","$70,000","09/22/2025","$70,000"
"501","21016296","","Closed","Closed","203 North  Street ","07/30/2025","","Springhill","$48.73","Frost Lbr Ind Inc N2 Of Nw","1,026","2","1","2/2/2","0.2930","No","$50,000","09/22/2025","$50,000"
"501","20864944","","Closed","Closed","6219  E Texas  Street ","03/07/2025","","Bossier City","$37.01","Pepper Point","1,216","3","2","/0/0","0.1000","No","$45,000","09/22/2025","$45,000"
"501","21018959","","Closed","Closed","201 North  Street ","07/31/2025","","Springhill","$34.70","Frost Lbr Ind Inc N-2 Of Nw","1,297","3","2","2/0/2","0.2930","No","$45,000","09/22/2025","$45,000"
"501","21000637","","Closed","Closed","210 Butler Hill  Road ","07/15/2025","","Benton","$178.57","Cypress Xing","4,200","4","4","/2/2","3.8640","Yes","$750,000","09/23/2025","$750,000"
"501","21001195","","Closed","Closed","720 Esau  Avenue ","07/15/2025","","Bossier City","$150.63","Canes Landing","1,892","3","2","2/0/1","0.1780","No","$285,000","09/23/2025","$285,000"
"501","20964469","","Closed","Closed","2505 Ormond  Place ","06/10/2025","","Bossier City","$62.99","Greenacres Sub #3","1,794","4","2","/0/0","0.2390","No","$113,000","09/23/2025","$113,000"
"501","20856998","","Closed","Closed","612 Kari  Creek ","02/28/2025","","Bossier City","$135.26","Lakewood Sub","3,290","4","4","3/0/3","1.0200","No","$445,000","09/24/2025","$445,000"
"501","20995065","","Closed","Closed","142 Cullom  Drive ","07/23/2025","","Bossier City","$165.83","The Preserve","1,984","3","2","2/0/2","0.1830","No","$329,000","09/25/2025","$329,000"
"501","21025991","","Closed","Closed","208 East & West  Street ","08/07/2025","","Minden","$138.18","Seminary Hill","1,954","3","2","/2/2","0.3100","No","$270,000","09/25/2025","$270,000"
"501","21025299","","Closed","Closed","326 Hendry  Drive ","08/07/2025","","Bossier City","$164.29","WILLOW HEIGHTS","1,561","3","2","2/0/2","0.1800","No","$256,455","09/25/2025","$256,455"
"501","21036095","","Closed","Closed","624 Lewisville  Road ","08/18/2025","","Minden","$95.06","Webb Place","1,841","3","3","0/1/1","1.0510","No","$175,000","09/25/2025","$175,000"
"501","20978462","","Closed","Closed","627 Dumaine  Drive ","06/25/2025","","Bossier City","$208.62","St Charles Court","2,900","4","3","2/0/2","0.2570","No","$605,000","09/26/2025","$605,000"
"501","21006569","","Closed","Closed","3260  E Linton  Road ","07/21/2025","","Benton","$209.84","Rural","2,144","3","2","/2/2","20.0000","No","$449,900","09/26/2025","$449,900"
"501","20978366","","Closed","Closed","700 Dumaine  Drive ","06/23/2025","","Bossier City","$169.59","St. Charles Court","2,506","4","3","2/0/2","0.2780","No","$425,000","09/26/2025","$425,000"
"501","21024014","","Closed","Closed","48 Turnbury  Drive ","08/08/2025","","Bossier City","$160.18","Stonebridge Sub","2,391","3","3","3/0/3","0.2080","Yes","$383,000","09/26/2025","$383,000"
"501","21013640","","Closed","Closed","524 Tupelo  Drive ","07/26/2025","","Bossier City","$179.91","Cypress Bend","1,862","3","3","2/0/2","0.2050","Yes","$335,000","09/26/2025","$335,000"
"501","21038806","","Closed","Closed","608 Jade  Circle ","08/22/2025","","Haughton","$177.95","Cornerstone 02","1,787","4","2","2/0/2","0.2900","No","$318,000","09/26/2025","$318,000"
"501","20956466","","Closed","Closed","485 Long Acre  Drive ","06/16/2025","","Bossier City","$178.98","The Village at Tiburon","1,732","3","2","2/0/2","0.2317","No","$310,000","09/26/2025","$310,000"
"501","20937822","","Closed","Closed","1112 Antietam  Circle ","05/15/2025","","Bossier City","$115.98","Gardens Southgate #12","2,535","4","3","3/0/3","0.2900","No","$294,000","09/26/2025","$294,000"
"501","20885191","","Closed","Closed","111 Red Fox  Circle ","05/07/2025","","Haughton","$159.45","Dogwood South Resub 04-A","1,724","4","2","2/2/2","0.1760","No","$274,900","09/26/2025","$274,900"
"501","20942209","","Closed","Closed","385 Hummingbird  Lane ","05/20/2025","","Princeton","$154.35","THE HILLS OF EASTWOOD","1,740","3","2","2/0/2","0.3000","No","$268,570","09/26/2025","$268,570"
"501","20913687","","Closed","Closed","742 Bella Vista  Road ","04/23/2025","","Homer","$134.74","Bella Vista #1","1,900","3","2","/2/2","0.5790","No","$256,000","09/26/2025","$256,000"
"501","20989935","","Closed","Closed","2412 Stockwell  Road ","07/02/2025","","Bossier City","$105.14","Stockwell Place","2,140","4","3","0/0/0","0.2240","No","$225,000","09/26/2025","$225,000"
"501","20965193","","Closed","Closed","8517 Woodhill  Lane ","06/10/2025","","Haughton","$146.33","Dogwood Park Sub","1,500","3","2","2/0/2","0.2220","No","$219,500","09/26/2025","$219,500"
"501","21038642","","Closed","Closed","2522 La Vonne  Circle ","08/22/2025","","Bossier City","$142.81","Greenacres","1,523","3","2","2/0/2","0.2065","No","$217,500","09/26/2025","$217,500"
"501","20976512","","Closed","Closed","110 Woodcrest  Drive ","06/21/2025","","Haughton","$100.00","Crestwood Heights Sub","2,100","3","2","2/0/2","0.6740","Yes","$210,000","09/26/2025","$210,000"
"501","21045149","","Closed","Closed","1650 Holiday  Place ","08/28/2025","","Bossier City","$144.37","Bellaire Sub","1,039","3","1","/1/1","0.1930","No","$150,000","09/26/2025","$150,000"
"501","20975634","","Closed","Closed","624 Horton ","06/19/2025","","Minden","$125.45","BROWN, L. T. SUBDV","1,100","3","1","0/1/1","1,200.0000","No","$138,000","09/26/2025","$138,000"
"501","21066999","","Closed","Closed","511 Lakeshore  Drive ","09/22/2025","","Minden","$108.14","Lakeside","1,130","3","1","/1/1","13,513.6000","No","$122,200","09/26/2025","$122,200"
"501","20915589","","Closed","Closed","513 Torbet  Drive #B ","04/25/2025","","Homer","$79.43","Western Woods","1,045","3","2","/1/1","0.3060","No","$83,000","09/26/2025","$83,000"
"501","21022945","","Closed","Closed","1945 Leeward  Cove ","08/22/2025","","Benton","$288.50","Cypress Village","4,766","4","5","5/0/5","2.3000","Yes","$1,375,000","09/29/2025","$1,375,000"
"501","21020670","","Closed","Closed","1015 Fawn  Hollow ","08/02/2025","","Bossier City","$153.44","Lakewood 07","2,835","5","4","0/3/3","0.4870","No","$435,000","09/29/2025","$435,000"
"501","20988029","","Closed","Closed","5025 Willow Chase  Drive ","07/02/2025","","Benton","$174.11","Woodlake South Un #8","2,468","4","3","2/0/2","0.4590","No","$429,700","09/29/2025","$429,700"
"501","20976243","","Closed","Closed","213 Bluebird  Lane ","06/20/2025","","Homer","$173.12","Garrett Whitehurst","2,426","3","3","/2/2","1.1060","No","$420,000","09/29/2025","$420,000"
"501","21072293","","Closed","Closed","200 Marsh Bayou ","09/29/2025","","Bossier City","$180.07","RETREAT AT THE PRESERVE","1,910","4","2","2/2/2","0.3000","No","$343,929","09/29/2025","$343,929"
"501","21024107","","Closed","Closed","1365 Quincy  Drive ","08/06/2025","","Bossier City","$177.90","Rosedale Place","1,855","3","2","2/0/2","0.1780","No","$330,000","09/29/2025","$330,000"
"501","21072297","","Closed","Closed","307 Prien Lake  Loop ","09/29/2025","","Bossier City","$188.48","Edgewater Pass Un #1 Ph 1","1,705","4","2","2/2/2","0.1760","No","$321,365","09/29/2025","$321,365"
"501","21012351","","Closed","Closed","175 Jamestowne  Boulevard ","07/23/2025","","Benton","$190.97","Jamestowne","1,667","3","2","2/0/2","0.1800","No","$318,350","09/29/2025","$318,350"
"501","21007018","","Closed","Closed","1200 Dry Creek ","07/21/2025","","Haughton","$168.67","Spring Creek Sub","1,867","3","3","2/0/2","0.5237","No","$314,900","09/29/2025","$314,900"
"501","20964696","","Closed","Closed","181 Bent Tree  Loop ","06/10/2025","","Haughton","$152.20","Southern Oaks #2","1,774","4","2","2/0/2","0.2080","No","$270,000","09/29/2025","$270,000"
"501","21006494","","Closed","Closed","906 Maize  Street ","08/13/2025","","Bossier City","$150.60","Cypress Bend","1,660","3","2","2/0/2","7,823.0000","No","$250,000","09/29/2025","$250,000"
"501","21002681","","Closed","Closed","1710 San Saba  Street ","07/16/2025","","Bossier City","$120.72","Shady Grove Sub #2","1,491","3","2","/2/1","0.1930","No","$180,000","09/29/2025","$180,000"
"501","21028266","","Closed","Closed","107 Holly  Street ","08/11/2025","","Homer","$94.34","Western Woods # 3","1,537","3","2","/2/2","0.3790","No","$145,000","09/29/2025","$145,000"
"501","21013758","","Closed","Closed","339 Princeton  Road ","07/21/2025","","Princeton","$124.01","Rural","1,008","2","1","/1/1","0.8300","No","$125,000","09/29/2025","$125,000"
"501","20950486","","Closed","Closed","775 Duckwater  Landing ","05/28/2025","","Bossier City","$211.18","Duckwater Lndg Sub Un 1","2,486","4","3","2/0/2","0.3820","No","$525,000","09/30/2025","$525,000"
"501","21000155","","Closed","Closed","173 Formby  Drive ","07/14/2025","","Benton","$171.70","Benton Park Sub","2,650","4","4","2/0/2","1.1390","No","$455,000","09/30/2025","$455,000"
"501","21037891","","Closed","Closed","138 Brimestone  Loop ","08/21/2025","","Benton","$143.38","Lost River","2,720","5","3","2/0/2","0.2510","No","$390,000","09/30/2025","$390,000"
"501","21074531","","Closed","Closed","300 Prien Lake Loop ","09/30/2025","","Bossier City","$173.37","Edgewater Pass","2,004","3","2","2/0/1","0.2500","No","$347,439","09/30/2025","$347,439"
"501","21022735","","Closed","Closed","312 Hendry  Drive ","08/05/2025","","Bossier City","$147.26","WILLOW HEIGHTS","1,848","3","2","2/0/2","0.1300","No","$272,145","09/30/2025","$272,145"
"501","20911018","","Closed","Closed","143 Lola  Circle ","04/21/2025","","Benton","$166.33","Mckenzie Place","1,467","3","2","2/0/2","0.1650","No","$244,000","09/30/2025","$244,000"
"501","20875844","","Closed","Closed","427 Zinfandel  Place ","03/19/2025","","Haughton","$159.59","LEGACY POINTE","1,522","3","2","2/0/2","0.1500","No","$242,895","09/30/2025","$242,895"
"501","20979300","","Closed","Closed","1835 Andy  Circle ","07/11/2025","","Bossier City","$155.42","River Bend","1,512","3","2","2/0/2","0.1640","No","$235,000","09/30/2025","$235,000"
"501","21049267","","Closed","Closed","1441 Williamsburg  Drive ","09/03/2025","","Bossier City","$152.38","Northgate Village Un 3a","1,470","3","2","2/2/2","0.1390","No","$224,000","09/30/2025","$224,000"
"501","21037439","","Closed","Closed","2634 Doe Ridge  Drive ","08/20/2025","","Haughton","$154.37","Dogwood Park Sub","1,328","3","2","1/0/0","0.1890","No","$205,000","09/30/2025","$205,000"
"501","21028810","","Closed","Closed","1817 Pollyanna  Street ","08/11/2025","","Bossier City","$134.25","Shady Grove","1,340","3","2","/0/0","0.2070","No","$179,900","09/30/2025","$179,900"
"501","20938276","","Closed","Closed","402 Avenida  Drive ","05/16/2025","","Haughton","$128.59","Espanita Village Sub","1,392","4","2","2/0/2","0.4750","No","$179,000","09/30/2025","$179,000"
"501","21024930","","Closed","Closed","1108 Rathbun ","08/06/2025","","Minden","$146.42","Glendale","1,144","3","1","/2/2","0.5700","No","$167,500","09/30/2025","$167,500"
"501","20999756","","Closed","Closed","1319 Norris  Drive ","07/14/2025","","Bossier City","$124.06","Meadowview Park Sub","1,109","3","1","/1/1","0.1560","No","$137,582","09/30/2025","$137,582"
"501","21024840","","Closed","Closed","4610 Voss  Drive ","08/06/2025","","Bossier City","$111.01","Meadowview Park #2","1,126","3","2","/0/0","0.3610","No","$125,000","09/30/2025","$125,000"
"501","20976222","","Closed","Closed","113 Sherman  Drive ","06/20/2025","","Springhill","$74.07","Woodlawn Sub","1,620","3","2","0/2/2","0.2790","No","$120,000","09/30/2025","$120,000"
"501","21074324","","Closed","Closed","214 Espanita  Boulevard ","09/29/2025","","Haughton","$36.01","Espanita Forest Sub","2,083","3","2","/0/0","0.2720","No","$75,000","09/30/2025","$75,000"
"501","21073755","","Closed","Closed","221 Ferry Lake  Drive ","09/30/2025","","Bossier City","$180.42","Edgewater Pass","1,984","3","2","2/2/2","0.3000","No","$357,950","10/01/2025","$357,950"
"501","21037890","","Closed","Closed","5395 Bluebell  Drive ","08/20/2025","","Bossier City","$156.88","Golden Meadows","1,823","3","2","2/2/2","0.2250","No","$286,000","10/01/2025","$286,000"
"501","20942156","","Closed","Closed","381 Hummingbird  Lane ","05/20/2025","","Princeton","$145.76","THE HILLS OF EASTWOOD","1,892","3","2","2/0/2","0.2000","No","$275,785","10/01/2025","$275,785"
"501","21021422","","Closed","Closed","311 Hendry  Drive ","08/04/2025","","Bossier City","$144.38","WILLOW HEIGHTS","1,848","3","2","2/0/2","0.1300","No","$266,805","10/01/2025","$266,805"
"501","20996260","","Closed","Closed","5845 Bluebonnett  Drive ","07/10/2025","","Bossier City","$152.57","Golden Mdws 21","1,632","3","2","2/0/2","0.2062","No","$249,000","10/01/2025","$249,000"
"501","20987267","","Closed","Closed","543 Pebble  Drive ","08/22/2025","","Haughton","$192.88","Cornerstone","2,177","4","3","3/0/3","0.4590","No","$419,900","10/02/2025","$419,900"
"501","20997600","","Closed","Closed","111  S Colbert  Drive ","07/11/2025","","Minden","$112.12","Smithwood Sub","3,300","5","3","0/0/0","3.8550","No","$370,000","10/02/2025","$370,000"
"501","20880901","","Closed","Closed","918 Hackberry  Drive ","03/25/2025","","Bossier City","$135.78","Willow Heights","2,099","3","3","2/0/0","0.1560","No","$285,000","10/02/2025","$285,000"
"501","20892648","","Closed","Closed","311 East And West  Street ","04/03/2025","","Minden","$59.78","Minden Historical District","4,600","5","3","3/3/3","0.3800","No","$275,000","10/02/2025","$275,000"
"501","21045375","","Closed","Closed","4558 Pine Crest  Drive ","08/28/2025","","Haughton","$101.99","Melville Place","1,206","3","2","/1/1","0.1670","No","$123,000","10/02/2025","$123,000"
"501","20807605","","Closed","Closed","103 Sitka  Loop ","01/02/2025","","Haughton","$198.08","Pin Oak Landing","2,499","4","3","2/0/2","0.3500","No","$495,000","10/03/2025","$495,000"
"501","21028628","","Closed","Closed","332 Hendry  Drive ","08/11/2025","","Bossier City","$152.74","WILLOW HEIGHTS","1,851","4","3","2/0/2","0.1100","No","$282,730","10/03/2025","$282,730"
"501","21031032","","Closed","Closed","310 Hendry  Drive ","08/13/2025","","Bossier City","$150.67","WILLOW HEIGHTS","1,780","3","2","2/0/2","0.1300","No","$268,195","10/03/2025","$268,195"
"501","21056635","","Closed","Closed","1777 Airport  Loop ","09/10/2025","","Homer","$126.68","D'Arbonne Beaver #1","1,855","3","1","0/1/1","0.4260","No","$235,000","10/03/2025","$235,000"
"501","20983084","","Closed","Closed","2514 Deanie  Lane ","06/26/2025","","Bossier City","$112.02","Greenacres Sub","1,964","3","2","2/0/2","0.2860","No","$220,000","10/03/2025","$220,000"
"501","21037770","","Closed","Closed","2610 Village  Lane ","08/22/2025","","Bossier City","$115.21","Village Square Sub","1,519","3","2","/2/2","0.0590","No","$175,000","10/03/2025","$175,000"
"501","21055973","","Closed","Closed","509 10th  Street  NE ","09/10/2025","","Springhill","$86.12","Rainbow Estate Sub","1,974","2","2","2/2/4","0.4320","Yes","$170,000","10/03/2025","$170,000"
"501","21028354","","Closed","Closed","215 Westerfield  Street ","08/11/2025","","Bossier City","$108.90","Williamine Sub","1,460","3","2","/1/1","10,255.0000","No","$159,000","10/03/2025","$159,000"
"501","21001243","","Closed","Closed","410 Fort  Street ","07/17/2025","","Minden","$75.52","Fort Street","1,589","3","3","/1/1","0.3310","No","$120,000","10/03/2025","$120,000"
"501","21044568","","Closed","Closed","1013 Peyton  Avenue ","08/28/2025","","Benton","$63.62","Annie Lou Heights","1,509","3","2","0/0/0","0.2790","No","$96,000","10/03/2025","$96,000"
"501","20937179","","Closed","Closed","562 E.Trails End ","05/15/2025","","Haughton","$20.81","Haughton","1,826","4","2","0/0/0","0.5600","No","$38,000","10/03/2025","$38,000"
"501","20969178","","Closed","Closed","4109 Ashford  Circle ","06/13/2025","","Benton","$230.32","Woodlake South Sub","2,388","4","3","3/0/3","0.7230","No","$550,000","10/06/2025","$550,000"
"501","20990657","","Closed","Closed","2564 Downs  Circle ","07/03/2025","","Bossier City","$131.52","Portion Of Brownlee Estate","1,786","3","2","2/0/2","0.1890","No","$234,900","10/06/2025","$234,900"
"501","21034559","","Closed","Closed","2150 Twin Lake Drive ","08/16/2025","","Benton","$83.26","Twin Lake Estates","1,541","3","2","1/0/1","0.8000","No","$128,300","10/06/2025","$128,300"
"501","21053397","","Closed","Closed","4817 Orchid  Circle ","09/12/2025","","Bossier City","$113.22","Swan Lake Sub","1,006","3","2","/2/0","0.1400","No","$113,900","10/06/2025","$113,900"
"501","21015664","","Closed","Closed","813 Limestone  Drive ","07/29/2025","","Haughton","$171.61","Cornerstone Sub Un #3","2,073","4","3","2/0/2","0.4440","No","$355,750","10/07/2025","$355,750"
"501","21037822","","Closed","Closed","1808 Leslie ","08/20/2025","","Bossier City","$111.36","Glendale #4","1,338","3","2","0/0/0","0.1500","No","$149,000","10/07/2025","$149,000"
"501","20989948","","Closed","Closed","713  NW 10th  Street ","07/03/2025","","Springhill","$58.05","Ober Place","2,131","3","2","0/2/2","0.3090","No","$123,700","10/07/2025","$123,700"
"501","21036583","","Closed","Closed","204  W McKinley ","08/19/2025","","Haughton","$27.41","K & S Subdv","912","1","1","/0/0","0.1700","No","$25,000","10/07/2025","$25,000"
"501","21082024","","Closed","Closed","208 Tidewater  Circle ","10/08/2025","","Bossier City","$230.16","Canal Place","2,520","4","3","3/0/3","0.2700","No","$580,000","10/08/2025","$580,000"
"501","21004211","","Closed","Closed","3414 Grand Bayou  Drive ","07/18/2025","","Bossier City","$173.45","Legacy","1,352","3","2","2/0/2","6,240.0000","No","$234,500","10/08/2025","$234,500"
"501","21053217","","Closed","Closed","347 Gaston  Lane ","09/06/2025","","Bossier City","$139.75","SAVANNAH PLACE","1,288","3","2","2/0/2","0.1400","No","$180,000","10/08/2025","$180,000"
"501","20953381","","Closed","Closed","927 Blair  Crossing ","05/30/2025","","Bossier City","$174.01","Lakewood #8","3,132","4","4","3/0/3","0.4670","Yes","$545,000","10/09/2025","$545,000"
"501","20901728","","Closed","Closed","2843 Sunrise  Point ","05/10/2025","","Haughton","$178.53","FOREST HILLS","2,156","4","3","2/0/2","0.3870","No","$384,900","10/09/2025","$384,900"
"501","21041396","","Closed","Closed","1784 Turning Leaf  Trail ","08/26/2025","","Haughton","$146.67","Forest Hills Sub","2,250","4","2","2/0/2","0.3720","Yes","$330,000","10/09/2025","$330,000"
"501","21011421","","Closed","Closed","119 Summit  Drive ","07/24/2025","","Bossier City","$142.52","Greenacres Place 09","2,105","4","2","2/0/2","0.3340","No","$300,000","10/09/2025","$300,000"
"501","21015394","","Closed","Closed","4229 Parkridge  Drive ","08/07/2025","","Benton","$157.67","Palmetto Park 05","1,890","3","2","2/0/2","0.2090","No","$298,000","10/09/2025","$298,000"
"501","21023874","","Closed","Closed","102 Hanging Moss  Drive ","08/06/2025","","Benton","$115.16","Bay Hills","2,388","3","3","2/0/2","0.1400","No","$275,000","10/09/2025","$275,000"
"501","21040453","","Closed","Closed","314 Peachwood  Circle ","08/22/2025","","Haughton","$172.41","Dogwood South","1,508","3","2","2/0/2","0.1980","No","$260,000","10/09/2025","$260,000"
"501","21037680","","Closed","Closed","312 Lake  Road ","08/20/2025","","Plain Dealing","$116.04","Lake Road","1,982","4","2","0/0/0","0.8410","No","$230,000","10/09/2025","$230,000"
"501","21061560","","Closed","Closed","2383 Julia  Street ","09/16/2025","","Bossier City","$57.59","Fertile Gardens 02","1,476","3","2","/1/1","0.2430","No","$85,000","10/09/2025","$85,000"
"501","20996619","","Closed","Closed","204 Nightfall  Court ","07/10/2025","","Bossier City","$275.46","Provident Oaks","2,995","4","4","3/0/3","0.3100","Yes","$825,000","10/10/2025","$825,000"
"501","20950727","","Closed","Closed","39 Turtle Creek  Drive ","05/28/2025","","Benton","$210.90","Turtle Creek","2,219","4","3","2/0/2","0.4440","No","$467,990","10/10/2025","$467,990"
"501","21039248","","Closed","Closed","6021 Parliament  Drive ","09/06/2025","","Bossier City","$131.74","Carriage Oaks Xing","3,078","4","3","3/0/3","0.7500","Yes","$405,500","10/10/2025","$405,500"
"501","21047652","","Closed","Closed","205 Ridgefield  Drive ","09/01/2025","","Bossier City","$153.43","Lakewood","2,216","4","2","2/0/2","0.4900","No","$340,000","10/10/2025","$340,000"
"501","21032454","","Closed","Closed","4497 Highway 163  Highway ","08/14/2025","","Doyline","$117.47","Palmetto Beach Estate","2,553","3","3","2/2/2","2.5950","No","$299,900","10/10/2025","$299,900"
"501","21014717","","Closed","Closed","8701 Dogwood  Trail ","08/01/2025","","Haughton","$136.28","Dogwood Park 03","2,084","4","2","2/0/2","0.4880","No","$284,000","10/10/2025","$284,000"
"501","20957589","","Closed","Closed","6008 Pepperwood  Circle ","06/06/2025","","Bossier City","$142.96","Stockwell Place","1,853","3","2","2/0/2","0.2010","No","$264,900","10/10/2025","$264,900"
"501","20951776","","Closed","Closed","175 Roach  Road ","05/29/2025","","Doyline","$87.05","Bistineau Terrace","2,240","5","3","/0/0","1.1450","No","$195,000","10/10/2025","$195,000"
"501","20910566","","Closed","Closed","4109 Glen  Street ","04/21/2025","","Bossier City","$118.60","Shady Grove","1,500","3","2","0/0/0","0.2070","No","$177,900","10/10/2025","$177,900"
"501","21012826","","Closed","Closed","608 Tillman  Drive ","07/25/2025","","Minden","$91.33","tillman","1,500","4","2","/1/1","0.1800","No","$137,000","10/10/2025","$137,000"
"501","21020329","","Closed","Closed","1245 Dudley  Lane ","08/10/2025","","Bossier City","$71.17","Gresham Green","1,096","3","1","1/0/1","0.2680","No","$78,000","10/10/2025","$78,000"
"501","21063068","","Closed","Closed","200 Ridgefield ","09/16/2025","","Bossier City","$165.71","Lakewood","2,444","4","2","2/0/2","0.5200","No","$405,000","10/13/2025","$405,000"
"501","21003583","","Closed","Closed","303 Hendry  Drive ","07/17/2025","","Bossier City","$140.67","WILLOW HEIGHTS","2,092","4","3","2/0/2","0.1900","No","$294,274","10/14/2025","$294,274"
"501","21037487","","Closed","Closed","156 Vienne  Trace ","08/20/2025","","Haughton","$149.92","LEGACY POINTE","1,689","3","2","2/0/2","0.1500","No","$253,220","10/14/2025","$253,220"
"501","20526995","","Closed","Closed","458 Antrim  Road ","03/18/2024","","Plain Dealing","$85.37","Rual","1,347","3","2","1/1/2","0.9800","No","$115,000","10/14/2025","$115,000"
"501","20954428","","Closed","Closed","12730 Highway 159 ","05/28/2025","","Shongaloo","$67.36","none","1,210","2","1","/2/2","1.2600","No","$81,500","10/14/2025","$81,500"
"501","21073184","","Closed","Closed","3105 Donald  Drive ","09/29/2025","","Bossier City","$48.00","Coleman Park","1,250","2","1","0/0/0","0.2370","No","$60,000","10/14/2025","$60,000"
"501","20865377","","Closed","Closed","5042 Linton Cutoff  Road ","03/11/2025","","Benton","$192.85","Northpointe Estate","2,826","5","3","2/0/2","1.1860","Yes","$545,000","10/15/2025","$545,000"
"501","20906576","","Closed","Closed","461 Preserve  Boulevard ","04/16/2025","","Bossier City","$183.57","The Preserve","1,806","3","2","2/0/2","8,537.0000","No","$331,522","10/15/2025","$331,522"
"501","21039858","","Closed","Closed","873 Springhill Airport  Road ","08/22/2025","","Springhill","$148.15","NA","2,025","3","2","/2/2","13.1400","No","$300,000","10/15/2025","$300,000"
"501","21040577","","Closed","Closed","5000 Longstreet  Place ","08/22/2025","","Bossier City","$161.31","Southgate Estates","1,711","3","2","2/0/2","0.2460","Yes","$276,000","10/15/2025","$276,000"
"501","21024798","","Closed","Closed","395 Coppice  Place ","08/06/2025","","Bossier City","$164.13","Willow Heights Un #2","1,642","3","2","2/2/2","0.1340","No","$269,500","10/15/2025","$269,500"
"501","21007869","","Closed","Closed","327 Hendry  Drive ","07/22/2025","","Bossier City","$144.54","WILLOW HEIGHTS","1,848","3","2","2/0/2","0.1300","No","$267,115","10/15/2025","$267,115"
"501","20955583","","Closed","Closed","819 Tillman  Drive ","06/02/2025","","Minden","$85.94","HILLCREST","1,245","3","1","/1/1","0.0000","No","$107,000","10/15/2025","$107,000"
"501","20950744","","Closed","Closed","45 Turtle Creek  Drive ","05/28/2025","","Benton","$214.08","Turtle Creek","2,373","4","3","2/0/2","0.2600","No","$508,000","10/16/2025","$508,000"
"501","21025213","","Closed","Closed","1103 Calle Lago  Court ","08/11/2025","","Bossier City","$195.66","Waterford Lake","2,555","5","3","2/0/2","0.3570","No","$499,900","10/16/2025","$499,900"
"501","21043671","","Closed","Closed","102  S Meadow  Lane ","08/27/2025","","Haughton","$122.13","Country Place Sub","2,178","3","3","3/0/3","0.1540","No","$266,000","10/16/2025","$266,000"
"501","20905361","","Closed","Closed","208 Avondale  Lane ","04/19/2025","","Bossier City","$133.20","Savannah Place","1,952","4","2","2/0/2","0.1520","No","$260,000","10/16/2025","$260,000"
"501","21052361","","Closed","Closed","3510 Grand Cane  Lane ","09/05/2025","","Bossier City","$165.90","Redwood Place Legacy 02","1,296","3","2","2/0/2","0.1380","No","$215,000","10/16/2025","$215,000"
"501","20848838","","Closed","Closed","115 Beaver  Point ","02/19/2025","","Homer","$128.91","Beaver Point Estates","1,280","3","2","/0/1","0.4660","No","$165,000","10/16/2025","$165,000"
"501","21070626","","Closed","Closed","5 Meadow Creek  Drive ","09/26/2025","","Bossier City","$157.47","no","870","2","1","1/0/0","0.0200","No","$137,000","10/16/2025","$137,000"
"501","21062507","","Closed","Closed","4853 Lilac  Circle ","09/23/2025","","Bossier City","$108.59","Swan Lake Sub","1,013","3","2","0/1/1","0.2270","No","$110,000","10/16/2025","$110,000"
"501","20910182","","Closed","Closed","2454 Barbara  Street ","04/21/2025","","Bossier City","$11.21","Airport Anx","1,784","2","1","/0/0","0.2040","No","$20,000","10/16/2025","$20,000"
"501","20910308","","Closed","Closed","2464 Barbara ","04/21/2025","","Bossier City","$23.53","Airport Anx","850","2","1","/0/0","0.1200","No","$20,000","10/16/2025","$20,000"
"501","20724064","","Closed","Closed","113 Antrim  Road ","09/09/2024","","Plain Dealing","$346.25","Rural","2,917","4","3","2/0/2","39.0000","No","$1,010,000","10/17/2025","$1,010,000"
"501","20780037","","Closed","Closed","213 Horseguards  Avenue ","11/17/2024","","Bossier City","$153.98","Tiburon","3,890","4","4","3/0/3","0.3100","No","$599,000","10/17/2025","$599,000"
"501","21063729","","Closed","Closed","349 Newport  Lane ","09/18/2025","","Benton","$178.49","Jamestowne","2,325","4","3","2/0/2","0.3720","No","$415,000","10/17/2025","$415,000"
"501","21052289","","Closed","Closed","230 Marsh Bayou Drive  Drive ","09/05/2025","","Bossier City","$180.23","The Preserve","1,957","4","2","2/0/2","10,458.0000","No","$352,715","10/17/2025","$352,715"
"501","21068946","","Closed","Closed","317 Montrose ","09/22/2025","","Bossier City","$166.03","village at Tiburon","2,078","3","3","3/0/3","0.4300","No","$345,000","10/17/2025","$345,000"
"501","20997188","","Closed","Closed","2071 Bellevue  Road ","07/11/2025","","Haughton","$161.66","Bellevue Sub","1,964","3","2","2/0/2","1.2600","No","$317,500","10/17/2025","$317,500"
"501","21033465","","Closed","Closed","305 Hendry  Drive ","08/15/2025","","Bossier City","$147.73","WILLOW HEIGHTS","1,848","3","2","2/0/2","0.1300","No","$273,000","10/17/2025","$273,000"
"501","21054787","","Closed","Closed","210 Sherwood  Drive ","09/08/2025","","Benton","$162.69","Palmetto Park 07","1,659","3","2","2/0/2","0.2010","No","$269,900","10/17/2025","$269,900"
"501","20980958","","Closed","Closed","4409 Parkridge  Drive ","06/25/2025","","Benton","$139.36","Palmetto Park Sub","1,898","3","2","2/1/3","0.3800","No","$264,500","10/17/2025","$264,500"
"501","20970559","","Closed","Closed","1101 Bear Creek  Drive ","06/19/2025","","Haughton","$160.20","Spring Creek Sub","1,623","4","2","2/2/2","0.3840","No","$260,000","10/17/2025","$260,000"
"501","21044095","","Closed","Closed","138 Satinwood  Circle ","08/29/2025","","Haughton","$169.47","Dogwood South 07","1,451","3","2","2/0/2","0.1940","No","$245,900","10/17/2025","$245,900"
"501","21046718","","Closed","Closed","1206 Pecan  Lane ","08/30/2025","","Bossier City","$113.64","Pecan Park 02","2,067","5","3","/0/0","0.2250","No","$234,900","10/17/2025","$234,900"
"501","21053171","","Closed","Closed","273 Mahaffey  Road ","09/06/2025","","Princeton","$123.18","Rural","1,786","3","2","2/2/2","0.9400","No","$220,000","10/17/2025","$220,000"
"501","21045488","","Closed","Closed","5311 Hollyhock  Lane ","08/28/2025","","Bossier City","$126.43","Golden Meadows Sub","1,661","3","2","2/0/2","0.2840","No","$210,000","10/17/2025","$210,000"
"501","21063944","","Closed","Closed","2611 Doe Ridge  Drive ","09/18/2025","","Haughton","$140.75","Dogwood Park Sub","1,421","3","3","0/0/0","0.1890","No","$200,000","10/17/2025","$200,000"
"501","21067933","","Closed","Closed","1417 Akron  Drive ","09/26/2025","","Bossier City","$125.00","Bellaire Sub","1,584","3","2","2/2/2","0.1830","No","$198,000","10/17/2025","$198,000"
"501","21050186","","Closed","Closed","1918 Pluto  Drive ","09/03/2025","","Bossier City","$136.93","Sun City Sub","1,343","3","2","0/2/2","0.1850","No","$183,900","10/17/2025","$183,900"
"501","21073952","","Closed","Closed","1657 Holiday  Place ","10/01/2025","","Bossier City","$135.27","Bellaire Subdivision","1,035","3","2","0/1/1","8,277.0000","No","$140,000","10/17/2025","$140,000"
"501","20979076","","Closed","Closed","134 Willow  Street ","06/23/2025","","Homer","$42.16","Western Woods","1,186","3","2","/1/1","0.4210","No","$50,000","10/17/2025","$50,000"
"501","21054386","","Closed","Closed","626 Holly Springs  Road ","09/08/2025","","Minden","$209.30","Rural","2,812","3","3","1/0/2","12.0000","No","$588,550","10/20/2025","$588,550"
"501","21012649","","Closed","Closed","492 Blanchard  Loop ","07/25/2025","","Bossier City","$138.28","CANES LANDING","2,720","5","3","2/0/2","0.1600","No","$376,133","10/20/2025","$376,133"
"501","21038816","","Closed","Closed","5424 Coach  Road ","08/22/2025","","Bossier City","$128.16","Carriage Oaks Sub","2,692","3","3","3/0/3","1.0810","No","$345,000","10/20/2025","$345,000"
"501","20973809","","Closed","Closed","440 Mangrove  Lane ","06/18/2025","","Bossier City","$163.12","Willow Heights","1,643","3","2","2/0/2","0.1300","No","$268,000","10/20/2025","$268,000"
"501","20987796","","Closed","Closed","6310 Anandale  Drive ","07/04/2025","","Bossier City","$120.82","River Bend","1,489","3","2","2/0/2","0.2200","No","$179,900","10/20/2025","$179,900"
"501","21020067","","Closed","Closed","211 Marble  Place ","08/01/2025","","Haughton","$205.00","Corner Stone","2,000","4","3","2/0/2","0.5000","No","$410,000","10/21/2025","$410,000"
"501","21085678","","Closed","Closed","2112 Sandhurst  Street ","10/11/2025","","Bossier City","$155.96","Lafayette Park 05","1,635","3","2","2/0/2","0.1640","No","$255,000","10/21/2025","$255,000"
"501","20873370","","Closed","Closed","762 Crozier  Drive ","03/17/2025","","Bossier City","$164.13","WILLOW HEIGHTS","1,522","4","2","2/0/2","0.1300","No","$249,810","10/21/2025","$249,810"
"501","21053976","","Closed","Closed","2517 Captain Sawyer  Drive ","09/08/2025","","Shreveport","$59.86","River Oaks Sub","1,470","3","1","0/0/0","0.1940","No","$88,000","10/21/2025","$88,000"
"501","21071627","","Closed","Closed","1211 Highway 159 ","09/25/2025","","Minden","$166.67","Greenbriar Sub","2,700","4","4","0/2/2","1.1490","No","$450,000","10/22/2025","$450,000"
"501","20986299","","Closed","Closed","544 Holly Springs  Road ","06/30/2025","","Minden","$133.33","Rural","3,150","3","3","/1/1","38.0000","No","$420,000","10/22/2025","$420,000"
"501","20979645","","Closed","Closed","307 Hendry  Drive ","06/24/2025","","Bossier City","$146.81","WILLOW HEIGHTS","1,851","4","3","2/0/2","0.1300","No","$271,740","10/22/2025","$271,740"
"501","20884140","","Closed","Closed","1523 Harmon  Loop ","03/27/2025","","Homer","$178.06","Ralph Harmon #3","1,404","4","2","0/2/4","0.7010","No","$250,000","10/22/2025","$250,000"
"501","20970307","","Closed","Closed","322 Blue Fox  Circle ","06/20/2025","","Haughton","$163.09","Dogwood South 06","2,094","4","3","2/0/0","0.4940","No","$341,500","10/23/2025","$341,500"
"501","20903205","","Closed","Closed","5411 Sage  Drive ","04/14/2025","","Bossier City","$131.41","Golden Meadows Sub","1,971","4","3","2/2/2","8,397.0000","No","$259,000","10/23/2025","$259,000"
"501","20993586","","Closed","Closed","745 Venecia  Drive ","07/08/2025","","Bossier City","$157.42","THE COVE AT VILLAGGIO","1,564","3","2","2/0/2","0.1600","No","$246,200","10/23/2025","$246,200"
"501","20962206","","Closed","Closed","367 Avondale  Lane ","06/06/2025","","Bossier City","$180.92","Savannah Place Un #11","1,310","3","2","2/0/2","0.2000","No","$237,000","10/23/2025","$237,000"
"501","21064777","","Closed","Closed","5020 Tensas  Drive ","09/19/2025","","Bossier City","$149.97","Rosedale Place #5","1,467","3","2","2/0/2","0.1610","No","$220,000","10/23/2025","$220,000"
"501","20980222","","Closed","Closed","311 Summit  Street ","06/28/2025","","Minden","$128.82","Rural","1,277","2","2","0/2/2","0.3600","No","$164,500","10/23/2025","$164,500"
"501","21022946","","Closed","Closed","105 Alta  Drive ","08/07/2025","","Haughton","$102.94","Mimosa Gardens","1,530","3","3","/1/1","0.2600","No","$157,500","10/23/2025","$157,500"
"501","21052464","","Closed","Closed","1200 Big Pine Key  Lane ","09/05/2025","","Benton","$189.17","Woodlake Rdg 01","2,696","5","4","3/0/3","0.9840","No","$510,000","10/24/2025","$510,000"
"501","20907601","","Closed","Closed","831 Walstonburg  Lane ","04/17/2025","","Benton","$210.27","Belmere","2,211","4","3","2/0/2","0.4900","No","$464,900","10/24/2025","$464,900"
"501","21031672","","Closed","Closed","1708 Wales  Lane ","08/14/2025","","Bossier City","$157.85","Cross Creek Sub","2,401","5","3","2/0/2","0.6480","No","$379,000","10/24/2025","$379,000"
"501","21049334","","Closed","Closed","719 Mahogany  Lane ","09/03/2025","","Bossier City","$152.36","WILLOW HEIGHTS","1,848","3","2","2/0/2","0.1500","No","$281,555","10/24/2025","$281,555"
"501","21040191","","Closed","Closed","755 Venecia  Drive ","08/22/2025","","Bossier City","$148.98","THE COVE AT VILLAGGIO","1,820","4","2","2/0/2","0.2200","No","$271,135","10/24/2025","$271,135"
"501","21029093","","Closed","Closed","303 Hacienda  Circle ","08/11/2025","","Haughton","$120.29","Espanita Forest Sub","2,070","4","3","2/0/2","0.3500","No","$249,000","10/24/2025","$249,000"
"501","20988418","","Closed","Closed","743 Venecia  Drive ","07/02/2025","","Bossier City","$164.02","THE COVE AT VILLAGGIO","1,461","3","2","2/0/2","0.1600","No","$239,640","10/24/2025","$239,640"
"501","21025364","","Closed","Closed","501 Rugby  Place ","08/07/2025","","Bossier City","$90.30","Central Plaza Sub","2,104","4","3","3/0/3","0.2720","No","$190,000","10/24/2025","$190,000"
"501","21060692","","Closed","Closed","1710 Shady Grove  Drive ","09/15/2025","","Bossier City","$140.65","Shady Grove 02","1,102","3","2","0/1/1","0.1940","No","$155,000","10/24/2025","$155,000"
"501","20990387","","Closed","Closed","723 Gorton  Road ","07/03/2025","","Doyline","$17.37","Palmetto Beach Estate","1,439","3","1","0/1/1","0.8900","No","$25,000","10/24/2025","$25,000"
"501","20971982","","Closed","Closed","300 Grist Mill  Drive ","06/16/2025","","Benton","$220.76","Kingston Plantation Sub Un 5","4,643","4","4","1/0/4","0.7950","No","$1,025,000","10/27/2025","$1,025,000"
"501","21035911","","Closed","Closed","803 Durango  Drive ","08/18/2025","","Bossier City","$189.63","Tiburon","1,735","3","2","2/0/2","0.2610","No","$329,000","10/27/2025","$329,000"
"501","21024062","","Closed","Closed","216 Norwell  Lane ","08/06/2025","","Bossier City","$138.03","WILLOW HEIGHTS","2,092","4","3","2/0/2","0.1300","No","$288,763","10/27/2025","$288,763"
"501","21066321","","Closed","Closed","435 Carey  Lane ","09/21/2025","","Minden","$134.70","Beaver Creek","1,945","3","2","2/0/2","1.6300","No","$262,000","10/27/2025","$262,000"
"501","21057283","","Closed","Closed","342 Camp Bistno  Road ","09/12/2025","","Doyline","$110.26","Kawala Village","1,433","4","2","0/4/4","0.4370","No","$158,000","10/27/2025","$158,000"
"501","21067607","","Closed","Closed","1020 James  Street ","09/22/2025","","Bossier City","$65.47","Glendale","1,283","3","1","/1/1","0.2100","No","$84,000","10/27/2025","$84,000"
"501","21017414","","Closed","Closed","125 Livingston  Drive ","07/30/2025","","Bossier City","$181.20","Preserve","2,024","3","2","2/0/2","0.3380","No","$366,750","10/28/2025","$366,750"
"501","21007022","","Closed","Closed","1904 Wildwood  Drive ","07/21/2025","","Haughton","$118.74","Dogwood","2,796","4","3","2/0/2","1.4500","No","$332,000","10/28/2025","$332,000"
"501","20481177","","Closed","Closed","321 Hummingbird  Lane ","11/21/2023","","Princeton","$146.37","THE HILLS OF EASTWOOD","1,906","4","2","2/0/2","0.2200","No","$278,990","10/28/2025","$278,990"
"501","21056335","","Closed","Closed","406 Merestone  Crossing ","09/10/2025","","Benton","$153.53","Lost River Estates","2,204","4","2","2/0/2","0.2000","No","$338,370","10/29/2025","$338,370"
"501","21063480","","Closed","Closed","2006 Landau  Lane ","09/17/2025","","Bossier City","$139.36","Carriage Oaks Sub","2,124","3","3","2/0/2","0.4980","Yes","$296,000","10/29/2025","$296,000"
"501","21009019","","Closed","Closed","211 Harvest  Lane ","07/16/2025","","Haughton","$115.94","Country Place Sub","1,725","3","2","2/0/2","0.3130","Yes","$200,000","10/29/2025","$200,000"
"501","21048994","","Closed","Closed","3421 Oleander Pl  Place ","09/02/2025","","Bossier City","$116.13","Bellaire Sub","1,550","3","2","/1/1","0.2930","No","$180,000","10/29/2025","$180,000"
"501","21013579","","Closed","Closed","2021 Luke Lane ","07/26/2025","","Benton","$94.87","Cypress Forest","1,560","3","2","/0/0","0.9000","No","$148,000","10/29/2025","$148,000"
"501","20901158","","Closed","Closed","401 College  Street ","04/12/2025","","Minden","$62.22","Rural","1,800","3","2","0/0/0","0.3800","No","$112,000","10/29/2025","$112,000"
"501","20982569","","Closed","Closed","1 Mason  Street ","06/27/2025","","Minden","$52.12","New Dixie Heights Sub","1,391","2","2","/0/0","0.1980","No","$72,500","10/29/2025","$72,500"
"501","20633014","","Closed","Closed","166  N Canal  Drive ","05/31/2024","","Bossier City","$202.26","Canal Place","3,006","4","3","3/0/3","0.2820","No","$608,000","10/30/2025","$608,000"
"501","20899279","","Closed","Closed","716 Calcasieu Pass ","04/10/2025","","Bossier City","$197.93","Waterford Lake","2,905","4","3","3/3/3","0.2912","No","$575,000","10/30/2025","$575,000"
"501","21070592","","Closed","Closed","1005 Woodlake Ridge ","09/25/2025","","Bossier City","$200.88","Pease Mdw Estates","2,738","4","4","3/0/3","0.7500","Yes","$550,000","10/30/2025","$550,000"
"501","20972466","","Closed","Closed","133 Downs  Drive ","06/18/2025","","Benton","$167.06","Montgomery Sub","2,987","4","3","2/3/5","2.4940","Yes","$499,000","10/30/2025","$499,000"
"501","21039161","","Closed","Closed","203 Tealwood  Drive ","08/28/2025","","Bossier City","$159.55","Lakewood Sub","2,319","4","2","2/0/2","0.5340","No","$370,000","10/30/2025","$370,000"
"501","21067169","","Closed","Closed","2001 Honeytree Trail Circle ","09/23/2025","","Haughton","$160.76","Forest Hills","2,286","4","3","2/0/2","0.5635","No","$367,500","10/30/2025","$367,500"
"501","21001803","","Closed","Closed","193 Jamestowne  Boulevard ","07/15/2025","","Benton","$191.92","Jamestowne","1,808","4","2","2/0/2","0.1700","No","$347,000","10/30/2025","$347,000"
"501","21049359","","Closed","Closed","1361 Quincy  Drive ","09/04/2025","","Bossier City","$187.06","Rosedale Place","1,855","3","2","2/0/2","0.1800","No","$347,000","10/30/2025","$347,000"
"501","21021270","","Closed","Closed","2600 Bodcau Dam  Road ","08/04/2025","","Benton","$262.50","Bodcau Dam Sub","1,200","2","2","0/0/0","10.0000","No","$315,000","10/30/2025","$315,000"
"501","21053925","","Closed","Closed","701 Crozier  Drive ","09/12/2025","","Bossier City","$150.57","Willow Heights","2,092","4","3","2/0/2","0.1830","No","$315,000","10/30/2025","$315,000"
"501","20974253","","Closed","Closed","13573 Highway 71 ","06/19/2025","","Elm Grove","$40.00","none","6,875","4","4","2/0/4","4.0000","No","$275,000","10/30/2025","$275,000"
"501","20964846","","Closed","Closed","213 Norwell  Lane ","06/10/2025","","Bossier City","$147.18","WILLOW HEIGHTS","1,780","3","2","2/0/2","0.1300","No","$261,980","10/30/2025","$261,980"
"501","20940864","","Closed","Closed","731 Venecia  Drive ","05/19/2025","","Bossier City","$158.67","THE COVE AT VILLAGGIO","1,578","3","2","2/0/2","0.1600","No","$250,380","10/30/2025","$250,380"
"501","21060385","","Closed","Closed","2903 Loriwood  Drive ","09/15/2025","","Haughton","$156.55","Dogwood Park","1,450","3","2","2/0/2","0.3000","No","$227,000","10/30/2025","$227,000"
"501","21031146","","Closed","Closed","1806 Dennis  Street ","09/05/2025","","Bossier City","$98.55","Shady Grove Sub","1,720","3","2","/1/2","0.2340","No","$169,500","10/30/2025","$169,500"
"501","20869500","","Closed","Closed","571  E Trails End ","03/13/2025","","Haughton","$59.10","Haughton Acres","1,352","3","2","2/2/2","0.5400","No","$79,900","10/30/2025","$79,900"
"501","21050521","","Closed","Closed","573 Corinth  Circle ","09/09/2025","","Bossier City","$213.74","Canal Place","3,130","4","4","3/0/3","0.4000","No","$669,000","10/31/2025","$669,000"
"501","20874127","","Closed","Closed","221 Summit  Drive ","03/18/2025","","Bossier City","$127.74","Greenacres Place 02","2,974","4","3","2/0/2","0.3150","No","$379,900","10/31/2025","$379,900"
"501","21007601","","Closed","Closed","3423 Gary Rex  Circle ","07/22/2025","","Haughton","$119.16","Dogwood Estates","3,063","4","4","2/2/2","2.2300","No","$365,000","10/31/2025","$365,000"
"501","21061432","","Closed","Closed","422  N Lost River  Drive ","09/16/2025","","Benton","$158.32","Lost River Estate","2,217","4","3","2/0/2","0.2180","No","$351,000","10/31/2025","$351,000"
"501","21006859","","Closed","Closed","55 Fairway  Circle ","07/21/2025","","Haughton","$143.93","Fairway Villas Sub","2,001","3","3","2/0/2","0.1940","No","$288,000","10/31/2025","$288,000"
"501","20948220","","Closed","Closed","49 Turnbury  Drive ","05/28/2025","","Bossier City","$167.35","Stonebridge","1,718","2","2","2/0/2","0.1940","No","$287,500","10/31/2025","$287,500"
"501","21021657","","Closed","Closed","114 Dutch John  Road ","08/04/2025","","Plain Dealing","$125.00","None","2,280","4","3","0/0/0","7.5300","No","$285,000","10/31/2025","$285,000"
"501","21074578","","Closed","Closed","1710 Almond  Circle ","10/01/2025","","Minden","$188.13","rural","1,499","4","2","0/2/2","2.0000","No","$282,000","10/31/2025","$282,000"
"501","21003769","","Closed","Closed","603 Canoe  Trail ","07/17/2025","","Bossier City","$142.93","Cypress Bend Garden District #4","1,924","3","2","2/0/2","0.1500","No","$275,000","10/31/2025","$275,000"
"501","20969086","","Closed","Closed","1144 Eli Conner  Drive ","06/18/2025","","Bossier City","$161.55","Victoria Mdws Un 3b","1,689","3","2","2/0/2","0.1600","No","$272,850","10/31/2025","$272,850"
"501","21006772","","Closed","Closed","1984 Valdemar  Place ","07/21/2025","","Bossier City","$153.59","Beauclaire Sub","1,771","3","2","2/0/2","0.1150","No","$272,000","10/31/2025","$272,000"
"501","21015155","","Closed","Closed","2320 Windsor  Court ","07/28/2025","","Bossier City","$147.14","Stockwell Place 05","1,801","4","2","2/0/1","0.2060","Yes","$265,000","10/31/2025","$265,000"
"501","21012609","","Closed","Closed","758 Venecia  Drive ","07/25/2025","","Bossier City","$147.87","THE COVE AT VILLAGGIO","1,782","3","2","2/0/2","0.1300","No","$263,510","10/31/2025","$263,510"
"501","21004548","","Closed","Closed","128 Fitzwilliam  Street ","07/18/2025","","Haughton","$163.12","Tuscany Villas 01","1,551","3","2","2/0/2","0.1390","No","$253,000","10/31/2025","$253,000"
"501","21042613","","Closed","Closed","3118 Woodhue  Circle ","08/26/2025","","Haughton","$157.93","Dogwood Park Sub","1,583","3","2","2/0/2","0.2750","No","$250,000","10/31/2025","$250,000"
"501","21075476","","Closed","Closed","522  N Main  Street ","09/30/2025","","Heflin","$170.88","Rural","1,463","3","2","/0/2","1.0000","Yes","$250,000","10/31/2025","$250,000"
"501","20997207","","Closed","Closed","114 Eastwood  Drive ","07/10/2025","","Haughton","$111.52","MERRY WOODS","2,170","4","2","/2/2","0.5000","No","$242,000","10/31/2025","$242,000"
"501","20974196","","Closed","Closed","5782 Bayou  Drive ","06/18/2025","","Bossier City","$117.87","Golden Meadows Sub","1,824","4","2","2/0/2","0.2560","No","$215,000","10/31/2025","$215,000"
"501","21037078","","Closed","Closed","1035 Talton  Street ","08/21/2025","","Minden","$91.14","Dickens","2,359","4","3","2/0/2","0.3800","No","$215,000","10/31/2025","$215,000"
"501","20937734","","Closed","Closed","520 Calvin  Drive ","05/15/2025","","Benton","$100.96","Lintwin Hills","2,090","4","2","/0/0","1.3400","No","$211,000","10/31/2025","$211,000"
"501","20928687","","Closed","Closed","2127 Forest Hills  Boulevard ","05/06/2025","","Haughton","$97.95","Forest Hills Sub","2,144","4","3","2/0/2","0.8010","No","$210,000","10/31/2025","$210,000"
"501","21049940","","Closed","Closed","5622 Highway 3 ","09/03/2025","","Benton","$115.77","Atkins","1,598","3","2","2/2/4","0.8426","No","$185,000","10/31/2025","$185,000"
"501","21045982","","Closed","Closed","3898 Ella  Street ","08/29/2025","","Bossier City","$109.68","Shady Grove Sub","1,550","3","2","0/0/0","0.2070","No","$170,000","10/31/2025","$170,000"
"501","20984362","","Closed","Closed","8808 Hollow Bluff  Drive ","06/27/2025","","Haughton","$99.05","Dogwood Park Sub","1,575","3","2","0/0/0","0.2370","No","$156,000","10/31/2025","$156,000"
"501","21065339","","Closed","Closed","1302 Elsa Jane  Street ","09/19/2025","","Bossier City","$117.83","Meadowview Park","1,273","3","2","/0/0","0.1830","No","$150,000","10/31/2025","$150,000"
"501","20962839","","Closed","Closed","4601 Sheryl  Street ","06/07/2025","","Bossier City","$96.34","Swan Lake 02","1,557","3","1","0/1/1","0.2428","No","$149,999","10/31/2025","$149,999"
"501","21076307","","Closed","Closed","16040 Highway 80 ","10/02/2025","","Minden","$66.67","East Hwy 80 Sub","1,350","3","2","/1/1","4.2200","No","$89,999","10/31/2025","$89,999"
"501","21037270","","Closed","Closed","409 Shady Oak  Street ","08/19/2025","","Springhill","$16.77","Unknown","835","2","1","/0/0","0.2300","No","$14,000","10/31/2025","$14,000"
"501","20937937","","Closed","Closed","165 Lakewood Point  Drive ","05/15/2025","","Bossier City","$131.99","Lakewood","4,432","5","4","3/0/3","0.9620","No","$585,000","11/03/2025","$585,000"
"501","21052602","","Closed","Closed","5244 Linton Cutoff  Road ","09/10/2025","","Benton","$152.38","Cypress Border 02","2,789","3","3","3/0/3","1.1230","No","$425,000","11/03/2025","$425,000"
"501","20950965","","Closed","Closed","145 Carondelet  Court ","05/29/2025","","Bossier City","$197.66","Oak Alley","2,049","3","3","2/0/2","0.1240","No","$405,000","11/03/2025","$405,000"
"501","20970577","","Closed","Closed","112 Rolling Meadow  Lane ","06/16/2025","","Bossier City","$129.96","Lucky Estates Sub","2,924","4","3","5/0/5","1.0200","No","$380,000","11/03/2025","$380,000"
"501","21058288","","Closed","Closed","230 Ridgefield  Drive ","09/11/2025","","Bossier City","$159.22","Lakewood Sub","2,148","4","2","2/0/2","0.5030","Yes","$342,000","11/03/2025","$342,000"
"501","21058249","","Closed","Closed","402 Antietam  Drive ","09/11/2025","","Bossier City","$159.74","Gardens Southgate Un #12","1,878","4","2","2/0/2","0.1460","No","$300,000","11/03/2025","$300,000"
"501","21004209","","Closed","Closed","311 Magazine  Court ","07/18/2025","","Bossier City","$170.36","St Charles Court 01","1,761","3","2","2/0/2","0.1580","No","$300,000","11/03/2025","$300,000"
"501","20911013","","Closed","Closed","206 Jamestowne  Boulevard ","04/30/2025","","Benton","$148.26","Jamestowne","1,902","3","2","2/0/2","0.1950","No","$282,000","11/03/2025","$282,000"
"501","20905144","","Closed","Closed","137 Chimney  Lane ","04/14/2025","","Haughton","$132.82","Country Place","1,758","3","2","2/0/2","0.2500","No","$233,500","11/03/2025","$233,500"
"501","21009472","","Closed","Closed","158 Vienne  Trace ","07/23/2025","","Haughton","$158.97","LEGACY POINTE","1,538","3","2","2/0/2","0.1000","No","$244,490","11/04/2025","$244,490"
"501","21081214","","Closed","Closed","741 Duckwater  Landing ","10/06/2025","","Bossier City","$202.11","Duckwater Lndg #1","3,179","5","4","3/0/3","0.4150","No","$642,500","11/05/2025","$642,500"
"501","21091636","","Closed","Closed","171  N Canal  Drive ","10/20/2025","","Bossier City","$198.92","N canal","2,765","4","3","3/0/3","0.3030","Yes","$550,000","11/05/2025","$550,000"
"501","21076876","","Closed","Closed","1795 Fuller  Road ","10/03/2025","","Minden","$190.94","rural","1,964","3","3","2/0/2","14.6200","No","$375,000","11/05/2025","$375,000"
"501","21094972","","Closed","Closed","3245  E Linton  Road ","10/23/2025","","Benton","$97.40","Golden Pond Estate","1,848","3","2","/2/2","1.5050","No","$180,000","11/05/2025","$180,000"
"501","21049957","","Closed","Closed","3636 Greenacres Place  Drive #121 ","09/04/2025","","Bossier City","$124.90","Carriage Quarters Green Acres P","1,297","2","2","0/2/2","0.0220","No","$162,000","11/05/2025","$162,000"
"501","20759529","","Closed","Closed","401  S 3rd  Street ","10/21/2024","","Homer","$32.47","Rural","1,540","2","1","/1/1","0.3290","No","$50,000","11/05/2025","$50,000"
"501","21042541","","Closed","Closed","638 Featherston  Road ","08/26/2025","","Homer","$333.66","Bella Vista #4","1,034","2","2","/3/3","0.6440","No","$345,000","11/06/2025","$345,000"
"501","21077539","","Closed","Closed","3500 Holiday  Place ","10/04/2025","","Bossier City","$147.18","Bellaire Sub","1,223","3","2","3/0/3","0.2070","No","$180,000","11/06/2025","$180,000"
"501","21031436","","Closed","Closed","579 Corinth  Circle ","08/13/2025","","Bossier City","$225.62","Canal Place","2,482","4","3","3/0/3","0.2600","No","$560,000","11/07/2025","$560,000"
"501","21073441","","Closed","Closed","400 Halifax  Circle ","09/29/2025","","Benton","$204.55","Jamestowne Sub Un 2","1,760","3","2","2/0/2","0.2440","Yes","$360,000","11/07/2025","$360,000"
"501","21069393","","Closed","Closed","1808 Sparrow Ridge ","10/27/2025","","Haughton","$165.94","Forest Hills","1,879","3","2","2/0/2","0.3817","No","$311,800","11/07/2025","$311,800"
"501","20789341","","Closed","Closed","564 Brunswick  Gardens ","12/08/2024","","Haughton","$153.77","TUSCANY CROSSING","2,003","3","2","2/0/2","0.2570","No","$308,000","11/07/2025","$308,000"
"501","21056367","","Closed","Closed","360 Hummingbird  Lane ","09/10/2025","","Princeton","$148.98","THE HILLS OF EASTWOOD","1,925","3","2","2/0/2","0.1900","No","$286,785","11/07/2025","$286,785"
"501","21059206","","Closed","Closed","364 Princeton  Road ","09/12/2025","","Princeton","$185.19","Rural","1,485","2","2","/2/2","4.0580","No","$275,000","11/07/2025","$275,000"
"501","20963274","","Closed","Closed","2198 Stockwell  Road ","06/09/2025","","Bossier City","$155.89","Stockwell Place","1,546","3","2","2/0/2","0.2240","No","$241,000","11/07/2025","$241,000"
"501","20996743","","Closed","Closed","4808 General Scott  Place ","07/10/2025","","Bossier City","$137.73","Southgate Estates Sub","1,198","3","2","/1/1","0.1650","No","$165,000","11/07/2025","$165,000"
"501","21050825","","Closed","Closed","2109 Clovis  Street ","09/11/2025","","Bossier City","$131.30","Whittington Park Sub","952","2","1","1/0/1","0.2200","No","$125,000","11/07/2025","$125,000"
"501","21084498","","Closed","Closed","2510 Rosedale  Place ","10/11/2025","","Bossier City","$63.33","Greenacres","1,500","3","1","0/0/0","0.2450","No","$95,000","11/07/2025","$95,000"
"501","21074077","","Closed","Closed","4206 Stuart  Avenue ","09/30/2025","","Bossier City","$63.07","Shady Grove","1,316","3","1","/0/0","7,995.0000","No","$83,000","11/07/2025","$83,000"
"501","21055364","","Closed","Closed","2220 Belle Grove  Drive ","09/09/2025","","Bossier City","$33.89","Greenacres 04","1,623","4","2","0/0/0","0.2070","No","$55,000","11/07/2025","$55,000"
"501","21027149","","Closed","Closed","1201 Pecan  Lane ","08/08/2025","","Bossier City","$123.60","Bellaire","1,610","3","2","2/2/2","0.3080","No","$199,000","11/08/2025","$199,000"
"501","21052213","","Closed","Closed","4932 Old Oak  Drive ","09/15/2025","","Benton","$163.86","woodlake south","4,101","4","4","2/0/2","30,945.0000","Yes","$672,000","11/10/2025","$672,000"
"501","20963709","","Closed","Closed","651 Highway 162  Highway ","06/09/2025","","Benton","$175.10","St Johns Sub","3,398","4","3","2/0/2","11.1000","No","$595,000","11/10/2025","$595,000"
"501","21065582","","Closed","Closed","3734 Dorcheat  Road ","09/19/2025","","Minden","$237.14","rural","1,750","3","2","2/0/2","7.0000","No","$415,000","11/10/2025","$415,000"
"501","21066872","","Closed","Closed","401 Merestone  Crossing ","09/22/2025","","Benton","$155.12","Lost River Estates","2,204","4","2","2/0/2","0.5000","No","$341,895","11/10/2025","$341,895"
"501","21033115","","Closed","Closed","355 Hummingbird  Lane ","08/15/2025","","Princeton","$146.04","THE HILLS OF EASTWOOD","1,925","3","2","2/0/2","0.2400","No","$281,135","11/10/2025","$281,135"
"501","20978994","","Closed","Closed","609 Ives Way ","06/20/2025","","Haughton","$167.54","Legacy Pointe","1,522","3","2","2/0/2","0.2000","No","$255,000","11/10/2025","$255,000"
"501","21069848","","Closed","Closed","197 Graywood  Road ","09/25/2025","","Minden","$77.62","Graywood Sub","1,997","3","2","2/0/2","2.8400","No","$155,000","11/10/2025","$155,000"
"501","21075979","","Closed","Closed","106 Mildred  Street ","10/01/2025","","Benton","$121.62","Marble Sub","888","2","1","/1/1","0.2070","No","$108,000","11/10/2025","$108,000"
"501","20951002","","Closed","Closed","3415 Glasscock  Avenue ","05/29/2025","","Bossier City","$116.67","Bellaire","2,100","4","2","0/2/2","0.2500","No","$245,000","11/11/2025","$245,000"
"501","21058213","","Closed","Closed","239 Poydras  Avenue ","09/12/2025","","Bossier City","$201.32","Saint Charles Court Village Un 7","2,806","5","4","2/0/3","0.2310","No","$564,900","11/12/2025","$564,900"
"501","21043627","","Closed","Closed","709 Julesburg  Lane ","08/27/2025","","Benton","$170.33","Belmere Un #5","2,642","5","3","2/0/2","0.2000","No","$450,000","11/12/2025","$450,000"
"501","20804744","","Closed","Closed","2628 Palmetto  Drive ","12/30/2024","","Bossier City","$141.24","Brownlee Estate","1,496","3","2","2/0/2","0.4820","No","$211,300","11/12/2025","$211,300"
"501","21041264","","Closed","Closed","508 Dauphine  Lane ","08/24/2025","","Bossier City","$171.83","Plantation Estate","2,648","4","3","2/1/3","1.1970","No","$455,000","11/13/2025","$455,000"
"501","21077781","","Closed","Closed","171 Sitka  Loop ","10/03/2025","","Haughton","$204.90","Pin Oak Landing","2,406","4","3","2/0/2","0.3900","No","$493,000","11/14/2025","$493,000"
"501","21060199","","Closed","Closed","5706 Lake Side  Drive ","09/15/2025","","Bossier City","$143.19","Carriage Oaks Sub #9","2,688","4","3","2/0/2","0.3250","No","$384,900","11/14/2025","$384,900"
"501","21038821","","Closed","Closed","206 Willow Lake  Boulevard ","09/06/2025","","Bossier City","$180.06","Willow Lake","1,805","2","2","2/0/2","0.1740","No","$325,000","11/14/2025","$325,000"
"501","20908586","","Closed","Closed","5021 Kenilworth  Drive ","04/18/2025","","Bossier City","$125.94","Plantation Trace","2,263","4","2","3/0/3","0.2500","No","$285,000","11/14/2025","$285,000"
"501","20991282","","Closed","Closed","2301  W Belle Haven  Drive ","07/18/2025","","Bossier City","$170.65","Rosedale Place Un #1","1,632","3","2","1/0/1","0.1650","No","$278,500","11/14/2025","$278,500"
"501","21011399","","Closed","Closed","313 Hendry  Drive ","07/24/2025","","Bossier City","$148.38","WILLOW HEIGHTS","1,780","3","2","2/0/2","0.1300","No","$264,110","11/14/2025","$264,110"
"501","21035965","","Closed","Closed","53 Meadow Creek  Drive ","08/21/2025","","Bossier City","$137.01","Meadow Crk Twnhses 04","1,824","3","3","2/0/2","0.0480","No","$249,900","11/14/2025","$249,900"
"501","20988561","","Closed","Closed","434 Zinfandel  Place ","07/02/2025","","Haughton","$173.64","LEGACY POINTE","1,394","3","2","2/0/2","0.1300","No","$242,055","11/14/2025","$242,055"
"501","21009336","","Closed","Closed","633 Haughton Trace  Court ","07/23/2025","","Haughton","$92.58","Haughton Trace","1,792","3","2","/0/0","0.9620","No","$165,900","11/14/2025","$165,900"
"501","21015131","","Closed","Closed","383 Horseshoe  Loop ","07/28/2025","","Doyline","$48.75","Smith E B & J B Sub","2,400","5","3","/0/0","1.1000","No","$117,000","11/14/2025","$117,000"
"501","20959690","","Closed","Closed","1913 Lee  Street ","06/09/2025","","Bossier City","$75.19","Central Park 02","1,330","3","1","/1/1","0.1790","No","$100,000","11/14/2025","$100,000"
"501","20989160","","Closed","Closed","119 Vieux Carre ","07/04/2025","","Bossier City","$203.33","Oak Alley","3,000","3","3","3/0/3","0.1510","Yes","$610,000","11/17/2025","$610,000"
"501","21039959","","Closed","Closed","323 Hendry  Drive ","08/22/2025","","Bossier City","$144.11","WILLOW HEIGHTS","1,925","3","2","2/0/2","0.1600","No","$277,413","11/17/2025","$277,413"
"501","20903941","","Closed","Closed","5900 Applegate  Circle ","04/15/2025","","Bossier City","$130.79","Stockwell Place #4","2,071","4","2","3/0/3","0.2490","No","$270,870","11/17/2025","$270,870"
"501","21049960","","Closed","Closed","4165 Grassy Lake  Drive ","09/03/2025","","Bossier City","$183.63","Legacy","1,552","3","2","2/0/2","0.1590","No","$285,000","11/18/2025","$285,000"
"501","21061640","","Closed","Closed","100 Grand Cane  Court ","09/15/2025","","Bossier City","$180.68","Legacy","1,549","3","2","2/0/2","0.2200","No","$279,870","11/18/2025","$279,870"
"501","21026644","","Closed","Closed","351 Hummingbird  Lane ","08/08/2025","","Princeton","$149.00","THE HILLS OF EASTWOOD","1,848","3","2","2/0/2","0.2400","No","$275,360","11/18/2025","$275,360"
"501","21072395","","Closed","Closed","751 Venecia  Drive ","09/29/2025","","Bossier City","$171.74","THE COVE AT VILLAGGIO","1,363","3","2","2/0/2","0.1900","No","$234,075","11/18/2025","$234,075"
"501","21061613","","Closed","Closed","432 Red Oak  Lane ","09/16/2025","","Haughton","$138.46","Oak Meadow Place","1,495","3","2","2/0/2","0.1790","No","$207,000","11/18/2025","$207,000"
"501","20856017","","Closed","Closed","109 Stonebridge  Boulevard ","02/27/2025","","Bossier City","$134.49","Stonebridge Sub","3,123","4","3","3/0/3","0.3000","No","$420,000","11/19/2025","$420,000"
"501","20921464","","Closed","Closed","103 Maple Leaf  Lane ","05/05/2025","","Haughton","$103.24","Country Place","3,700","5","4","2/0/2","0.5200","No","$382,000","11/19/2025","$382,000"
"501","21077099","","Closed","Closed","621 Freedom  Street ","10/01/2025","","Haughton","$181.07","unknown","1,828","4","3","/2/2","5.0000","No","$331,000","11/19/2025","$331,000"
"501","21021879","","Closed","Closed","222 Country Club  Drive ","08/06/2025","","Benton","$167.70","River Ridge","1,938","4","2","2/1/2","0.9000","No","$325,000","11/19/2025","$325,000"
"501","20990809","","Closed","Closed","5220 Linton Cutoff  Road ","07/04/2025","","Benton","$161.73","Montgomery Sub","1,824","3","2","2/0/2","2.4000","No","$295,000","11/19/2025","$295,000"
"501","21040210","","Closed","Closed","705 Crozier  Drive ","08/22/2025","","Bossier City","$149.92","Willow Heights Sub #3","1,953","3","2","2/0/2","0.1709","No","$292,800","11/19/2025","$292,800"
"501","21059901","","Closed","Closed","5310 Susanna  Drive ","09/14/2025","","Bossier City","$167.56","Golden Meadows Sub","1,307","3","2","2/0/2","0.1800","No","$219,000","11/19/2025","$219,000"
"501","21050348","","Closed","Closed","517 Davis  Street ","09/03/2025","","Minden","$69.77","Garrison Addition","860","2","1","/0/0","0.2380","No","$60,000","11/19/2025","$60,000"
"501","21011535","","Closed","Closed","405  S Abney  Street ","07/24/2025","","Minden","$7.99","Moore Jerry R Estate & Wife Prcl","2,128","3","3","/2/0","0.3190","No","$17,000","11/19/2025","$17,000"
"501","21077359","","Closed","Closed","6020 Braeburn  Court ","10/07/2025","","Bossier City","$148.47","Stockwell Place 09","2,020","4","2","2/0/2","0.1880","No","$299,900","11/20/2025","$299,900"
"501","21074207","","Closed","Closed","302 Ouachita  Lane ","09/30/2025","","Bossier City","$174.71","THe Preserves","1,574","3","2","2/0/2","0.1450","No","$275,000","11/20/2025","$275,000"
"501","20989730","","Closed","Closed","740 Venecia  Drive ","07/03/2025","","Bossier City","$158.19","THE COVE AT VILLAGGIO","1,564","3","2","2/0/2","0.1600","No","$247,405","11/20/2025","$247,405"
"501","21040664","","Closed","Closed","1208 Gloria  Street ","08/22/2025","","Minden","$113.69","Pine Hills Sub.","2,023","4","3","/2/2","1.0950","No","$230,000","11/20/2025","$230,000"
"501","21047703","","Closed","Closed","5505 Hollyhock  Lane ","09/01/2025","","Bossier City","$165.79","Golden Meadows Sub","1,327","3","2","2/0/2","0.1860","No","$220,000","11/20/2025","$220,000"
"501","20910982","","Closed","Closed","591 Corinth  Circle ","04/21/2025","","Bossier City","$203.39","Canal Place","2,714","4","3","3/0/3","0.2920","No","$552,000","11/21/2025","$552,000"
"501","21090616","","Closed","Closed","1022 Fawn  Hollow ","10/18/2025","","Bossier City","$149.84","Lakewood 08","3,437","4","4","3/0/3","0.4540","No","$515,000","11/21/2025","$515,000"
"501","21042858","","Closed","Closed","1345 Linton  Road ","08/26/2025","","Benton","$155.01","None","2,354","3","3","2/2/2","2.4000","No","$364,900","11/21/2025","$364,900"
"501","20954242","","Closed","Closed","502 Hempstead  Circle ","08/13/2025","","Benton","$188.78","Jamestowne Sub Un 2","1,801","4","2","2/0/2","0.1840","No","$340,000","11/21/2025","$340,000"
"501","21079528","","Closed","Closed","115 Livingston  Drive ","10/06/2025","","Bossier City","$176.38","Preserve Un #3","1,922","4","2","2/2/2","0.1670","No","$339,000","11/21/2025","$339,000"
"501","20986040","","Closed","Closed","1859 Sparrow  Ridge ","06/30/2025","","Haughton","$166.06","Forest Hills Sub","1,915","4","2","2/0/2","0.3570","No","$318,000","11/21/2025","$318,000"
"501","20819290","","Closed","Closed","222 Gloucester  Drive ","01/17/2025","","Bossier City","$145.68","Colony #2","1,922","3","2","2/0/2","0.1570","No","$280,000","11/21/2025","$280,000"
"501","21088593","","Closed","Closed","320  N Hampton  Street ","10/17/2025","","Haughton","$143.34","Tuscany Xing 02","1,848","4","2","2/0/0","0.1770","No","$264,900","11/21/2025","$264,900"
"501","21084944","","Closed","Closed","226  S Tanglewood  Drive ","10/11/2025","","Minden","$138.12","Tanglewood Sub","1,860","3","2","0/2/2","0.9440","No","$256,900","11/21/2025","$256,900"
"501","21035074","","Closed","Closed","1981 Valdemar  Place ","08/20/2025","","Bossier City","$150.36","Beauclaire Sub","1,656","3","2","2/0/2","0.1360","No","$249,000","11/21/2025","$249,000"
"501","21062415","","Closed","Closed","522 Antietam  Drive ","09/17/2025","","Bossier City","$134.70","Gardens of Southgate","1,781","3","2","2/0/2","0.1650","No","$239,900","11/21/2025","$239,900"
"501","21032559","","Closed","Closed","12568 Highway 157 ","08/14/2025","","Haughton","$85.43","Rural","2,340","4","2","/0/0","0.0000","No","$199,900","11/21/2025","$199,900"
"501","21090438","","Closed","Closed","5307 Mulberry  Drive ","10/17/2025","","Bossier City","$170.10","Golden Meadows","1,067","3","2","1/0/1","0.1729","No","$181,500","11/21/2025","$181,500"
"501","21058593","","Closed","Closed","65 Princeton  Lane  S ","09/12/2025","","Princeton","$87.78","Princeton Estate","1,800","3","2","0/0/0","0.9240","No","$158,000","11/21/2025","$158,000"
"501","21053292","","Closed","Closed","307 13th  Street  SW ","09/06/2025","","Springhill","$109.00","Anthony Heights","1,422","3","2","2/0/2","0.3720","No","$155,000","11/21/2025","$155,000"
"501","20908671","","Closed","Closed","2642 Village  Lane ","04/20/2025","","Bossier City","$79.55","Village Square Sub","1,760","3","3","0/2/2","0.0460","No","$140,000","11/21/2025","$140,000"
"501","21004723","","Closed","Closed","995 Wafer  Road ","07/18/2025","","Haughton","$91.85","Merrywoods Sub","1,350","3","2","0/0/0","0.6890","No","$124,000","11/21/2025","$124,000"
"501","21077318","","Closed","Closed","2502 Mecom  Drive ","10/03/2025","","Shreveport","$56.29","River Oaks","1,599","3","2","0/1/1","0.1700","No","$90,000","11/21/2025","$90,000"
"501","21082027","","Closed","Closed","443 Summit  Drive ","10/09/2025","","Bossier City","$124.14","Greenacres Place","2,618","4","4","2/0/2","0.1600","No","$325,000","11/24/2025","$325,000"
"501","21063298","","Closed","Closed","615 Aubrey  Walk ","09/17/2025","","Haughton","$169.00","Tuscany Xing #2","1,737","4","2","2/0/2","0.1800","No","$293,550","11/24/2025","$293,550"
"501","21071037","","Closed","Closed","711 Fir Wood Lane ","09/26/2025","","Haughton","$176.36","Dogwood South #2","1,633","3","2","2/0/2","0.3000","No","$288,000","11/24/2025","$288,000"
"501","21036295","","Closed","Closed","484 Blanchard  Loop ","08/19/2025","","Bossier City","$149.21","CANES LANDING","1,925","3","2","2/0/2","0.1600","No","$287,235","11/24/2025","$287,235"
"501","21055031","","Closed","Closed","438 Mayfair  Drive ","10/01/2025","","Bossier City","$136.66","Greenacres Place Sub","1,866","3","2","2/0/2","0.2870","No","$255,000","11/24/2025","$255,000"
"501","21051496","","Closed","Closed","3410 Lanell  Drive ","09/12/2025","","Bossier City","$104.68","Bellaire Sub","2,245","4","2","/0/0","0.1910","No","$235,000","11/24/2025","$235,000"
"501","21081456","","Closed","Closed","6009 Tracy  Lane ","10/08/2025","","Bossier City","$137.16","Brookhaven Estates Sub","1,604","3","2","2/0/2","0.2200","No","$220,000","11/24/2025","$220,000"
"501","21090681","","Closed","Closed","5322 Jonquil  Street ","10/18/2025","","Bossier City","$121.60","SOUTHERN GARDENS","1,250","3","1","/0/0","9,871.0000","No","$152,000","11/24/2025","$152,000"
"501","21028167","","Closed","Closed","2202 Belle Grove  Drive ","08/13/2025","","Bossier City","$79.98","Greenacres 04","1,663","3","2","/1/1","0.2550","No","$133,000","11/24/2025","$133,000"
"501","20911792","","Closed","Closed","103  N Fairview  Street ","04/24/2025","","Minden","$36.18","Harrell S J 2nd Sub Dix","1,382","3","2","/2/2","0.2440","No","$50,000","11/24/2025","$50,000"
"501","21119539","","Closed","Closed","609 Lewisville  Road ","11/21/2025","","Minden","$18.48","Minden","1,600","3","2","/1/1","0.5290","No","$29,560","11/24/2025","$29,560"
"501","20989577","","Closed","Closed","306 Plum Orchard  Lane ","07/03/2025","","Benton","$146.67","Magnolia Chase Sub #4","2,250","4","3","2/0/2","0.2800","No","$330,000","11/25/2025","$330,000"
"501","21081490","","Closed","Closed","726 Mahogany  Lane ","10/08/2025","","Bossier City","$151.67","WILLOW HEIGHTS","1,848","3","2","2/0/2","0.1700","No","$280,285","11/25/2025","$280,285"
"501","21054646","","Closed","Closed","305 Camden  Hill ","09/08/2025","","Haughton","$162.01","Tuscany Villas","1,574","3","2","2/0/2","7,750.0000","No","$255,000","11/25/2025","$255,000"
"501","21068165","","Closed","Closed","219 Walnut  Lane ","10/27/2025","","Bossier City","$98.14","Northland Estates","1,986","3","2","2/0/2","0.3040","No","$194,900","11/25/2025","$194,900"
"501","21056491","","Closed","Closed","3521 Lanell  Drive ","09/10/2025","","Bossier City","$135.07","Bellaire Sub","1,403","3","2","2/0/2","0.1940","No","$189,500","11/25/2025","$189,500"
"501","21055905","","Closed","Closed","5100 Tara  Lane ","09/10/2025","","Bossier City","$142.64","Oak Creek Sub","1,304","3","2","1/0/1","0.1930","No","$186,000","11/25/2025","$186,000"
"501","21111359","","Closed","Closed","504 Yale  Place ","11/12/2025","","Bossier City","$95.85","Central Plaza Sub","1,565","3","2","2/2/2","0.2010","No","$150,000","11/25/2025","$150,000"
"501","20761706","","Closed","Closed","700 Reynolds  Street ","10/23/2024","","Springhill","$88.82","NONE","1,520","2","2","0/2/2","0.2440","No","$135,000","11/25/2025","$135,000"
"501","20995021","","Closed","Closed","206 11th  Street  NE ","07/09/2025","","Springhill","$33.53","Rural","1,193","3","1","/0/0","1.0120","No","$40,000","11/25/2025","$40,000"
"501","21078400","","Closed","Closed","1938 Valdemar  Place ","10/01/2025","","Bossier City","$163.75","Beauclaire Sub","1,771","3","2","2/0/2","0.1160","No","$290,000","11/26/2025","$290,000"
"501","21085020","","Closed","Closed","2002 General Jackson  Place ","10/12/2025","","Bossier City","$162.53","Cypress Place #1","1,532","3","2","2/0/2","0.1890","No","$249,000","11/26/2025","$249,000"
"501","21088656","","Closed","Closed","6201  W Oxbow  Loop ","10/16/2025","","Bossier City","$135.46","River Bend 01","1,757","3","2","2/0/2","0.2180","No","$238,000","11/26/2025","$238,000"
"501","20956325","","Closed","Closed","422 Zinfandel  Place ","06/03/2025","","Haughton","$164.00","LEGACY POINTE","1,423","3","2","2/0/2","0.1000","No","$233,370","11/26/2025","$233,370"
"501","21066522","","Closed","Closed","5758 Gold Crest  Drive ","09/22/2025","","Bossier City","$146.29","Golden Mdws 18","1,508","3","2","2/0/2","0.1960","No","$220,600","11/26/2025","$220,600"
"501","21047856","","Closed","Closed","1002 Gladney  Street ","09/01/2025","","Minden","$102.50","West Acres","2,000","3","2","2/0/2","0.4590","No","$205,000","11/26/2025","$205,000"
"501","21088296","","Closed","Closed","4907 General Ashley  Drive ","10/15/2025","","Bossier City","$114.60","Southgate Estates Sub","1,658","3","2","2/0/2","0.2330","Yes","$190,000","11/26/2025","$190,000"
"501","21041919","","Closed","Closed","2804 Highway 152 ","08/25/2025","","Homer","$96.20","rural","1,975","3","2","/3/3","2.0000","No","$190,000","11/26/2025","$190,000"
"501","20999462","","Closed","Closed","190 Horseshoe Bridge  Road ","07/14/2025","","Doyline","$120.03","Lakeside Sub","1,233","2","1","/0/0","0.6090","No","$148,000","11/26/2025","$148,000"
"501","21071633","","Closed","Closed","214 Roy  Street ","09/26/2025","","Minden","$133.44","Bonnie Heights Add","918","3","1","0/1/1","0.2500","No","$122,500","11/26/2025","$122,500"
"501","21058853","","Closed","Closed","2545 Lamar  Street ","09/13/2025","","Bossier City","$80.88","Creswell Gardens","1,051","2","1","/1/1","0.1890","No","$85,000","11/26/2025","$85,000"
"501","21115278","","Closed","Closed","205 Gloucester  Drive ","11/17/2025","","Bossier City","$159.46","the colony","2,696","5","4","3/0/3","0.2040","No","$429,900","11/28/2025","$429,900"
"501","20967530","","Closed","Closed","200 Finley  Road ","06/12/2025","","Benton","$145.83","12-Rural Ward 2","2,400","5","3","/0/0","10.0000","No","$350,000","11/28/2025","$350,000"
"501","21108694","","Closed","Closed","4121 Periwinkle  Lane ","10/13/2025","","Benton","$184.33","Woodlake South Sub #11","3,038","4","5","3/0/3","0.5270","No","$560,000","12/01/2025","$560,000"
"501","21071897","","Closed","Closed","410 Gator  Cove ","09/27/2025","","Bossier City","$158.68","Stonebridge","3,340","4","4","3/0/3","0.2910","No","$530,000","12/01/2025","$530,000"
"501","21101054","","Closed","Closed","1984 Bayou Bend  Drive ","10/31/2025","","Bossier City","$144.96","BAYOU BEND SUBD","2,518","4","2","2/0/3","0.3700","Yes","$365,000","12/01/2025","$365,000"
"501","21085432","","Closed","Closed","319 Hendry  Drive ","10/13/2025","","Bossier City","$146.07","WILLOW HEIGHTS","1,848","3","2","2/0/2","0.1600","No","$269,941","12/01/2025","$269,941"
"501","21079928","","Closed","Closed","1904 Bey  Street ","10/15/2025","","Bossier City","$79.62","Shady Grove Sub","2,826","5","2","2/0/2","0.3080","No","$225,000","12/01/2025","$225,000"
"501","21058233","","Closed","Closed","202 Espanita  Boulevard ","09/12/2025","","Haughton","$110.61","Espanita Forest Sub","1,988","4","2","2/0/2","0.4710","No","$219,900","12/01/2025","$219,900"
"501","21073834","","Closed","Closed","3985 Stuart ","09/30/2025","","Bossier City","$122.54","Shady Grove","1,677","4","3","/1/1","0.4000","No","$205,500","12/01/2025","$205,500"
"501","21012631","","Closed","Closed","2022 Luke  Lane ","07/24/2025","","Benton","$101.65","Cypress Forest","1,456","3","2","0/0/0","0.8710","No","$148,000","12/01/2025","$148,000"
"501","21087893","","Closed","Closed","305 Pine Cone  Circle ","10/13/2025","","Haughton","$72.76","Tall Timbers Sub","2,034","4","2","2/0/2","0.3800","No","$148,000","12/01/2025","$148,000"
"501","21084166","","Closed","Closed","407 Mangrove  Lane ","10/10/2025","","Bossier City","$163.18","Willow Heights","1,771","3","2","2/0/2","0.1400","No","$289,000","12/02/2025","$289,000"
"501","21057392","","Closed","Closed","1106 Bryan  Street ","09/11/2025","","Minden","$122.97","Pine Hills Sub Min","1,789","3","2","0/1/1","0.3470","No","$220,000","12/02/2025","$220,000"
"501","21046930","","Closed","Closed","1197 Wafer  Road ","08/29/2025","","Haughton","$51.85","Merry Woods Sub","1,591","4","2","0/1/1","0.6890","No","$82,500","12/02/2025","$82,500"
"501","21017080","","Closed","Closed","760 Venecia  Drive ","07/30/2025","","Bossier City","$158.96","THE COVE AT VILLAGGIO","1,578","3","2","2/0/2","0.1300","No","$250,845","12/03/2025","$250,845"
"501","21014682","","Closed","Closed","907 Fuller  Street ","07/28/2025","","Doyline","$130.01","Rural","1,323","3","2","1/0/1","4.2000","No","$172,000","12/03/2025","$172,000"
"501","21026985","","Closed","Closed","403 Merestone  Crossing ","08/08/2025","","Benton","$142.20","Lost River Estates","2,720","5","3","2/0/2","0.2200","No","$386,773","12/04/2025","$386,773"
"501","21080596","","Closed","Closed","787 Venecia  Drive ","10/07/2025","","Bossier City","$165.36","THE COVE AT VILLAGGIO","1,461","3","2","2/0/2","0.1600","No","$241,594","12/04/2025","$241,594"
"501","21000758","","Closed","Closed","9972 Highway 79 ","07/15/2025","","Haynesville","$60.92","NA","2,101","3","1","/1/1","0.6200","No","$128,000","12/04/2025","$128,000"
"501","21015904","","Closed","Closed","306  W Josie  Lane ","07/29/2025","","Haughton","$183.87","Magnolia Ridge","2,442","4","3","2/0/2","1.0130","No","$449,000","12/05/2025","$449,000"
"501","21103188","","Closed","Closed","359 Caplis Sligo  Road ","11/03/2025","","Bossier City","$188.01","Rural","1,952","3","2","0/1/1","5.2900","No","$367,000","12/05/2025","$367,000"
"501","21027105","","Closed","Closed","409 Hummingbird  Lane ","08/08/2025","","Princeton","$144.38","THE HILLS OF EASTWOOD","1,961","4","2","2/0/2","0.2100","No","$283,130","12/05/2025","$283,130"
"501","21061335","","Closed","Closed","150 Vienne  Trace ","09/16/2025","","Haughton","$160.37","LEGACY POINTE","1,495","3","2","2/0/2","0.1400","No","$239,760","12/05/2025","$239,760"
"501","21038910","","Closed","Closed","506 Amberwood  Drive ","08/21/2025","","Haughton","$149.07","Fox Xing Ph 01","1,402","3","2","2/0/2","0.1900","No","$209,000","12/05/2025","$209,000"
"501","21085964","","Closed","Closed","5400 Hollyhock  Lane ","10/13/2025","","Bossier City","$114.25","Golden Meadows Sub","1,698","3","2","2/0/2","0.2740","No","$194,000","12/05/2025","$194,000"
"501","20998456","","Closed","Closed","1701 Leslie  Street ","07/12/2025","","Bossier City","$92.52","Glendale 05","1,296","4","1","/1/1","0.2060","No","$119,900","12/05/2025","$119,900"
"501","21095368","","Closed","Closed","4911 General Ashley  Drive ","10/24/2025","","Bossier City","$136.08","Southgate Estates Sub","1,580","4","2","1/0/2","0.2330","No","$215,000","12/07/2025","$215,000"
"501","21078465","","Closed","Closed","6001 Pepperwood  Circle ","10/06/2025","","Bossier City","$152.83","Stockwell Place #3","2,035","4","2","2/0/2","0.2944","No","$311,000","12/08/2025","$311,000"
"501","21072378","","Closed","Closed","431 Mangrove  Lane ","09/29/2025","","Bossier City","$155.81","Willow Heights Un #2","1,765","3","2","2/0/2","0.1500","No","$275,000","12/08/2025","$275,000"
"501","21018106","","Closed","Closed","108 Wisteria  Circle ","07/31/2025","","Haughton","$148.08","Mimosa Gardens Sub","1,485","3","2","/2/2","0.4520","No","$219,900","12/08/2025","$219,900"
"501","21072220","","Closed","Closed","123 Stiles ","09/29/2025","","Springhill","$32.98","Other","4,094","5","4","0/3/3","2.0000","Yes","$135,000","12/08/2025","$135,000"
"501","21111721","","Closed","Closed","801 Princeton  Avenue ","11/19/2025","","Bossier City","$60.11","Central Park Un #1","1,331","4","1","0/0/0","0.3190","No","$80,000","12/08/2025","$80,000"
"501","21103423","","Closed","Closed","140 St Andrews  Lane ","11/03/2025","","Benton","$172.03","Belmere Un 3","2,401","4","3","2/0/0","0.2010","No","$413,055","12/09/2025","$413,055"
"501","21095180","","Closed","Closed","204 Rolling Meadows  Circle ","10/23/2025","","Bossier City","$149.64","Lucky Estates","2,673","4","4","2/0/2","1.5000","Yes","$400,000","12/09/2025","$400,000"
"501","21021594","","Closed","Closed","506 Carnaby  Court ","08/18/2025","","Bossier City","$161.93","Villages Tiburon","1,760","4","2","2/0/2","0.2140","No","$285,000","12/09/2025","$285,000"
"501","21030754","","Closed","Closed","319 Larkin  Street ","08/13/2025","","Benton","$137.11","Downs Sub","2,005","3","2","/2/2","0.5080","No","$274,900","12/09/2025","$274,900"
"501","21092215","","Closed","Closed","783 Venecia  Drive ","10/21/2025","","Bossier City","$153.48","THE COVE AT VILLAGGIO","1,782","3","2","2/0/2","0.1600","No","$273,500","12/09/2025","$273,500"
"501","20849753","","Closed","Closed","254 Sedgewick  Avenue ","02/20/2025","","Haughton","$191.35","Tuscany Villas","1,306","3","2","2/0/2","0.1640","No","$249,900","12/09/2025","$249,900"
"501","21021926","","Closed","Closed","350 Hendry  Drive ","08/04/2025","","Bossier City","$146.16","Willow Heights Sub Un #3","1,656","3","2","2/0/2","0.1560","No","$242,035","12/09/2025","$242,035"
"501","21100791","","Closed","Closed","4218 Logan  Street ","10/30/2025","","Bossier City","$110.87","Shady Grove Sub Un 3","1,352","4","2","/2/2","0.2320","No","$149,900","12/09/2025","$149,900"
"501","21050554","","Closed","Closed","1284 McDonald  Street ","09/04/2025","","Haynesville","$81.02","unknown","1,512","2","2","/2/2","0.2350","No","$122,500","12/09/2025","$122,500"
"501","20998256","","Closed","Closed","1022 Norris  Drive ","07/11/2025","","Bossier City","$119.36","Meadowview Park #1","997","3","1","0/1/1","6,970.0000","No","$119,000","12/09/2025","$119,000"
"501","21051633","","Closed","Closed","1535 Harveys Barber Shop  Road ","09/04/2025","","Dubberly","$86.96","Dubberly","1,150","3","1","1/1/1","1.0000","No","$100,000","12/09/2025","$100,000"
"501","21079700","","Closed","Closed","3131 Malvern  Street ","10/06/2025","","Bossier City","$83.09","Southern Terrace Sub","1,023","3","1","/1/1","0.1980","No","$85,000","12/09/2025","$85,000"
"501","21096246","","Closed","Closed","785 Crozier  Drive ","10/24/2025","","Bossier City","$158.56","Willow Heights","1,892","3","2","2/0/2","0.1910","No","$299,999","12/10/2025","$299,999"
"501","21037763","","Closed","Closed","739 Beverly  Drive ","08/20/2025","","Homer","$66.75","rural","4,195","4","4","/2/2","1.0800","No","$280,000","12/10/2025","$280,000"
"501","21050309","","Closed","Closed","6010 Inglewood  Court ","09/06/2025","","Bossier City","$143.84","Stockwell Place","1,898","4","2","2/0/2","0.2090","No","$273,000","12/10/2025","$273,000"
"501","21099511","","Closed","Closed","3305 Jefferson  Place ","10/29/2025","","Bossier City","$151.88","Northgate Village 11","1,646","4","2","2/0/2","0.1610","No","$250,000","12/10/2025","$250,000"
"501","20945926","","Closed","Closed","2174 Twin Lake  Road ","05/22/2025","","Benton","$111.06","Twin Lake Estates","1,800","3","2","/0/0","2.2500","No","$199,900","12/10/2025","$199,900"
"501","21069158","","Closed","Closed","2619 Doe Ridge  Drive ","09/24/2025","","Haughton","$129.09","Dogwood Park","1,100","3","2","1/0/1","0.1890","Yes","$142,000","12/10/2025","$142,000"
"501","21051400","","Closed","Closed","4213 Van Deeman  Street ","09/04/2025","","Bossier City","$115.35","Shady Grove 02","1,010","3","1","/1/1","0.2070","No","$116,500","12/10/2025","$116,500"
"501","21109828","","Closed","Closed","114  S Main  Street ","11/17/2025","","Heflin","$93.75","Ward 1","800","1","1","0/0/0","0.1400","No","$75,000","12/10/2025","$75,000"
"501","20953103","","Closed","Closed","773 Duckwater  Landing ","05/30/2025","","Bossier City","$199.49","Duckwater Landing","2,757","4","4","2/0/2","0.4100","No","$550,000","12/11/2025","$550,000"
"501","20935599","","Closed","Closed","561 Linton  Road ","05/13/2025","","Benton","$162.18","Rural","2,605","5","4","3/0/3","1.8730","Yes","$422,475","12/11/2025","$422,475"
"501","21093219","","Closed","Closed","394 Hummingbird  Lane ","10/22/2025","","Princeton","$140.73","THE HILLS OF EASTWOOD","2,204","4","2","2/0/2","0.1900","No","$310,165","12/11/2025","$310,165"
"501","21087519","","Closed","Closed","314 Hendry  Drive ","10/15/2025","","Bossier City","$155.33","WILLOW HEIGHTS","1,925","3","2","2/0/2","0.1600","No","$299,004","12/11/2025","$299,004"
"501","21075056","","Closed","Closed","4157 Grassy Lake  Drive ","10/01/2025","","Bossier City","$197.74","Legacy","1,309","3","2","2/0/2","0.1370","No","$258,840","12/11/2025","$258,840"
"501","21023818","","Closed","Closed","1402  N Acres  Circle ","08/06/2025","","Springhill","$93.05","North Acres Add","2,733","4","2","/2/2","0.6850","No","$254,300","12/11/2025","$254,300"
"501","20967849","","Closed","Closed","205 8th  Street  NE ","06/12/2025","","Springhill","$85.17","Woodlawn Sub","1,360","3","2","/2/2","0.3180","No","$115,825","12/11/2025","$115,825"
"501","21105447","","Closed","Closed","3100 Halls  Trail ","11/07/2025","","Haughton","$193.03","Sterling Ranch Estate","2,668","3","3","2/0/2","3.3000","No","$515,000","12/12/2025","$515,000"
"501","21071534","","Closed","Closed","857 Airport  Loop ","09/26/2025","","Homer","$272.35","Beaver Point Estates","1,465","3","2","/0/0","2.7980","No","$399,000","12/12/2025","$399,000"
"501","21090930","","Closed","Closed","117 Arbor  Place ","10/20/2025","","Bossier City","$196.08","The Crossing at Wemple","1,504","2","2","1/0/1","0.7800","No","$294,900","12/12/2025","$294,900"
"501","21089779","","Closed","Closed","3820 Shadow Bend  Drive ","10/17/2025","","Haughton","$148.27","Dogwood Park 19","1,848","4","2","2/0/2","0.2400","No","$274,000","12/12/2025","$274,000"
"501","21018099","","Closed","Closed","147 Vienne  Trace ","07/31/2025","","Haughton","$169.98","LEGACY POINTE","1,451","3","2","2/0/2","0.1500","No","$246,645","12/12/2025","$246,645"
"501","21110017","","Closed","Closed","5326 Foxglove  Drive ","11/12/2025","","Bossier City","$148.78","Golden Meadows Sub","1,472","3","2","2/0/2","0.2610","No","$219,000","12/12/2025","$219,000"
"501","21029423","","Closed","Closed","3634 Greenacres #241 ","08/12/2025","","Bossier City","$127.10","Greenacres Place Townhomes","1,310","2","2","/0/0","1,054.0000","No","$166,500","12/12/2025","$166,500"
"501","21062184","","Closed","Closed","1711 Alison  Avenue ","09/16/2025","","Bossier City","$125.98","Shady Grove Sub","1,296","3","2","/1/1","0.2280","No","$163,266","12/12/2025","$163,266"
"501","20932116","","Closed","Closed","2549 Bloomfield  Lane ","05/20/2025","","Haughton","$157.96","Forest Hills","4,871","5","4","4/0/4","0.5160","Yes","$769,400","12/15/2025","$769,400"
"501","21107628","","Closed","Closed","2463 Churchill  Drive ","11/07/2025","","Bossier City","$157.00","Crossing","2,293","4","3","2/0/2","0.3540","No","$360,000","12/15/2025","$360,000"
"501","21075292","","Closed","Closed","104 Oxford  Circle ","10/02/2025","","Bossier City","$105.09","Greenacres Place","3,259","4","3","0/0/2","0.3030","No","$342,500","12/15/2025","$342,500"
"501","20981163","","Closed","Closed","104 St Andrews  Lane ","06/25/2025","","Benton","$159.49","Belmere","1,975","3","2","2/0/2","0.2790","No","$315,000","12/15/2025","$315,000"
"501","21066912","","Closed","Closed","2365 Tallgrass  Circle ","10/01/2025","","Bossier City","$153.88","Legacy","1,995","3","2","2/0/2","0.1880","No","$307,000","12/15/2025","$307,000"
"501","21091091","","Closed","Closed","1900 Valdemar  Place ","10/20/2025","","Bossier City","$154.22","Beauclaire Sub","1,848","3","2","2/0/2","0.2190","No","$285,000","12/15/2025","$285,000"
"501","21006143","","Closed","Closed","4182 Grassy Lake  Drive ","07/20/2025","","Bossier City","$165.72","Redwood Place Legacy Un #11","1,581","3","2","2/0/2","6,000.0000","No","$262,000","12/15/2025","$262,000"
"501","21086610","","Closed","Closed","800 Venecia  Drive ","10/14/2025","","Bossier City","$178.11","THE COVE AT VILLAGGIO","1,363","3","2","2/0/2","0.1400","No","$242,768","12/15/2025","$242,768"
"501","21098066","","Closed","Closed","202 Lincoln  Avenue ","11/03/2025","","Haughton","$141.98","Haughton","1,620","3","2","/2/2","1.0000","No","$230,000","12/15/2025","$230,000"
"501","21085582","","Closed","Closed","151 Vienne  Trace ","10/13/2025","","Haughton","$179.75","LEGACY POINTE","1,236","3","2","2/0/2","0.1300","No","$222,165","12/15/2025","$222,165"
"501","21022364","","Closed","Closed","5605 James Scott  Circle ","08/06/2025","","Bossier City","$132.73","Golden Meadows","1,390","3","2","2/0/2","0.2602","No","$184,500","12/15/2025","$184,500"
"501","21104732","","Closed","Closed","105 Flagg  Drive ","11/05/2025","","Haughton","$120.18","Mimosa Gardens","1,140","3","1","/1/1","0.3840","No","$137,000","12/15/2025","$137,000"
"501","21108840","","Closed","Closed","3030 Sagefield  Lane ","11/10/2025","","Haughton","$168.92","Forest Hills Sub #10","2,320","4","3","2/0/0","0.3590","No","$391,900","12/16/2025","$391,900"
"501","21094306","","Closed","Closed","3117 Halls  Trail ","10/23/2025","","Haughton","$149.50","Dogwood Forest Sub","1,806","4","2","3/0/3","0.2550","Yes","$270,000","12/16/2025","$270,000"
"501","21110371","","Closed","Closed","1163 Gilbert  Drive ","11/14/2025","","Bossier City","$90.48","Gilbert Park Sub","2,100","3","4","2/0/2","0.2250","No","$190,000","12/16/2025","$190,000"
"501","21088940","","Closed","Closed","216 Roanoke  Circle ","10/16/2025","","Benton","$199.71","Jamestowne","1,752","3","2","2/0/2","0.2070","No","$349,900","12/17/2025","$349,900"
"501","20976618","","Closed","Closed","2212 Landau  Lane ","07/06/2025","","Bossier City","$119.29","Carriage Oaks","2,546","4","3","2/0/2","0.3580","No","$303,700","12/17/2025","$303,700"
"501","21038043","","Closed","Closed","1620 Anita  Street ","08/20/2025","","Bossier City","$119.57","Coleman Park","1,773","4","2","2/0/2","0.2810","Yes","$212,000","12/17/2025","$212,000"
"501","21084864","","Closed","Closed","1817 Andy  Circle ","10/13/2025","","Bossier City","$139.17","South Fork Estates","1,509","3","2","2/0/2","0.1720","No","$210,000","12/17/2025","$210,000"
"501","21067549","","Closed","Closed","325 Hendry  Drive ","09/23/2025","","Bossier City","$149.26","WILLOW HEIGHTS","1,851","4","3","2/0/2","0.1600","No","$276,282","12/18/2025","$276,282"
"501","21087125","","Closed","Closed","1607 Williamsburg  Drive ","10/14/2025","","Bossier City","$154.12","Northgate Village Un 8","1,395","3","2","2/0/2","0.0080","No","$215,000","12/18/2025","$215,000"
"501","20999769","","Closed","Closed","1904 Carol  Street ","08/03/2025","","Bossier City","$127.06","Shady Grove Sub","1,637","3","2","2/0/0","0.2290","No","$208,000","12/18/2025","$208,000"
"501","21039670","","Closed","Closed","2916 Eugene ","08/21/2025","","Bossier City","$92.95","Coleman Park","1,786","3","2","2/0/2","0.0149","No","$166,000","12/18/2025","$166,000"
"501","20887110","","Closed","Closed","1201 Coyle  Street ","03/31/2025","","Springhill","$95.96","None","1,511","3","2","/2/2","1.0960","No","$145,000","12/18/2025","$145,000"
"501","21071706","","Closed","Closed","4717 General Ewell  Drive ","09/26/2025","","Bossier City","$80.09","Southgate Estates Sub","1,713","3","2","/0/0","0.1710","No","$137,200","12/18/2025","$137,200"
"501","21006454","","Closed","Closed","2112 Clovis  Street ","07/20/2025","","Bossier City","$108.54","Whittington Park","995","2","1","/0/0","0.2650","No","$108,000","12/18/2025","$108,000"
"501","21118877","","Closed","Closed","2917 Bobbie  Street ","11/22/2025","","Bossier City","$51.55","Coleman Park 03","1,746","3","2","/2/2","0.2040","No","$90,000","12/18/2025","$90,000"
"501","20884943","","Closed","Closed","637 Caledonia  Drive ","03/28/2025","","Bossier City","$219.19","Tiburon","3,100","5","4","3/0/3","0.4700","No","$679,500","12/19/2025","$679,500"
"501","21062353","","Closed","Closed","609 Kari  Creek ","09/17/2025","","Bossier City","$123.66","Lakewood","3,356","5","4","3/0/3","0.8300","No","$415,000","12/19/2025","$415,000"
"501","21056039","","Closed","Closed","5526 Lake Side  Drive ","09/11/2025","","Bossier City","$138.45","Carriage Oaks 08","2,853","4","3","3/0/3","0.6900","Yes","$395,000","12/19/2025","$395,000"
"501","21099240","","Closed","Closed","407 Merestone  Crossing ","10/29/2025","","Benton","$129.68","Lost River Estates","2,941","4","3","2/0/2","0.2200","No","$381,385","12/19/2025","$381,385"
"501","21018050","","Closed","Closed","517 Half Moon  Lane ","07/31/2025","","Bossier City","$174.17","The Villiage at Tiburon","1,665","3","2","2/0/2","0.2030","No","$290,000","12/19/2025","$290,000"
"501","21072370","","Closed","Closed","141 Fitzwilliam  Street ","09/29/2025","","Haughton","$169.10","Tuscany Villas 02","1,437","3","2","0/0/2","6,820.0000","No","$243,000","12/19/2025","$243,000"
"501","21048862","","Closed","Closed","1931 Alfred  Lane ","09/02/2025","","Bossier City","$89.09","Ward 4","2,300","3","2","2/0/2","0.5000","No","$204,900","12/19/2025","$204,900"
"501","20958115","","Closed","Closed","223  W McKinley  Avenue ","06/04/2025","","Haughton","$117.31","Rural","1,560","3","2","/1/1","0.2600","No","$183,000","12/19/2025","$183,000"
"501","21113155","","Closed","Closed","516 Crouch  Road ","11/14/2025","","Benton","$125.00","East Cypress Lake","1,400","3","2","0/0/0","2.0100","No","$175,000","12/19/2025","$175,000"
"501","21066858","","Closed","Closed","1711 Almond  Circle ","09/23/2025","","Minden","$155.01","Rural","1,087","2","2","0/2/2","0.5600","No","$168,500","12/19/2025","$168,500"
"501","21077911","","Closed","Closed","1004 Brenda  Circle ","10/03/2025","","Minden","$114.87","Caney Lake Drive Sub #2","1,305","3","2","/1/1","0.3540","No","$149,900","12/19/2025","$149,900"
"501","21026413","","Closed","Closed","1333 Michael  Street ","08/08/2025","","Bossier City","$113.86","Waller","1,010","3","1","/1/1","0.1790","No","$115,000","12/19/2025","$115,000"
"501","21107936","","Closed","Closed","1101 Park  Highway ","11/08/2025","","Minden","$82.71","Goode Annex","1,330","3","2","/2/3","0.2380","No","$110,000","12/19/2025","$110,000"
"501","21072881","","Closed","Closed","1224 Gretchen  Lane ","09/29/2025","","Bossier City","$57.25","Pecan Park Un #1","1,310","3","1","/1/1","0.2410","No","$75,000","12/19/2025","$75,000"
"501","21105450","","Closed","Closed","1005  S Crescent  Cove ","11/07/2025","","Shreveport","$146.50","Island Park Garden Homes #2","2,000","3","3","2/0/2","0.1140","No","$293,000","12/22/2025","$293,000"
"501","21103019","","Closed","Closed","723 Mahogany  Lane ","11/03/2025","","Bossier City","$149.87","WILLOW HEIGHTS","1,925","3","2","2/0/2","0.1600","No","$288,493","12/22/2025","$288,493"
"501","21118887","","Closed","Closed","1401 Hinton  Street ","11/22/2025","","Minden","$123.81","Whispering Pines Sub","2,302","3","2","2/2/4","4.3430","No","$285,000","12/22/2025","$285,000"
"501","21061489","","Closed","Closed","486 Blanchard  Loop ","09/16/2025","","Bossier City","$152.68","CANES LANDING","1,848","3","2","2/0/2","0.1600","No","$282,145","12/22/2025","$282,145"
"501","20988397","","Closed","Closed","426 Zinfandel  Place ","07/02/2025","","Haughton","$149.53","LEGACY POINTE","1,689","3","2","2/0/2","0.1500","No","$252,560","12/22/2025","$252,560"
"501","21028671","","Closed","Closed","137 Vienne  Trace ","08/11/2025","","Haughton","$154.03","LEGACY POINTE","1,601","3","2","2/0/2","0.1500","No","$246,595","12/22/2025","$246,595"
"501","21067971","","Closed","Closed","5910 Wildcrest  Street ","09/23/2025","","Bossier City","$162.89","Lafayette Park 01-A","1,412","3","2","2/0/2","0.1480","No","$230,000","12/22/2025","$230,000"
"501","21122437","","Closed","Closed","287 Smith Loop ","11/30/2025","","Sarepta","$100.60","Smith Loop","1,342","3","2","/2/2","3.0600","No","$135,000","12/22/2025","$135,000"
"1001","21105880","","Closed","Closed","201  NW 4th  Street ","11/06/2025","","Springhill","$58.48","Frost Lumber Ind.","1,539","3","1","/2/2","0.3200","No","$90,000","12/22/2025","$90,000"
"1001","21079413","","Closed","Closed","3975 Old Plain Dealing  Road ","10/09/2025","","Plain Dealing","$76.11","none","900","2","1","/2/2","6.6900","No","$68,500","12/22/2025","$68,500"
"1001","21106911","","Closed","Closed","524 Hunters  Run ","11/07/2025","","Bossier City","$167.50","Stonebridge","3,397","5","4","3/0/3","0.2820","Yes","$569,000","12/23/2025","$569,000"
"1001","21115820","","Closed","Closed","116 Sherwood  Drive ","11/19/2025","","Benton","$115.02","Palmetto","2,390","4","3","2/0/2","0.4800","No","$274,900","12/23/2025","$274,900"
"1001","21070595","","Closed","Closed","107 Augusta  Avenue ","09/25/2025","","Benton","$154.67","Willow Ridge","1,745","3","2","2/0/2","13,212.0000","No","$269,900","12/23/2025","$269,900"
"1001","20994759","","Closed","Closed","418 Zinfandel  Place ","07/09/2025","","Haughton","$153.02","LEGACY POINTE","1,601","3","2","2/0/2","0.2000","No","$244,990","12/23/2025","$244,990"
"1001","21071406","","Closed","Closed","3516 Woodvine  Circle ","09/26/2025","","Haughton","$146.25","Dogwood Park","1,347","3","2","2/0/2","0.2180","No","$197,000","12/23/2025","$197,000"
"1001","21061546","","Closed","Closed","506 Whispering Pine  Circle ","09/16/2025","","Haughton","$93.72","Tall Timbers Sub","1,974","4","2","2/0/2","0.3220","No","$185,000","12/23/2025","$185,000"
"1001","21099050","","Closed","Closed","1515 Debra  Street ","11/11/2025","","Bossier City","$118.20","Glendale Sub Un 5","1,269","4","2","0/2/2","0.1791","No","$150,000","12/23/2025","$150,000"
"1001","21092609","","Closed","Closed","2425 Douglas  Drive ","10/21/2025","","Bossier City","$124.38","Greenacres Sub","1,206","3","1","/1/1","0.2410","No","$150,000","12/23/2025","$150,000"
"1001","20950983","","Closed","Closed","547 5th  Avenue ","05/28/2025","","Sibley","$72.19","Prairie Grove Estates","1,600","3","2","0/2/2","1.0210","No","$115,500","12/23/2025","$115,500"
"1001","21051928","","Closed","Closed","513 Myers  Street ","09/11/2025","","Minden","$38.39","Brown Addition","521","1","1","0/0/0","0.2000","No","$20,000","12/23/2025","$20,000"
"1001","21051984","","Closed","Closed","501 Myers  Street ","09/11/2025","","Minden","$18.99","Brown Addition","790","2","1","/0/0","0.1140","No","$15,000","12/23/2025","$15,000"
"1001","21073115","","Closed","Closed","2138 Airline  Drive ","09/29/2025","","Bossier City","$95.95","Timber Cove Twnhms","938","2","2","/2/2","795.0000","No","$90,000","12/24/2025","$90,000"
"1001","21082555","","Closed","Closed","5820 Bluebonnett  Drive ","10/09/2025","","Bossier City","$129.74","Golden Mdws 21","1,819","3","2","2/0/2","0.2420","No","$236,000","12/26/2025","$236,000"
"1001","21020440","","Closed","Closed","204 Magnolia  Crossing ","08/01/2025","","Bossier City","$254.10","Oak Alley","4,713","4","5","3/4/1","19,713.0000","Yes","$1,197,579","12/29/2025","$1,197,579"
"1001","20955646","","Closed","Closed","2509  N Waverly  Drive ","06/02/2025","","Bossier City","$91.37","Greenacres Sub","3,557","3","3","2/0/2","0.3550","Yes","$325,000","12/29/2025","$325,000"
"1001","21075972","","Closed","Closed","406 Hummingbird  Lane ","10/02/2025","","Princeton","$135.08","THE HILLS OF EASTWOOD","2,204","4","2","2/0/2","0.1900","No","$297,710","12/29/2025","$297,710"
"1001","20974044","","Closed","Closed","774 Hackberry  Drive ","06/20/2025","","Bossier City","$151.47","Cypress Bend 01","1,941","3","2","2/0/2","2,335.0000","No","$294,000","12/29/2025","$294,000"
"1001","21029733","","Closed","Closed","721 Mahogany  Lane ","08/12/2025","","Bossier City","$165.61","WILLOW HEIGHTS","1,561","3","2","2/0/2","0.1600","No","$258,525","12/29/2025","$258,525"
"1001","21069329","","Closed","Closed","3514 Shadow Wood  Drive ","09/24/2025","","Haughton","$141.94","Dogwood Park 02","1,550","3","2","2/0/2","0.3439","No","$220,000","12/29/2025","$220,000"
"1001","21090230","","Closed","Closed","222 Country  Lane ","10/18/2025","","Haughton","$112.54","Country Place Sub","1,404","2","2","2/0/2","0.2360","No","$158,000","12/29/2025","$158,000"
"1001","21119137","","Closed","Closed","779 Duckwater  Landing ","11/24/2025","","Bossier City","$192.47","Duckwater Landing","3,481","4","4","3/1/4","0.4000","No","$670,000","12/30/2025","$670,000"
"1001","20851914","","Closed","Closed","604 Danube ","02/23/2025","","Bossier City","$219.11","Canal Place","2,650","4","3","3/0/3","0.4000","No","$580,650","12/30/2025","$580,650"
"1001","20970166","","Closed","Closed","919 Chisolm  Trail ","06/14/2025","","Bossier City","$215.05","Tiburon","1,920","3","2","2/0/2","0.4100","No","$412,900","12/30/2025","$412,900"
"1001","21094679","","Closed","Closed","414 Hummingbird  Lane ","10/23/2025","","Princeton","$131.62","THE HILLS OF EASTWOOD","2,720","5","3","2/0/2","0.1900","No","$357,993","12/30/2025","$357,993"
"1001","21046601","","Closed","Closed","1152 Green Wood  Circle ","08/29/2025","","Haughton","$172.32","Dogwood South Sub #21","1,799","3","2","2/0/2","0.2430","Yes","$310,000","12/30/2025","$310,000"
"1001","21078048","","Closed","Closed","109  S Meadow  Lane ","10/03/2025","","Haughton","$127.44","Country Place","2,354","4","2","2/0/2","0.4800","Yes","$300,000","12/30/2025","$300,000"
"1001","21099984","","Closed","Closed","183 Woodard  Drive ","10/31/2025","","Minden","$111.39","Timberline","2,064","3","2","2/2/4","0.8600","No","$229,900","12/30/2025","$229,900"
"1001","21069388","","Closed","Closed","3512 Glasscock  Avenue ","09/26/2025","","Bossier City","$146.45","Bellaire","1,365","3","2","1/0/1","0.2118","No","$199,900","12/30/2025","$199,900"
"1001","21094361","","Closed","Closed","1610 Cline  Street ","11/04/2025","","Bossier City","$146.08","Shady Grove Sub","931","3","1","0/1/1","0.2390","No","$136,000","12/30/2025","$136,000"
"1001","21006103","","Closed","Closed","315  N Arkansas  Street ","07/20/2025","","Springhill","$71.38","Frost Lbr Ind Inc Nene11 & Nw","1,443","2","2","/2/2","0.1860","No","$103,000","12/30/2025","$103,000"
"1001","20938635","","Closed","Closed","1170 Hwy 162 ","05/16/2025","","Benton","$223.28","Voss Road Estates","1,366","3","2","/2/2","1.7880","Yes","$305,000","12/31/2025","$305,000"
"1001","20988237","","Closed","Closed","504 Ranger  Drive ","07/02/2025","","Bossier City","$177.45","Cypress Bend Garden District #3","1,521","3","2","2/0/2","0.1760","No","$269,900","12/31/2025","$269,900"
"1001","21088451","","Closed","Closed","1100 Drew  Lane ","10/16/2025","","Minden","$93.34","Glendale Sub #1","1,982","3","2","0/2/2","0.5505","No","$185,000","12/31/2025","$185,000"
"1001","21101626","","Closed","Closed","21 Ceaser  Circle ","10/31/2025","","Benton","$180.94","Lost River Estate","2,592","4","3","2/2/2","0.2830","No","$469,000","01/02/2026","$469,000"
"1001","21104830","","Closed","Closed","412 Summit  Drive ","11/09/2025","","Bossier City","$106.44","Greenacres Place Sub","1,973","3","2","2/0/2","0.2280","No","$210,000","01/02/2026","$210,000"
"1001","21092065","","Closed","Closed","5302 Iris  Circle ","10/27/2025","","Bossier City","$146.15","Golden Meadows","1,402","3","2","2/0/2","0.2410","No","$204,900","01/02/2026","$204,900"
"1001","21111901","","Closed","Closed","137 Elmview  Lane ","12/01/2025","","Haughton","$118.21","Country Place Sub","1,878","4","2","2/0/2","0.2520","No","$222,000","01/05/2026","$222,000"
"1001","21103103","","Closed","Closed","2905 Rebel ","11/05/2025","","Bossier City","$122.88","Southern trace sub #1","1,180","4","2","/2/0","0.1810","No","$145,000","01/05/2026","$145,000"
"1001","21078563","","Closed","Closed","3636 Greenacres Place  Drive #102 ","10/04/2025","","Bossier City","$140.72","Carriage Quarters Glen Acres P","668","1","1","0/1/1","0.0150","No","$94,000","01/05/2026","$94,000"
"1001","21080251","","Closed","Closed","448 Merestone  Crossing ","10/07/2025","","Benton","$154.98","Lost River Estates","2,622","4","3","2/0/2","0.8000","No","$406,361","01/06/2026","$406,361"
"1001","21085470","","Closed","Closed","321 Blue Fox  Circle ","10/13/2025","","Haughton","$170.36","Dogwood South 06","1,849","4","2","2/0/2","0.4840","No","$314,999","01/06/2026","$314,999"
"1001","21047132","","Closed","Closed","1205 Sibley  Road ","08/28/2025","","Minden","$110.00","J.M. Brown","1,000","2","1","/0/0","0.8200","No","$110,000","01/07/2026","$110,000"
"1001","21056401","","Closed","Closed","1620 Wafer  Road ","09/10/2025","","Haughton","$75.46","Happy Meadow Sub","1,153","2","2","0/0/0","0.4400","No","$87,000","01/07/2026","$87,000"
"1001","21126732","","Closed","Closed","269 Longhorn  Drive ","12/05/2025","","Bossier City","$28.04","Pecan Grove","1,248","3","2","0/0/1","1.3910","No","$35,000","01/07/2026","$35,000"
"1001","21097999","","Closed","Closed","3070 Dublin Way ","10/28/2025","","Bossier City","$177.53","Legacy- Redwood Place","1,549","3","2","2/0/2","0.0210","No","$275,000","01/08/2026","$275,000"
"1001","21066591","","Closed","Closed","5535 Meadowsweet  Circle ","09/22/2025","","Bossier City","$150.42","Golden Meadows","1,775","4","2","2/0/2","0.1980","No","$267,000","01/08/2026","$267,000"
"1001","21041344","","Closed","Closed","190 Bent Tree  Loop ","08/29/2025","","Haughton","$162.75","Southern Oaks","1,474","3","2","2/0/2","0.2060","No","$239,900","01/08/2026","$239,900"
"1001","20781691","","Closed","Closed","57 Meadow Creek  Drive ","11/23/2024","","Bossier City","$94.61","Meadow Creek","2,114","3","3","2/0/2","0.0380","Yes","$200,000","01/08/2026","$200,000"
"1001","21111000","","Closed","Closed","5214 Lauri  Lane ","11/12/2025","","Bossier City","$147.04","Golden Meadows Sub","1,316","2","2","1/0/1","0.1930","No","$193,500","01/08/2026","$193,500"
"1001","20942683","","Closed","Closed","2407 Benton  Road ","05/20/2025","","Bossier City","$127.35","none","4,476","4","3","2/0/2","3.0200","Yes","$570,000","01/09/2026","$570,000"
"1001","21081430","","Closed","Closed","741 Crewe  Lane ","10/08/2025","","Bossier City","$136.20","CANES LANDING","2,720","5","3","2/0/2","0.1700","No","$370,465","01/09/2026","$370,465"
"1001","20936391","","Closed","Closed","4013 Wisteria  Lane ","05/14/2025","","Benton","$139.17","Woodlake South","2,515","4","3","2/0/2","0.5000","No","$350,000","01/09/2026","$350,000"
"1001","21062449","","Closed","Closed","991 Caplis Sligo ","09/17/2025","","Bossier City","$148.21","none","2,240","3","3","/4/4","9.9200","No","$332,000","01/09/2026","$332,000"
"1001","21058479","","Closed","Closed","321 Hendry  Drive ","09/12/2025","","Bossier City","$143.69","WILLOW HEIGHTS","1,953","3","2","2/0/2","0.1600","No","$280,634","01/09/2026","$280,634"
"1001","21044466","","Closed","Closed","1701 Avondale  Court ","08/28/2025","","Bossier City","$161.64","Savannah Place Un #11","1,559","3","2","2/0/2","0.1790","No","$252,000","01/09/2026","$252,000"
"1001","21102634","","Closed","Closed","5505 Meadowsweet  Circle ","11/03/2025","","Bossier City","$155.74","Golden Mdws #10","1,541","3","2","2/0/2","0.2500","No","$240,000","01/09/2026","$240,000"
"1001","21107420","","Closed","Closed","437 Caplis Sligo  Road ","11/07/2025","","Bossier City","$138.42","Reeder Sub","1,705","3","2","/0/0","1.1000","No","$236,000","01/09/2026","$236,000"
"1001","21095114","","Closed","Closed","3524 Ponderosa  Drive ","10/23/2025","","Bossier City","$126.01","Bellaire Sub","1,738","3","2","0/1/1","0.1850","No","$219,000","01/09/2026","$219,000"
"1001","21117682","","Closed","Closed","3635 Greenacres Place  Drive #322 ","11/20/2025","","Bossier City","$150.98","Greenacres Place Twnhses Ph 02","1,424","3","2","2/2/2","0.0690","No","$215,000","01/09/2026","$215,000"
"1001","21053703","","Closed","Closed","3001 Jamie  Place ","09/08/2025","","Bossier City","$125.00","Coleman Park 11","1,320","3","1","/1/1","0.2180","No","$165,000","01/09/2026","$165,000"
"1001","21120879","","Closed","Closed","3636 Greenacres Place  Drive #146 ","11/25/2025","","Bossier City","$146.71","Carriage Quarters","668","1","1","0/1/1","0.0220","No","$98,000","01/09/2026","$98,000"
"1001","21040339","","Closed","Closed","608 Enchanted  Lane ","08/22/2025","","Bossier City","$226.32","Stonebridge","3,800","4","4","3/0/3","0.5430","Yes","$860,000","01/12/2026","$860,000"
"1001","21027544","","Closed","Closed","4149 Grassy Lake  Drive ","08/09/2025","","Bossier City","$184.27","Legacy","1,552","3","2","2/2/2","0.1700","No","$285,990","01/12/2026","$285,990"
"1001","21087212","","Closed","Closed","4417 Parkridge  Drive ","10/16/2025","","Benton","$149.14","Palmetto Park","1,864","3","2","2/0/2","0.3900","No","$278,000","01/12/2026","$278,000"
"1001","21072618","","Closed","Closed","8620 Timberwood  Lane ","09/29/2025","","Haughton","$122.12","Dogwood Park Sub","2,039","4","2","2/2/2","0.3830","No","$249,000","01/12/2026","$249,000"
"1001","21104404","","Closed","Closed","105 Cleveland  Street ","11/13/2025","","Benton","$137.24","Arick Subdivision","1,450","3","3","0/1/1","0.2550","Yes","$199,000","01/12/2026","$199,000"
"1001","21116911","","Closed","Closed","319 Orr  Street ","11/19/2025","","Cullen","$88.95","RURAL","1,900","3","2","/2/2","0.5700","No","$169,000","01/12/2026","$169,000"
"1001","21107358","","Closed","Closed","421 Edgemont  Drive ","11/10/2025","","Bossier City","$147.04","Greenacres Place #8","1,809","3","2","2/0/2","0.3030","No","$266,000","01/13/2026","$266,000"
"1001","21019504","","Closed","Closed","4932 General Ashley  Drive ","08/01/2025","","Bossier City","$132.43","Southgate Estates Sub","1,850","3","2","2/0/2","0.2580","No","$245,000","01/13/2026","$245,000"
"1001","21009322","","Closed","Closed","900 Elm  Street ","07/25/2025","","Minden","$110.26","Goode Annex","1,755","2","2","0/2/2","0.5200","No","$193,500","01/13/2026","$193,500"
"1001","20984489","","Closed","Closed","706  NW 6th  Street  NW ","06/27/2025","","Springhill","$54.42","North Acres","2,554","3","2","/2/2","22,216.0000","No","$139,000","01/14/2026","$139,000"
"1001","21026099","","Closed","Closed","221 Conti  Way ","08/07/2025","","Bossier City","$193.80","St Charles Court Village Un #9","2,709","4","4","3/0/3","0.4188","No","$525,000","01/15/2026","$525,000"
"1001","21115785","","Closed","Closed","5020 Sweetwater  Drive ","11/18/2025","","Benton","$179.83","Sweetwater Oaks","2,558","4","3","3/0/3","0.5420","Yes","$460,000","01/15/2026","$460,000"
"1001","21045961","","Closed","Closed","1101 Louisiana  Avenue ","08/29/2025","","Minden","$174.22","Glendale","1,435","3","2","/2/2","0.3400","No","$250,000","01/15/2026","$250,000"
"1001","21054865","","Closed","Closed","1911 General Jackson  Place ","09/08/2025","","Bossier City","$151.63","Cypress Place","1,286","3","2","2/0/2","0.0870","No","$195,000","01/15/2026","$195,000"
"1001","21058880","","Closed","Closed","604 Anthony  Street ","09/13/2025","","Bossier City","$104.48","Barksdale Gardens","1,115","3","1","/1/1","0.2380","No","$116,500","01/15/2026","$116,500"
"1001","20869315","","Closed","Closed","507  W Marshall  Street ","03/12/2025","","Minden","$15.76","Batton Jack Sub","1,269","3","1","/1/1","0.2750","No","$20,000","01/15/2026","$20,000"
"1001","21116457","","Closed","Closed","743 Crewe  Lane ","11/19/2025","","Bossier City","$134.45","CANES LANDING","2,811","4","3","2/0/2","0.1800","No","$377,951","01/16/2026","$377,951"
"1001","21121594","","Closed","Closed","117 Bent Tree  Loop ","11/28/2025","","Haughton","$157.99","Southern Oaks Sub","1,576","3","2","2/0/2","0.2240","No","$249,000","01/16/2026","$249,000"
"1001","21075378","","Closed","Closed","1615 Success  Street ","10/03/2025","","Bossier City","$140.00","Shady Grove Sub #2","1,350","3","2","/2/2","0.2730","No","$189,000","01/16/2026","$189,000"
"1001","21078989","","Closed","Closed","4210 Mike  Street ","10/06/2025","","Bossier City","$144.76","Shady Grove","1,204","3","2","/1/1","0.2020","No","$174,290","01/16/2026","$174,290"
"1001","21096586","","Closed","Closed","107 Benoist  Circle ","10/25/2025","","Bossier City","$80.04","Northland Estates Sub","1,999","4","2","2/0/2","0.7200","No","$160,000","01/16/2026","$160,000"
"1001","21085229","","Closed","Closed","1417 Gray Lake  Drive ","10/13/2025","","Princeton","$59.58","Duck Island Ph I","2,432","4","2","/0/0","0.5810","No","$144,900","01/16/2026","$144,900"
"1001","21028229","","Closed","Closed","603 7th  Street  SE ","08/11/2025","","Springhill","$79.32","Braley Sub #2","1,784","3","2","/1/1","1.0000","No","$141,500","01/16/2026","$141,500"
"1001","21115533","","Closed","Closed","400 3rd  Street  SE ","11/18/2025","","Springhill","$63.49","East Side Sub #1","1,260","3","2","/1/1","0.2190","No","$80,000","01/16/2026","$80,000"
"1001","21115002","","Closed","Closed","3493 Grand Cane  Lane ","12/10/2025","","Bossier City","$188.59","Redwood Pl Legacy Un #7","1,323","3","2","2/0/2","0.1720","No","$249,500","01/17/2026","$249,500"
"1001","21101827","","Closed","Closed","375 Camden Hill  Street ","11/01/2025","","Haughton","$168.27","Tuscany Villas","1,922","4","2","2/2/2","0.2200","No","$323,421","01/20/2026","$323,421"
"1001","21116472","","Closed","Closed","318 Hendry  Drive ","11/19/2025","","Bossier City","$146.55","WILLOW HEIGHTS","2,092","4","3","2/0/2","0.1800","No","$306,581","01/20/2026","$306,581"
"1001","21067583","","Closed","Closed","796 Venecia  Drive ","09/23/2025","","Bossier City","$148.47","THE COVE AT VILLAGGIO","1,782","3","2","2/0/2","0.1400","No","$264,570","01/20/2026","$264,570"
"1001","21104073","","Closed","Closed","4203 Toledo Bend  Drive ","11/04/2025","","Bossier City","$198.74","Legacy","1,297","3","2","2/0/2","0.1380","No","$257,765","01/20/2026","$257,765"
"1001","21107325","","Closed","Closed","104 Pebble Beach  Drive ","11/07/2025","","Benton","$110.06","River Ridge Sub","1,999","4","2","2/0/2","0.3210","No","$220,000","01/20/2026","$220,000"
"1001","21104828","","Closed","Closed","615 Lawrence  Drive ","11/07/2025","","Haughton","$112.74","Merry Woods Sub","1,845","3","2","2/0/2","0.6800","No","$208,000","01/20/2026","$208,000"
"1001","21087721","","Closed","Closed","3203 Bistineau  Drive ","10/16/2025","","Bossier City","$99.15","Coleman Park Sub Un #11","1,765","3","2","0/1/1","0.1790","No","$175,000","01/20/2026","$175,000"
"1001","21041025","","Closed","Closed","2023 Pluto  Drive ","08/26/2025","","Bossier City","$132.87","Sun City Sub","1,016","3","1","/1/1","0.1520","No","$135,000","01/20/2026","$135,000"
"1001","21128125","","Closed","Closed","14707 Highway 159  Highway ","12/08/2025","","Shongaloo","$88.08","none","1,476","3","2","/2/2","10.7600","No","$130,000","01/20/2026","$130,000"
"1001","21083932","","Closed","Closed","739 Crewe  Lane ","10/10/2025","","Bossier City","$147.39","CANES LANDING","2,476","5","3","2/0/2","0.1200","No","$364,932","01/21/2026","$364,932"
"1001","21121448","","Closed","Closed","4429 Ellis  Court ","11/26/2025","","Benton","$160.86","Palmetto Park 09","1,865","4","2","2/2/4","0.3170","Yes","$300,000","01/21/2026","$300,000"
"1001","21104910","","Closed","Closed","2017 Cypress Forest  Drive ","11/05/2025","","Benton","$103.67","Cypress Forest Subdivision","2,016","4","2","/0/0","0.8840","No","$209,000","01/21/2026","$209,000"
"1001","21160004","","Closed","Closed","716 Pero Church  Road ","01/20/2026","","Sibley","$146.38","Rural","1,216","3","2","/1/1","6.5200","No","$178,000","01/21/2026","$178,000"
"1001","21100503","","Closed","Closed","1408 Azalea  Street ","11/04/2025","","Bossier City","$119.34","Southern Gardens Sub","1,215","3","1","0/0/0","0.2160","No","$145,000","01/21/2026","$145,000"
"1001","21138946","","Closed","Closed","1920 Alison  Avenue ","12/28/2025","","Bossier City","$133.33","Shady Grove Sub #3","990","3","1","/1/1","0.1740","No","$132,000","01/21/2026","$132,000"
"1001","21092202","","Closed","Closed","305 Hacienda  Circle ","10/20/2025","","Haughton","$78.07","Espanita Forest Sub","1,345","3","2","/0/0","0.2440","No","$105,000","01/21/2026","$105,000"
"1001","21141315","","Closed","Closed","340 Lindsey  Avenue ","12/30/2025","","Cotton Valley","$22.61","rural","1,592","3","2","/1/1","0.2480","No","$36,000","01/21/2026","$36,000"
"1001","21117404","","Closed","Closed","735 Crewe  Lane ","11/20/2025","","Bossier City","$147.29","CANES LANDING","2,204","4","2","2/0/2","0.1700","No","$324,628","01/22/2026","$324,628"
"1001","21120351","","Closed","Closed","960 Maize  Street ","11/28/2025","","Bossier City","$178.72","Cypress Bend Gardens #4","1,734","3","2","2/2/2","0.3120","No","$309,900","01/22/2026","$309,900"
"1001","21127275","","Closed","Closed","774 Chandler  Road ","12/06/2025","","Haughton","$148.07","Red Point Sub","1,215","3","1","/2/2","2.0000","No","$179,900","01/22/2026","$179,900"
"1001","21022161","","Closed","Closed","4936 Old Oak  Drive ","08/19/2025","","Benton","$241.57","Woodlake South","2,372","3","2","2/0/2","0.7240","No","$573,000","01/23/2026","$573,000"
"1001","20991584","","Closed","Closed","5762 Louisiana Highway 9 ","07/05/2025","","Summerfield","$125.00","Rural","3,496","4","4","3/0/3","6.5600","Yes","$437,000","01/23/2026","$437,000"
"1001","21094852","","Closed","Closed","3635 Greenacres Place  Drive #311 ","10/23/2025","","Bossier City","$121.52","Garden District Homes","2,370","3","3","2/0/2","0.0360","No","$288,000","01/23/2026","$288,000"
"1001","21056152","","Closed","Closed","204 Afton  Place ","09/12/2025","","Bossier City","$149.55","Plantation Trace Garden Homes","1,772","3","2","2/0/2","0.1630","No","$265,000","01/23/2026","$265,000"
"1001","21108040","","Closed","Closed","8615 Hollow Bluff  Drive ","11/08/2025","","Haughton","$122.61","Dogwood Park","1,990","3","2","2/0/2","0.2260","No","$244,000","01/23/2026","$244,000"
"1001","21013848","","Closed","Closed","419 Highland  Drive ","07/26/2025","","Bossier City","$117.43","Greenacres Place Sub","1,865","3","2","2/0/2","0.2060","No","$219,000","01/23/2026","$219,000"
"1001","20923175","","Closed","Closed","905 College  Street ","05/01/2025","","Doyline","$139.46","Webster Investments Inc Sub","1,470","3","2","/2/2","0.5710","Yes","$205,000","01/23/2026","$205,000"
"1001","21117291","","Closed","Closed","62 Princeton  Lane  S ","11/20/2025","","Princeton","$66.19","Princeton Estate","2,387","3","2","0/2/2","0.9170","No","$158,000","01/23/2026","$158,000"
"1001","21129497","","Closed","Closed","727 Highway 162 ","12/09/2025","","Benton","$65.66","Rural","1,980","5","3","0/0/0","3.0000","No","$130,000","01/23/2026","$130,000"
"1001","21102325","","Closed","Closed","332 Crosscreek  Drive ","11/11/2025","","Bossier City","$177.95","Lakewood #5b","3,175","4","3","4/0/4","2.9100","No","$565,000","01/28/2026","$565,000"
"1001","21127756","","Closed","Closed","407 Blanchard  Loop ","12/08/2025","","Bossier City","$136.03","CANES LANDING","2,720","5","3","2/0/2","0.1900","No","$370,000","01/28/2026","$370,000"
"1001","21079468","","Closed","Closed","303 Bevly Lake ","10/06/2025","","Bossier City","$188.87","River Bluff","1,959","3","2","2/2/2","0.1490","No","$370,000","01/28/2026","$370,000"
"1001","21126518","","Closed","Closed","219 Ferry Lake  Drive ","12/05/2025","","Bossier City","$184.22","Edgewater Pass","1,801","3","2","2/0/2","0.2200","No","$331,786","01/28/2026","$331,786"
"1001","21067565","","Closed","Closed","466 Jordan  Drive ","09/24/2025","","Bossier City","$164.09","Savannha Place Un #11","1,749","3","2","2/0/2","0.1723","No","$287,000","01/28/2026","$287,000"
"1001","21099037","","Closed","Closed","8503 Hollow Bluff  Drive ","11/05/2025","","Haughton","$147.09","Dogwood Park Sub","1,427","3","2","1/0/1","0.4650","No","$209,900","01/28/2026","$209,900"
"1001","21130891","","Closed","Closed","902 Clay  Street ","12/11/2025","","Minden","$137.45","Babb Add","1,175","3","2","/1/1","0.3330","No","$161,500","01/28/2026","$161,500"
"1001","21119128","","Closed","Closed","314 Prien Lake Loop ","11/23/2025","","Bossier City","$179.10","Edgewater Pass","1,922","4","2","2/0/2","0.2000","No","$344,235","01/29/2026","$344,235"
"1001","21125424","","Closed","Closed","316 Hendry  Drive ","12/04/2025","","Bossier City","$149.60","WILLOW HEIGHTS","1,848","3","2","2/0/2","0.1600","No","$276,455","01/29/2026","$276,455"
"1001","21151229","","Closed","Closed","4035 False River  Drive ","01/16/2026","","Bossier City","$199.29","Redwood Place Un 10","1,129","3","2","2/0/2","0.1380","No","$225,000","01/29/2026","$225,000"
"1001","21125557","","Closed","Closed","1824 Ray  Avenue ","12/04/2025","","Bossier City","$105.67","Shady Grove Sub","1,992","4","2","0/0/0","0.1939","No","$210,500","01/29/2026","$210,500"
"1001","21055386","","Closed","Closed","1012 Watterman  Street ","09/09/2025","","Minden","$95.83","Babb Add","1,680","3","2","1/2/2","0.3330","No","$161,000","01/29/2026","$161,000"
"1001","21062622","","Closed","Closed","3986 Stuart  Avenue ","09/17/2025","","Bossier City","$77.74","Shady Grove Sub","1,640","3","3","0/1/1","0.1950","No","$127,500","01/29/2026","$127,500"
"1001","21122272","","Closed","Closed","5705 Lake Side Drive  Drive ","11/30/2025","","Bossier City","$148.38","Carriage Oaks 10","4,549","5","5","3/0/3","2.6520","No","$675,000","01/30/2026","$675,000"
"1001","21021990","","Closed","Closed","404 Merestone  Crossing ","08/04/2025","","Benton","$164.44","Lost River Estates","2,211","4","3","2/0/2","0.3000","No","$363,571","01/30/2026","$363,571"
"1001","21124620","","Closed","Closed","749 Crewe  Lane ","12/03/2025","","Bossier City","$157.69","CANES LANDING","2,211","4","3","2/0/2","0.2000","No","$348,643","01/30/2026","$348,643"
"1001","21120399","","Closed","Closed","752 Crewe  Lane ","11/25/2025","","Bossier City","$150.61","CANES LANDING","2,204","4","2","2/0/2","0.2000","No","$331,935","01/30/2026","$331,935"
"1001","21134416","","Closed","Closed","1044 Almond  Circle ","12/22/2025","","Minden","$239.92","rural","1,250","2","2","2/0/2","5.0000","No","$299,900","01/30/2026","$299,900"
"1001","21118881","","Closed","Closed","473 Preserve  Boulevard ","11/22/2025","","Bossier City","$185.92","The Preserve","1,606","3","2","2/2/2","0.1700","No","$298,590","01/30/2026","$298,590"
"1001","21096634","","Closed","Closed","2508 Cole  Circle ","10/25/2025","","Bossier City","$153.30","Richmond Cove 03","1,741","3","2","2/0/2","0.2750","No","$266,900","01/30/2026","$266,900"
"1001","21138454","","Closed","Closed","4002 False River  Drive ","12/26/2025","","Bossier City","$189.75","Redwood Place Legacy Un #10","1,317","3","2","2/0/2","0.2480","No","$249,900","01/30/2026","$249,900"
"1001","21097346","","Closed","Closed","17 Meadow Creek ","10/27/2025","","Bossier City","$86.65","Meadow Creek","2,135","3","3","2/0/2","1,587.0000","No","$185,000","01/30/2026","$185,000"
"1001","21122381","","Closed","Closed","1204 Evangeline  Circle ","12/04/2025","","Bossier City","$162.57","Pecan Park Sub #4","1,138","3","2","/2/2","0.3270","No","$185,000","01/30/2026","$185,000"
"1001","21081866","","Closed","Closed","5303 Susanna  Drive ","10/08/2025","","Bossier City","$131.23","Golden Meadows Sub","1,364","3","2","2/0/2","0.1880","No","$179,000","01/30/2026","$179,000"
"1001","21052193","","Closed","Closed","195 Frazier  Avenue ","09/05/2025","","Sibley","$88.71","Pleasant Lake Estates","1,860","3","2","0/2/2","0.8140","No","$165,000","01/30/2026","$165,000"
"1001","21132873","","Closed","Closed","127 Bower  Loop ","12/15/2025","","Haynesville","$83.59","Rural","1,914","3","2","0/0/0","1.0000","No","$160,000","01/30/2026","$160,000"
"1001","21098513","","Closed","Closed","112 Skipper  Drive ","10/28/2025","","Haughton","$103.12","Bodcau Park Anx #2","1,377","2","2","0/2/2","0.2860","No","$142,000","01/30/2026","$142,000"
"1001","20800814","","Closed","Closed","115 Ashwood  Drive ","12/19/2024","","Haughton","$69.44","Piney Forest Sub","2,016","4","3","0/2/2","0.8000","No","$140,000","01/30/2026","$140,000"
"1001","21139733","","Closed","Closed","5305 Daffodil  Avenue ","12/29/2025","","Bossier City","$143.89","Southern Gardens Sub","966","3","1","/1/1","0.2200","No","$139,000","01/30/2026","$139,000"
"1001","20941529","","Closed","Closed","4437 Highway 2 Alt ","05/19/2025","","Haynesville","$59.90","Rural","2,304","4","2","/2/2","0.7880","No","$138,000","01/30/2026","$138,000"
"1001","21138605","","Closed","Closed","2433 Melrose  Avenue ","12/26/2025","","Bossier City","$82.59","Greenacres","1,459","4","2","2/0/2","0.3000","No","$120,500","01/30/2026","$120,500"
"1001","21009020","","Closed","Closed","4846 Camellia  Lane ","07/23/2025","","Bossier City","$74.98","Swan Lake Sub","1,367","3","2","/0/0","0.1410","No","$102,500","01/30/2026","$102,500"
"1001","20905212","","Closed","Closed","260 College  Street ","04/15/2025","","Doyline","$58.57","Rural","1,400","3","2","/2/2","0.8500","No","$82,000","01/30/2026","$82,000"
"1001","21104816","","Closed","Closed","1507 Viosca  Street ","11/05/2025","","Bossier City","$54.17","Glendale 06","1,428","3","1","/0/0","0.1750","No","$77,350","01/31/2026","$77,350"
"1001","21106161","","Closed","Closed","3103 Shed  Road ","11/06/2025","","Bossier City","$72.01","Southern Terrace #1","927","2","1","/1/1","0.1850","No","$66,750","01/31/2026","$66,750"
"1001","21022973","","Closed","Closed","762 Venecia  Drive ","08/05/2025","","Bossier City","$148.80","THE COVE AT VILLAGGIO","1,788","4","3","2/0/2","0.1300","No","$266,060","02/02/2026","$266,060"
"1001","21113183","","Closed","Closed","213 Whispering Pine  Drive ","11/14/2025","","Haughton","$134.87","Tall Timbers Sub","1,520","3","2","2/2/4","0.4070","No","$205,000","02/02/2026","$205,000"
"1001","21094089","","Closed","Closed","92  S Meadow  Lane ","10/22/2025","","Haughton","$65.30","Country Place Sub","2,144","3","2","2/0/2","0.5290","No","$140,000","02/02/2026","$140,000"
"1001","21108343","","Closed","Closed","805 10th  Street  NW ","11/07/2025","","Springhill","$98.34","North Acres","1,983","3","2","/2/2","0.4890","No","$195,000","02/03/2026","$195,000"
"1001","21077178","","Closed","Closed","2502 Ashland  Avenue ","10/03/2025","","Bossier City","$112.26","Greenacres","1,648","3","2","/1/1","0.2600","No","$185,000","02/03/2026","$185,000"
"1001","21139113","","Closed","Closed","3112 Heatherbrook  Drive ","12/28/2025","","Haughton","$148.62","Dogwood Park Un 7","1,413","3","2","2/0/2","0.4360","No","$210,000","02/04/2026","$210,000"
"1001","21103895","","Closed","Closed","1306  E Todd  Street ","11/04/2025","","Minden","$93.18","Pine Hills Sub #2","2,200","3","2","0/0/0","0.3440","No","$205,000","02/04/2026","$205,000"
"1001","21049335","","Closed","Closed","992 Maize  Street ","09/03/2025","","Bossier City","$158.96","Cypress Bend Garden District","1,859","3","2","2/0/2","0.3300","No","$295,500","02/05/2026","$295,500"
"1001","21035903","","Closed","Closed","2500 La Vonne  Circle ","08/18/2025","","Bossier City","$109.71","Greenacres","1,823","4","2","/1/0","0.2440","No","$199,999","02/05/2026","$199,999"
"1001","21120175","","Closed","Closed","109 Seven Pines  Road ","11/25/2025","","Benton","$32.91","Seven Pines Road Estate","2,279","3","2","/0/0","1.2600","No","$75,000","02/05/2026","$75,000"
"1001","21064727","","Closed","Closed","602 Enchanted  Lane ","09/22/2025","","Bossier City","$155.83","Stonebridge","3,677","4","5","3/0/3","0.5840","No","$573,000","02/06/2026","$573,000"
"1001","21078648","","Closed","Closed","1200 North Acres  Circle ","10/04/2025","","Springhill","$128.25","North Acres","2,963","4","3","0/2/2","1.2500","Yes","$380,000","02/06/2026","$380,000"
"1001","21065266","","Closed","Closed","333 Prien Lake  Loop ","09/19/2025","","Bossier City","$180.75","Edgewater Pass","1,910","3","2","2/0/2","7,509.0000","No","$345,242","02/06/2026","$345,242"
"1001","21146576","","Closed","Closed","57 High Water  Drive ","01/06/2026","","Benton","$162.74","Lost River Estates North Un #3","1,954","4","2","2/0/2","0.2173","No","$318,000","02/06/2026","$318,000"
"1001","21102980","","Closed","Closed","722 Mahogany  Lane ","11/03/2025","","Bossier City","$157.55","WILLOW HEIGHTS","1,685","3","2","2/0/2","0.1200","No","$265,470","02/06/2026","$265,470"
"1001","21124737","","Closed","Closed","2643 Brown  Street ","12/03/2025","","Bossier City","$121.89","Brownlee Estate","1,887","3","2","2/0/3","0.2250","No","$230,000","02/06/2026","$230,000"
"1001","21130494","","Closed","Closed","2102 Robert E Lee  Boulevard ","12/10/2025","","Bossier City","$143.45","Southgate Estates Sub","1,436","3","2","0/0/1","0.2330","No","$206,000","02/06/2026","$206,000"
"1001","21087419","","Closed","Closed","146 Bolinger Hill ","10/15/2025","","Plain Dealing","$106.83","None","1,919","3","2","0/2/2","1.9000","No","$205,000","02/06/2026","$205,000"
"1001","21147074","","Closed","Closed","5702 Golden Meadows  Drive ","01/08/2026","","Bossier City","$134.86","Golden Meadows","1,483","3","2","2/0/2","0.2200","No","$200,000","02/06/2026","$200,000"
"1001","21087905","","Closed","Closed","508  S Elm  Street ","10/15/2025","","Haughton","$104.71","rural","1,661","4","3","/0/0","1.0000","No","$173,930","02/06/2026","$173,930"
"1001","21065700","","Closed","Closed","279 Highway 805 ","09/19/2025","","Athens","$64.95","other","2,000","4","2","/0/0","2.6000","No","$129,900","02/06/2026","$129,900"
"1001","21146034","","Closed","Closed","409 Elm  Street ","01/06/2026","","Cullen","$30.00","Unknown","1,200","3","1","/1/1","0.7960","No","$36,000","02/06/2026","$36,000"
"1001","21031979","","Closed","Closed","273 Bass  Street ","08/14/2025","","Doyline","$12.94","Sportsmans Paradise Sub Re","1,700","3","2","0/1/1","0.3310","No","$22,000","02/06/2026","$22,000"
"1001","21122759","","Closed","Closed","100 Gantry  Place ","12/01/2025","","Bossier City","$144.60","CANES LANDING","2,204","4","2","2/0/2","0.1800","No","$318,693","02/09/2026","$318,693"
"1001","21024311","","Closed","Closed","217 Roanoke  Circle ","08/06/2025","","Benton","$169.72","Jamestowne Sub","1,856","4","2","2/0/2","0.3470","No","$315,000","02/09/2026","$315,000"
"1001","21127123","","Closed","Closed","207 Cold Harbor  Court ","12/05/2025","","Bossier City","$157.34","Gardens of Southgate 01","1,716","3","2","2/0/2","0.1600","No","$270,000","02/09/2026","$270,000"
"1001","21065619","","Closed","Closed","2212 Middle Creek  Boulevard ","09/19/2025","","Bossier City","$134.40","Lafayette Park 04","1,971","4","2","2/0/2","0.1680","No","$264,900","02/09/2026","$264,900"
"1001","21135337","","Closed","Closed","116 Bourbon  Street ","12/18/2025","","Elm Grove","$90.46","Lamar Hills #2","1,216","3","2","/0/0","0.7720","No","$110,000","02/09/2026","$110,000"
"1001","21145477","","Closed","Closed","1111 Creole  Drive ","01/06/2026","","Bossier City","$148.80","Rosedale Place","2,117","4","3","2/0/2","0.2070","No","$315,000","02/10/2026","$315,000"
"1001","20996158","","Closed","Closed","3891 Ella  Street ","07/10/2025","","Bossier City","$85.77","Shady Grove Sub","1,574","3","1","0/0/0","0.1700","No","$135,000","02/10/2026","$135,000"
"1001","21119515","","Closed","Closed","901 Lee  Street ","11/24/2025","","Benton","$183.12","Arick Sub","1,398","3","2","2/0/2","0.7410","No","$256,000","02/11/2026","$256,000"
"1001","21109859","","Closed","Closed","117 Martha  Drive ","11/11/2025","","Haughton","$135.72","Mimosa Gardens Sub","1,842","4","2","/2/2","1.0000","No","$250,000","02/11/2026","$250,000"
"1001","21070913","","Closed","Closed","490 Timbers East  Drive ","09/26/2025","","Haughton","$36.27","Timbers East","1,792","3","2","/0/0","1.0040","No","$65,000","02/11/2026","$65,000"
"1001","21123296","","Closed","Closed","176 Madonna  Drive ","12/01/2025","","Benton","$219.35","BLACK BAYOU LAKE ACRES","4,331","4","5","3/2/4","3.5000","Yes","$950,000","02/12/2026","$950,000"
"1001","21109333","","Closed","Closed","108 Vieux Carre ","11/13/2025","","Bossier City","$200.25","Oak Alley","2,357","3","2","2/0/2","0.1580","No","$472,000","02/12/2026","$472,000"
"1001","21121223","","Closed","Closed","503 Bob White ","11/26/2025","","Benton","$150.15","Northlake Estates","2,331","4","3","2/0/2","1.3200","No","$350,000","02/12/2026","$350,000"
"1001","21120176","","Closed","Closed","337 Hummingbird  Lane ","11/25/2025","","Princeton","$125.20","THE HILLS OF EASTWOOD","2,720","5","3","2/0/2","0.2200","No","$340,532","02/12/2026","$340,532"
"1001","21128396","","Closed","Closed","111 Harvell Day  Road ","12/09/2025","","Doyline","$89.66","Bistineau Timber Lakes","2,621","4","3","0/0/0","1.5700","No","$235,000","02/12/2026","$235,000"
"1001","21144687","","Closed","Closed","133 Platt  Drive ","01/05/2026","","Haughton","$133.20","Merry Woods Sub","1,524","4","2","/2/2","0.5580","No","$203,000","02/12/2026","$203,000"
"1001","21150165","","Closed","Closed","1609 Maria  Street ","01/14/2026","","Bossier City","$141.24","Bellaire","1,239","3","2","1/0/1","0.1722","No","$175,000","02/12/2026","$175,000"
"1001","21143855","","Closed","Closed","7229 Jennifer  Lane ","01/04/2026","","Princeton","$85.44","Gray Duck Sub","1,580","3","2","/2/2","0.3030","No","$135,000","02/12/2026","$135,000"
"1001","21105840","","Closed","Closed","505 South  Street ","11/06/2025","","Springhill","$27.68","R.A. Smith","1,156","2","1","/1/1","0.4600","No","$32,000","02/12/2026","$32,000"
"1001","21137199","","Closed","Closed","100 Overbrook  Lane ","12/22/2025","","Bossier City","$282.94","Provident Oaks","3,446","4","4","3/0/3","0.2110","No","$975,000","02/13/2026","$975,000"
"1001","20966632","","Closed","Closed","216 Bridle  Path ","06/11/2025","","Benton","$226.60","Crown Pointe","3,301","5","4","3/0/3","2.4910","No","$748,000","02/13/2026","$748,000"
"1001","21084547","","Closed","Closed","5220 Meghan Caye  Street ","10/11/2025","","Benton","$157.42","Sweetwater Oaks","3,081","5","4","3/0/3","0.5290","No","$485,000","02/13/2026","$485,000"
"1001","21137076","","Closed","Closed","404 Hummingbird  Lane ","12/22/2025","","Princeton","$125.32","THE HILLS OF EASTWOOD","2,941","4","3","2/0/2","0.1900","No","$368,552","02/13/2026","$368,552"
"1001","21030802","","Closed","Closed","725 St Martins ","08/13/2025","","Bossier City","$161.32","Tiburon","2,200","4","3","2/0/2","0.4500","No","$354,900","02/13/2026","$354,900"
"1001","21070707","","Closed","Closed","110 Arbor  Place ","10/09/2025","","Bossier City","$168.83","The Crossing at Wemple","1,925","3","3","2/0/2","0.0800","No","$325,000","02/13/2026","$325,000"
"1001","21122540","","Closed","Closed","513 Dogwood South  Lane ","12/02/2025","","Haughton","$170.94","Dogwood South","1,872","3","2","2/0/2","0.3970","No","$320,000","02/13/2026","$320,000"
"1001","21144288","","Closed","Closed","3508 Hanover  Court ","01/05/2026","","Bossier City","$164.62","Rosedale Place 09","1,877","4","2","2/2/2","0.1780","No","$309,000","02/13/2026","$309,000"
"1001","20859729","","Closed","Closed","159 Jamestowne  Boulevard ","03/31/2025","","Benton","$164.82","Jamestowne","1,717","3","2","2/0/2","8,775.0000","No","$283,000","02/13/2026","$283,000"
"1001","21141055","","Closed","Closed","701 Forest  Drive ","12/30/2025","","Homer","$92.86","Forest Park Add","2,746","3","3","2/0/2","2.1630","No","$255,000","02/13/2026","$255,000"
"1001","21110055","","Closed","Closed","765 Venecia  Drive ","11/11/2025","","Bossier City","$156.94","THE COVE AT VILLAGGIO","1,593","3","2","2/0/2","0.1300","No","$250,000","02/13/2026","$250,000"
"1001","21121422","","Closed","Closed","129 Chimney  Lane ","12/01/2025","","Haughton","$144.31","Country Place","1,715","3","2","2/0/2","0.2480","No","$247,500","02/13/2026","$247,500"
"1001","21084285","","Closed","Closed","112 Y Jean  Street ","10/10/2025","","Bossier City","$103.48","Waller","2,271","3","3","0/2/2","0.3590","No","$235,000","02/13/2026","$235,000"
"1001","21066836","","Closed","Closed","128 Taylor  Bend ","09/22/2025","","Haughton","$160.17","Merry Woods","1,436","4","2","0/1/1","24,245.0000","No","$230,000","02/13/2026","$230,000"
"1001","21152408","","Closed","Closed","621 Alex  Way ","01/13/2026","","Haughton","$147.45","Fox Chase","1,492","3","2","2/4/0","0.2000","No","$220,000","02/13/2026","$220,000"
"1001","21084682","","Closed","Closed","107  S Parkridge  Drive ","10/11/2025","","Benton","$128.14","Palmetto Park Sub","1,631","3","2","2/0/2","0.2060","No","$209,000","02/13/2026","$209,000"
"1001","21158427","","Closed","Closed","2115 Normand  Avenue ","01/31/2026","","Bossier City","$130.36","Shady Grove 03","1,380","3","2","/1/1","0.2070","No","$179,900","02/13/2026","$179,900"
"1001","20753946","","Closed","Closed","255  S Almond Lake  Road ","10/14/2024","","Sibley","$79.74","LAKE","1,792","3","2","/0/0","0.4500","No","$142,900","02/13/2026","$142,900"
"1001","21115152","","Closed","Closed","410  N Perrin  Street ","11/17/2025","","Plain Dealing","$23.85","Plain Dealing","1,342","2","1","/0/0","0.4480","No","$32,000","02/13/2026","$32,000"
"1001","21033015","","Closed","Closed","2200 Grapevine  Lane ","08/15/2025","","Haughton","$188.08","Forest Hills Sub","2,366","4","3","3/0/3","0.5080","Yes","$445,000","02/17/2026","$445,000"
"1001","21167453","","Closed","Closed","312 Peason  Ridge ","01/31/2026","","Bossier City","$172.61","The Preserve","2,370","5","3","2/0/2","0.2400","No","$409,084","02/17/2026","$409,084"
"1001","21139028","","Closed","Closed","327 Newport  Lane ","01/02/2026","","Benton","$203.82","Jamestowne","1,938","4","2","2/0/2","0.1600","Yes","$395,000","02/17/2026","$395,000"
"1001","20748757","","Closed","Closed","333 Merrill  Lane ","10/08/2024","","Benton","$78.95","Rural","2,432","4","2","/0/0","1.6460","No","$192,000","02/17/2026","$192,000"
"1001","21143958","","Closed","Closed","4519 General Ewell  Drive ","01/05/2026","","Bossier City","$134.08","Southgate Estates Sub","1,379","3","2","2/0/2","0.1970","No","$184,900","02/17/2026","$184,900"
"1001","21076491","","Closed","Closed","501 Wildlife  Lane ","10/03/2025","","Bossier City","$80.95","Pecan Grove 01","2,100","4","2","/0/0","0.5050","No","$170,000","02/17/2026","$170,000"
"1001","21096398","","Closed","Closed","1231 Virginia  Road ","10/25/2025","","Haughton","$129.60","Rural","1,196","3","2","0/2/2","0.8000","Yes","$155,000","02/17/2026","$155,000"
"1001","21068510","","Closed","Closed","214 Lewis  Loop ","09/24/2025","","Cotton Valley","$13.64","NA","1,100","2","1","0/0/0","0.8700","No","$15,000","02/17/2026","$15,000"
"1001","21122830","","Closed","Closed","210 Tidewater  Circle ","12/01/2025","","Bossier City","$229.80","Canal Place","2,830","5","4","3/0/3","0.3800","No","$650,334","02/18/2026","$650,334"
"1001","21138818","","Closed","Closed","708 Fox Den ","12/29/2025","","Haughton","$169.41","Dogwood South","1,605","3","2","2/0/2","0.1900","No","$271,900","02/18/2026","$271,900"
"1001","21112155","","Closed","Closed","182 Berkshire  Place ","11/13/2025","","Haughton","$147.99","LEGACY POINTE","1,833","4","3","2/0/2","0.2000","No","$271,270","02/18/2026","$271,270"
"1001","21152312","","Closed","Closed","1605 Highway 3062 ","01/12/2026","","Homer","$73.87","Western Woods # 3","2,020","4","2","0/5/5","0.3950","No","$149,219","02/18/2026","$149,219"
"1001","20777886","","Closed","Closed","159 Pine  Circle ","11/13/2024","","Doyline","$25.33","Palmetto Beach Estate","750","2","1","/0/0","0.4350","No","$19,000","02/18/2026","$19,000"
"1001","21084471","","Closed","Closed","1053 Fawn  Hollow ","10/11/2025","","Bossier City","$160.33","Lakewood 08","2,869","4","4","3/0/3","0.4190","No","$460,000","02/19/2026","$460,000"
"1001","20966470","","Closed","Closed","102 Caiden  Drive ","06/12/2025","","Benton","$172.33","Turtle Creek","2,060","4","2","2/0/2","0.3560","No","$355,000","02/19/2026","$355,000"
"1001","21092874","","Closed","Closed","216 Jasmine  Walk ","10/26/2025","","Bossier City","$175.40","The Crossing At Wemple","1,927","3","2","2/0/2","5,225.0000","No","$338,000","02/19/2026","$338,000"
"1001","21110250","","Closed","Closed","2512 Belmont  Boulevard ","11/11/2025","","Bossier City","$55.83","Greenacres 06","1,630","3","2","/2/2","0.2690","No","$91,000","02/19/2026","$91,000"
"1001","21137279","","Closed","Closed","457 Stacey  Lane ","12/24/2025","","Bossier City","$203.50","The Crossing at Wemple","2,113","3","2","2/0/2","0.2000","No","$430,000","02/20/2026","$430,000"
"1001","21077232","","Closed","Closed","449 Merestone  Crossing ","10/03/2025","","Benton","$158.05","Lost River Estates","2,372","4","3","2/0/2","1.2000","No","$374,905","02/20/2026","$374,905"
"1001","21123286","","Closed","Closed","730 Abita Chase ","12/04/2025","","Bossier City","$158.77","Waterford Bend #2","1,984","3","2","2/2/2","0.1930","No","$315,000","02/20/2026","$315,000"
"1001","21131489","","Closed","Closed","1537 Nottoway  Place ","01/09/2026","","Bossier City","$152.35","Plantation Trace","2,002","4","2","2/0/2","0.2460","No","$305,000","02/20/2026","$305,000"
"1001","20973551","","Closed","Closed","102 Willow Lake  Boulevard ","06/18/2025","","Bossier City","$136.76","Willow Lake","1,967","3","2","2/0/2","0.1310","No","$269,000","02/20/2026","$269,000"
"1001","21156267","","Closed","Closed","1001 Eli Conner  Drive ","01/16/2026","","Bossier City","$160.31","Victoria Mdws Un 1","1,494","3","2","2/0/2","0.2480","No","$239,500","02/20/2026","$239,500"
"1001","21135048","","Closed","Closed","5134 Tallow  Lane ","12/18/2025","","Bossier City","$160.58","Oak Creek Sub","1,370","3","2","2/0/2","0.1820","No","$220,000","02/20/2026","$220,000"
"1001","21158815","","Closed","Closed","3511 Orleans  Court ","01/20/2026","","Bossier City","$149.91","Bellaire Sub","1,134","3","2","0/1/1","1,134.0000","No","$170,000","02/20/2026","$170,000"
"1001","21154317","","Closed","Closed","1105 Len  Street ","01/14/2026","","Bossier City","$113.38","Glendale 02","1,300","3","2","0/1/1","0.1870","No","$147,400","02/20/2026","$147,400"
"1001","21120711","","Closed","Closed","276 Hebron  Road ","11/25/2025","","Lisbon","$69.51","Rural","2,086","3","2","0/0/2","12.2500","No","$145,000","02/20/2026","$145,000"
"1001","21174212","","Closed","Closed","5005 Longstreet  Place #79 ","02/07/2026","","Bossier City","$99.09","Southgate Twnhses 01","1,312","2","2","2/0/2","0.0630","No","$130,000","02/20/2026","$130,000"
"1001","20883988","","Closed","Closed","521 Lovers  Landing ","03/28/2025","","Bossier City","$155.17","Lakewood","3,319","5","4","3/0/3","0.6560","Yes","$515,000","02/23/2026","$515,000"
"1001","20784215","","Closed","Closed","13215 Hwy 157 ","11/26/2024","","Haughton","$51.02","None","1,960","3","2","/0/0","0.6690","No","$100,000","02/23/2026","$100,000"
"1001","21154308","","Closed","Closed","109 Amy  Lane ","01/14/2026","","Minden","$24.33","Eastwood Acres Sub","1,500","3","2","0/0/0","0.9810","No","$36,500","02/23/2026","$36,500"
"1001","21120596","","Closed","Closed","247 Berkshire  Place ","11/26/2025","","Haughton","$169.05","Legacy Pointe","1,538","3","2","2/0/2","0.1500","No","$260,000","02/24/2026","$260,000"
"1001","21099587","","Closed","Closed","3515 Glasscock  Avenue ","10/29/2025","","Bossier City","$110.05","Bellaire","1,363","3","2","1/1/1","0.2500","No","$150,000","02/24/2026","$150,000"
"1001","21136247","","Closed","Closed","3211 Caroline  Drive ","12/19/2025","","Bossier City","$106.84","Pecan Park 01","2,106","4","2","/1/1","8,400.0000","No","$225,000","02/25/2026","$225,000"
"1001","21119484","","Closed","Closed","241 Longhorn  Drive ","11/29/2025","","Bossier City","$107.88","Pecan Grove 02-A","1,993","4","3","/2/2","2.1920","No","$215,000","02/25/2026","$215,000"
"1001","21129292","","Closed","Closed","3816 Shadow Bend  Drive ","12/15/2025","","Haughton","$102.62","Dogwood Park Un 19","1,413","3","2","2/0/2","0.2600","No","$145,000","02/25/2026","$145,000"
"1001","21162478","","Closed","Closed","2013 Chelsy  Drive ","01/23/2026","","Benton","$61.09","Cypress Forest Sub","1,064","3","2","/0/0","1.0030","No","$65,000","02/25/2026","$65,000"
"1001","21045842","","Closed","Closed","333 Greenacres  Boulevard ","09/23/2025","","Bossier City","$148.36","Greenacres Place Un 2","2,312","4","2","2/0/2","0.3030","No","$343,000","02/26/2026","$343,000"
"1001","21125207","","Closed","Closed","527 Tupelo  Drive ","12/04/2025","","Bossier City","$143.81","Cypress Bend","2,173","4","3","2/0/2","0.1520","No","$312,500","02/26/2026","$312,500"
"1001","21149910","","Closed","Closed","724 Mahogany  Lane ","01/09/2026","","Bossier City","$143.39","WILLOW HEIGHTS","2,092","4","3","2/0/2","0.1600","No","$299,982","02/26/2026","$299,982"
"1001","21135768","","Closed","Closed","4215 Evelyn  Street ","12/20/2025","","Bossier City","$135.48","Shady Grove 03","1,085","3","1","1/1/1","0.1820","No","$147,000","02/26/2026","$147,000"
"1001","21086774","","Closed","Closed","638 Caledonia  Drive ","10/14/2025","","Bossier City","$233.28","Tiburon","2,915","4","4","3/0/3","0.3510","No","$680,000","02/27/2026","$680,000"
"1001","21066122","","Closed","Closed","203 Evangeline  Walk ","09/22/2025","","Bossier City","$223.30","Oak Alley","2,687","3","3","3/0/3","0.3230","Yes","$600,000","02/27/2026","$600,000"
"1001","21124904","","Closed","Closed","167  N Canal  Drive ","12/03/2025","","Bossier City","$207.31","Canal Place Un #2","2,846","4","4","3/0/3","0.2820","No","$590,000","02/27/2026","$590,000"
"1001","21090538","","Closed","Closed","328 Prien Lake  Loop ","10/18/2025","","Bossier City","$154.55","Edgewater Pass","3,093","4","4","2/2/2","0.1900","No","$478,025","02/27/2026","$478,025"
"1001","21148154","","Closed","Closed","330 Prien Lake  Loop ","01/08/2026","","Bossier City","$172.56","Edgewater Pass","2,370","5","3","2/2/2","0.1680","No","$408,972","02/27/2026","$408,972"
"1001","21137888","","Closed","Closed","2300 Wesley  Circle ","12/24/2025","","Bossier City","$124.64","Greenacres Sub","3,145","5","3","2/0/2","0.5520","Yes","$392,000","02/27/2026","$392,000"
"1001","21057902","","Closed","Closed","304 Oscar  Circle ","09/12/2025","","Haughton","$167.33","Dogwood South Sub Un 14","1,763","3","2","2/0/2","0.2510","No","$295,000","02/27/2026","$295,000"
"1001","21145560","","Closed","Closed","327 Ouchita  Lane ","01/06/2026","","Bossier City","$182.62","The Preserve","1,588","3","2","2/0/2","0.2600","No","$290,000","02/27/2026","$290,000"
"1001","21162003","","Closed","Closed","520 Northpark  Drive ","01/23/2026","","Bossier City","$100.31","Greenacres Place","2,542","4","3","2/0/2","0.2580","No","$255,000","02/27/2026","$255,000"
"1001","21030407","","Closed","Closed","144 Fitzwilliam  Street ","08/12/2025","","Haughton","$164.54","Tuscany Villas 02","1,489","3","2","2/0/2","0.1591","Yes","$245,000","02/27/2026","$245,000"
"1001","21163846","","Closed","Closed","400 Summit ","01/27/2026","","Minden","$175.09","West Acres","1,365","3","3","/4/4","0.4700","No","$239,000","02/27/2026","$239,000"
"1001","21117643","","Closed","Closed","1904 Ray  Avenue ","12/01/2025","","Bossier City","$125.87","Shady Grove","1,867","4","2","0/2/2","0.2733","No","$235,000","02/27/2026","$235,000"
"1001","21158450","","Closed","Closed","711  NW 6th  Street ","01/19/2026","","Springhill","$123.24","North Acres","1,420","3","1","2/0/2","0.5000","Yes","$175,000","02/27/2026","$175,000"
"1001","21142951","","Closed","Closed","102 Maple  Street ","01/04/2026","","Homer","$90.64","Western Woods Subdivision","1,710","3","2","0/2/2","0.4400","No","$155,000","02/27/2026","$155,000"
"1001","21143989","","Closed","Closed","2629 Oakside  Drive ","01/05/2026","","Haughton","$131.93","Dogwood Park Sub","1,137","2","2","1/0/1","0.1890","No","$150,000","02/27/2026","$150,000"
"1001","21038838","","Closed","Closed","830 Fox Skin  Drive ","08/21/2025","","Haughton","$61.27","Foxskin Sub Unit 1","2,432","5","2","/0/0","0.7250","No","$149,000","02/27/2026","$149,000"
"1001","21085796","","Closed","Closed","216  NE 2nd  Avenue ","10/13/2025","","Sibley","$131.93","Meyers George C Add","1,118","3","1","/2/2","0.1740","No","$147,500","02/27/2026","$147,500"
"1001","21104974","","Closed","Closed","4662 Highway 154 ","11/05/2025","","Elm Grove","$110.94","Rural","1,216","3","2","/0/0","1.4900","No","$134,900","02/27/2026","$134,900"
"1001","21162007","","Closed","Closed","1312 Becky  Street ","01/23/2026","","Bossier City","$36.25","Childs Sub","800","2","1","0/0/0","0.1610","No","$29,000","02/27/2026","$29,000"
"1001","21086935","","Closed","Closed","503 Quarles  Street ","10/14/2025","","Minden","$6.88","Crichton Sub","800","2","1","/0/0","0.2893","No","$5,500","02/27/2026","$5,500"
"1001","21039186","","Closed","Closed","2816 Sunrise Point ","08/21/2025","","Haughton","$155.32","Forest Hills","3,026","5","4","2/2/2","0.5500","Yes","$470,000","03/02/2026","$470,000"
"1001","21134556","","Closed","Closed","747 Crewe  Lane ","12/17/2025","","Bossier City","$135.51","CANES LANDING","2,720","5","3","2/0/2","0.1700","No","$368,596","03/02/2026","$368,596"
"1001","21154800","","Closed","Closed","216 Paisley  Lane ","01/15/2026","","Bossier City","$157.05","CANES LANDING","2,211","4","3","2/0/2","0.2000","No","$347,233","03/02/2026","$347,233"
"1001","21145234","","Closed","Closed","524 Half Moon  Lane ","01/06/2026","","Bossier City","$165.51","Village at Tiburon","1,873","4","2","2/0/2","0.3040","No","$310,000","03/02/2026","$310,000"
"1001","21172101","","Closed","Closed","152 Twin Point  Drive ","02/05/2026","","Benton","$169.21","Cypress Lndg","1,767","3","2","2/2/1","1.1690","No","$299,000","03/02/2026","$299,000"
"1001","21152756","","Closed","Closed","183 Berkshire  Place ","01/13/2026","","Haughton","$145.02","LEGACY POINTE","1,858","4","2","2/0/2","0.2000","No","$269,442","03/02/2026","$269,442"
"1001","21100368","","Closed","Closed","316 Peachwood  Circle ","10/30/2025","","Haughton","$171.99","Dogwood South","1,564","3","2","2/0/2","0.2690","No","$269,000","03/02/2026","$269,000"
"1001","21112305","","Closed","Closed","802 Cline  Street ","11/13/2025","","Minden","$118.33","David R L Sub","1,200","3","2","0/2/2","0.2440","No","$142,000","03/02/2026","$142,000"
"1001","21104357","","Closed","Closed","204 Germantown  Road ","10/20/2025","","Minden","$71.61","Goode Annex","1,840","3","2","/1/2","0.5100","No","$131,757","03/02/2026","$131,757"
"1001","21105110","","Closed","Closed","200 Germantown  Road ","10/20/2025","","Minden","$87.06","Goode Annex","1,418","2","1","1/0/1","0.6300","No","$123,450","03/02/2026","$123,450"
"1001","21086379","","Closed","Closed","2214 Wakefield  Avenue ","10/14/2025","","Bossier City","$50.70","Greenacres 04","1,854","3","2","0/2/2","0.2420","No","$94,000","03/02/2026","$94,000"
"1001","21180749","","Closed","Closed","134 Crestwood  Drive ","02/16/2026","","Haughton","$56.39","rural","1,064","2","2","/2/2","1.2400","No","$60,000","03/02/2026","$60,000"
"1001","21076502","","Closed","Closed","501 Falling Water  Circle ","10/02/2025","","Bossier City","$162.91","Gardens Southgate","2,394","4","3","2/0/2","0.2000","Yes","$390,000","03/03/2026","$390,000"
"1001","21074789","","Closed","Closed","780 Crozier  Drive ","10/01/2025","","Bossier City","$156.68","Willow Heights","1,902","4","3","2/0/0","0.1400","No","$298,000","03/03/2026","$298,000"
"1001","21154024","","Closed","Closed","1311 Quincy  Drive ","01/22/2026","","Bossier City","$158.73","rosedale place","1,512","3","2","2/0/2","0.1670","No","$240,000","03/03/2026","$240,000"
"1001","21088534","","Closed","Closed","405  SE 8th  Street ","10/16/2025","","Springhill","$50.54","J.J. HAYNES","1,682","3","2","/2/2","0.6800","No","$85,000","03/03/2026","$85,000"
"1001","21148556","","Closed","Closed","145 Crouch  Road ","01/08/2026","","Benton","$248.72","Summerset Estates","3,916","4","5","2/0/2","5.1400","No","$974,000","03/04/2026","$974,000"
"1001","21068107","","Closed","Closed","552 Brunswick  Gardens ","09/23/2025","","Haughton","$175.07","Tuscany Crossing","1,705","4","2","2/0/2","0.2300","No","$298,500","03/04/2026","$298,500"
"1001","21153207","","Closed","Closed","547 Rugby  Place ","01/13/2026","","Bossier City","$97.82","Central Plaza Sub","1,832","3","2","2/0/2","0.2230","No","$179,200","03/04/2026","$179,200"
"1001","21159528","","Closed","Closed","3634 Greenacres Place  Drive #206 ","01/20/2026","","Bossier City","$144.64","Greenacres Place Twnhses Ph I","1,120","2","2","0/0/0","0.0160","Yes","$162,000","03/04/2026","$162,000"
"1001","21167394","","Closed","Closed","1705 Ray  Avenue ","01/31/2026","","Bossier City","$113.64","Shady Grove","1,760","3","2","/1/1","0.2780","No","$200,000","03/05/2026","$200,000"
"1001","20996028","","Closed","Closed","1860 Mason  Drive ","07/09/2025","","Haynesville","$33.75","J M Robinson","800","2","1","/0/0","0.1730","No","$27,000","03/05/2026","$27,000"
"1001","21041691","","Closed","Closed","309 Bridgepoint  Circle ","08/25/2025","","Bossier City","$107.22","Stonebridge Sub","4,605","4","4","3/0/3","0.5970","No","$493,750","03/06/2026","$493,750"
"1001","21141107","","Closed","Closed","218 Ridgefield  Drive ","12/30/2025","","Bossier City","$156.03","Lakewood Sub","2,115","3","2","2/0/2","0.5040","No","$330,000","03/06/2026","$330,000"
"1001","21117654","","Closed","Closed","6012 Ellington  Way ","11/20/2025","","Bossier City","$139.78","Stockwell Place","2,074","3","2","2/0/2","0.2090","No","$289,900","03/06/2026","$289,900"
"1001","20977884","","Closed","Closed","2319 Windsor  Court ","06/22/2025","","Bossier City","$121.15","Stockwell Place","2,270","4","3","2/0/2","0.2470","No","$275,000","03/06/2026","$275,000"
"1001","21113517","","Closed","Closed","7540 Oaktree  Lane ","11/14/2025","","Haughton","$144.87","Creekside","1,346","3","2","2/0/2","0.1740","No","$195,000","03/06/2026","$195,000"
"1001","21075780","","Closed","Closed","515 5th  Street ","10/01/2025","","Benton","$125.75","Benton","1,336","2","2","/2/2","0.3500","No","$168,000","03/06/2026","$168,000"
"1001","21119393","","Closed","Closed","2424 Broadway  Drive ","11/28/2025","","Bossier City","$102.41","Northside Add","1,367","3","2","1/0/0","0.0740","No","$140,000","03/06/2026","$140,000"
"1001","21166325","","Closed","Closed","221 Millwood Loop ","01/30/2026","","Minden","$205.84","Millwood","2,672","4","4","2/0/2","1.1610","No","$550,000","03/07/2026","$550,000"
"1001","21117890","","Closed","Closed","1817 Castlewood  Drive ","11/20/2025","","Bossier City","$154.68","Bayou Bend Sub","2,392","3","3","2/0/2","0.3220","No","$370,000","03/09/2026","$370,000"
"1001","21141889","","Closed","Closed","3930 Le Brooke  Lane ","12/31/2025","","Benton","$154.03","Palmetto Park #9","2,110","4","3","2/0/2","0.1910","Yes","$325,000","03/09/2026","$325,000"
"1001","21168022","","Closed","Closed","207 Jamestowne  Boulevard ","02/02/2026","","Benton","$174.03","Jamestowne Sub Un 3","1,810","3","2","2/0/2","0.1580","No","$315,000","03/09/2026","$315,000"
"1001","21156154","","Closed","Closed","109 Platt  Drive ","01/16/2026","","Haughton","$123.31","Merry Woods Sub","2,214","4","2","2/0/2","1.1400","No","$273,000","03/09/2026","$273,000"
"1001","21069943","","Closed","Closed","5018 Ames  Place ","09/30/2025","","Bossier City","$186.77","Golden Meadows Village","1,285","3","2","2/0/2","0.0910","No","$240,000","03/09/2026","$240,000"
"1001","21175551","","Closed","Closed","386 Sugar Creek  Loop ","02/02/2026","","Minden","$131.89","Sugar Creek Sub","1,668","3","2","2/0/2","1.0000","No","$220,000","03/09/2026","$220,000"
"1001","21086772","","Closed","Closed","2129 Rossie Lee  Drive ","10/16/2025","","Bossier City","$129.03","Southgate Estates Sub","1,488","3","2","/0/0","0.2270","No","$192,000","03/09/2026","$192,000"
"1001","21054221","","Closed","Closed","1105 Drew  Lane ","09/08/2025","","Minden","$129.56","Glendale Sub #1","1,350","3","2","/1/1","0.4410","No","$174,900","03/09/2026","$174,900"
"1001","21189286","","Closed","Closed","1140 Waller  Avenue ","02/23/2026","","Bossier City","$26.79","waller","1,288","2","2","/0/0","0.2320","No","$34,500","03/09/2026","$34,500"
"1001","21101839","","Closed","Closed","601 Corinth  Circle ","11/01/2025","","Bossier City","$221.67","Canal Place Un #1","2,639","3","4","3/0/3","0.3620","No","$585,000","03/10/2026","$585,000"
"1001","21099934","","Closed","Closed","910 Lee  Street ","10/30/2025","","Benton","$65.90","Arick Sub","956","2","1","/2/2","0.7410","No","$63,000","03/10/2026","$63,000"
"1001","21118111","","Closed","Closed","727 Bianca  Street ","11/21/2025","","Haughton","$185.48","Tuscany Villas","1,552","3","2","2/0/2","0.2180","No","$287,861","03/11/2026","$287,861"
"1001","21141812","","Closed","Closed","1252 Highway 159 ","12/31/2025","","Minden","$107.76","Tanglewood Sub","4,176","5","4","2/0/2","1.7820","Yes","$450,000","03/12/2026","$450,000"
"1001","21117604","","Closed","Closed","345 Prien Lake  Loop ","11/20/2025","","Bossier City","$177.22","Edgewater Pass","1,975","3","2","2/0/2","0.0000","No","$350,000","03/12/2026","$350,000"
"1001","21097826","","Closed","Closed","5009 Richland  Place ","10/27/2025","","Bossier City","$136.44","Plantation Trace","2,382","4","3","2/0/2","0.2300","No","$325,000","03/12/2026","$325,000"
"1001","21086309","","Closed","Closed","367 Hummingbird  Lane ","10/14/2025","","Princeton","$148.98","THE HILLS OF EASTWOOD","1,848","3","2","2/0/2","0.2400","No","$275,313","03/12/2026","$275,313"
"1001","21092414","","Closed","Closed","6004 Summerville  Lane ","10/27/2025","","Bossier City","$158.79","Lafayette Park Un 3","1,524","3","2","1/0/1","0.1310","No","$242,000","03/12/2026","$242,000"
"1001","21048272","","Closed","Closed","9425 Pitch Pine ","09/02/2025","","Shreveport","$101.41","Lambert Park","1,627","3","2","2/0/2","15,000.0000","No","$165,000","03/12/2026","$165,000"
"1001","21101102","","Closed","Closed","4303 Burdine  Street ","11/05/2025","","Bossier City","$85.40","Swan Lake Sub","1,253","3","1","/0/0","0.1920","No","$107,000","03/12/2026","$107,000"
"1001","21126664","","Closed","Closed","110 Piccadilly  Circle ","12/05/2025","","Bossier City","$172.92","Tiburon","3,036","4","3","4/0/4","0.8800","No","$525,000","03/13/2026","$525,000"
"1001","21175868","","Closed","Closed","342 Prien Lake  Loop ","02/10/2026","","Bossier City","$185.34","Edgewater Pass","1,910","3","2","2/0/2","0.2500","No","$354,000","03/13/2026","$354,000"
"1001","21097187","","Closed","Closed","122 Dogwood South  Lane ","10/27/2025","","Haughton","$147.08","Dogwood South Sub","2,345","4","3","2/0/2","0.5630","No","$344,900","03/13/2026","$344,900"
"1001","21176095","","Closed","Closed","209 Norwell  Lane ","02/10/2026","","Bossier City","$162.34","Willow Heights Sub Un #3","1,848","3","2","2/0/2","0.1321","No","$300,000","03/13/2026","$300,000"
"1001","21146891","","Closed","Closed","2531 Evans  Street ","01/07/2026","","Bossier City","$46.51","Macks Bayou Plantation","860","2","1","/1/1","0.1170","No","$40,000","03/13/2026","$40,000"
"1001","21139646","","Closed","Closed","225 Welham  Trace ","12/29/2025","","Bossier City","$186.36","Plantation Trace Estate","3,005","4","3","3/0/3","0.3530","Yes","$560,000","03/16/2026","$560,000"
"1001","21054225","","Closed","Closed","347 Crosscreek  Drive ","09/08/2025","","Bossier City","$162.18","Lakewood Sub","3,416","4","4","4/0/4","0.4780","Yes","$554,000","03/16/2026","$554,000"
"1001","21165002","","Closed","Closed","200 Paisley  Lane ","01/28/2026","","Bossier City","$130.22","CANES LANDING","2,811","4","3","2/0/2","0.3000","No","$366,041","03/16/2026","$366,041"
"1001","21171634","","Closed","Closed","1115 Creole  Drive ","02/05/2026","","Bossier City","$161.50","Rosedale","2,000","4","2","2/0/0","0.1910","No","$323,000","03/16/2026","$323,000"
"1001","21164647","","Closed","Closed","412 Hummingbird  Lane ","01/28/2026","","Princeton","$133.65","THE HILLS OF EASTWOOD","2,204","4","2","2/0/2","0.1900","No","$294,573","03/16/2026","$294,573"
"1001","21135486","","Closed","Closed","6012 Pepperwood  Circle ","02/16/2026","","Bossier City","$151.69","Stockwell Place #3","1,772","4","2","2/0/2","0.2010","No","$268,800","03/16/2026","$268,800"
"1001","21154991","","Closed","Closed","5900 Stockwood  Street ","01/15/2026","","Bossier City","$144.68","Lafayette Park 01","1,728","3","2","2/0/2","0.1440","No","$250,000","03/16/2026","$250,000"
"1001","21115367","","Closed","Closed","763 Venecia  Drive ","11/18/2025","","Bossier City","$172.19","THE COVE AT VILLAGGIO","1,363","3","2","2/0/2","0.1300","No","$234,690","03/16/2026","$234,690"
"1001","21088191","","Closed","Closed","407 405 College  Street ","10/15/2025","","Minden","$191.00","JOSEPH C. & LYNN HOLLAND ANDREWS","1,178","0","1","/0/0","0.2500","No","$225,000","03/16/2026","$225,000"
"1001","21124851","","Closed","Closed","2416 Broadway  Drive ","12/03/2025","","Bossier City","$109.16","Northside Add","1,125","3","1","/0/0","0.0560","No","$122,800","03/16/2026","$122,800"
"1001","21119281","","Closed","Closed","1735 Green  Street ","11/23/2025","","Bossier City","$50.40","Dillard Place","1,488","4","2","/1/1","0.1500","No","$75,000","03/16/2026","$75,000"
"1001","21136668","","Closed","Closed","629 Constable  Street ","12/22/2025","","Minden","$65.38","Justice Heights","650","1","1","0/0/0","0.2980","No","$42,500","03/16/2026","$42,500"
"1001","21171077","","Closed","Closed","105 Dana  Lane ","02/04/2026","","Bossier City","$182.44","Plantation Estates","2,357","4","3","3/2/5","1.1443","No","$430,000","03/17/2026","$430,000"
"1001","21177379","","Closed","Closed","5430 Coach  Road ","02/13/2026","","Bossier City","$129.20","Carriage Oaks Sub","2,438","3","3","2/0/2","1.3760","No","$315,000","03/17/2026","$315,000"
"1001","21172391","","Closed","Closed","121 Bent Tree Loop ","02/06/2026","","Haughton","$158.45","Southern Oaks","1,550","3","2","2/0/2","0.2170","No","$245,595","03/17/2026","$245,595"
"1001","21169910","","Closed","Closed","2308 Stockwell  Road ","02/03/2026","","Bossier City","$153.23","Stockwell Place 06","1,501","3","2","2/0/2","0.2160","No","$230,000","03/17/2026","$230,000"
"1001","21124177","","Closed","Closed","109 Milton  Drive ","12/02/2025","","Minden","$95.18","Middle Landing Sub","1,681","3","2","0/1/1","0.3550","No","$160,000","03/17/2026","$160,000"
"1001","21167047","","Closed","Closed","4844 Camellia  Lane ","01/30/2026","","Bossier City","$137.40","Swan Lake Sub","1,091","3","2","1/1/0","0.1400","No","$149,900","03/17/2026","$149,900"
"1001","21006732","","Closed","Closed","5046 Linton Cutoff  Road ","07/21/2025","","Benton","$126.50","Northpointe Estates","3,257","5","4","2/0/2","1.1860","No","$412,000","03/18/2026","$412,000"
"1001","21092413","","Closed","Closed","402 Merestone  Crossing ","10/21/2025","","Benton","$145.95","Lost River Estates","2,720","5","3","2/0/2","0.4000","No","$396,980","03/18/2026","$396,980"
"1001","21177446","","Closed","Closed","2623 Southcrest  Drive ","02/16/2026","","Haughton","$150.65","Dogwood Park Sub","1,394","3","2","2/0/2","0.2540","No","$210,000","03/18/2026","$210,000"
"1001","21111577","","Closed","Closed","116 Willow Lake  Boulevard ","11/13/2025","","Bossier City","$106.84","Willow Lake","1,872","3","2","2/0/2","0.1560","No","$200,000","03/18/2026","$200,000"
"1001","21165383","","Closed","Closed","1617 Margaret  Street ","01/28/2026","","Bossier City","$112.47","Waller","1,556","4","2","1/1/1","0.2090","No","$175,000","03/18/2026","$175,000"
"1001","21161078","","Closed","Closed","4934 General Polk  Drive ","01/22/2026","","Bossier City","$123.75","Southgate Estate","1,398","3","2","2/0/2","0.2200","No","$173,000","03/18/2026","$173,000"
"1001","21052128","","Closed","Closed","608-624 Constable  Street ","09/11/2025","","Minden","$30.06","Justice Heights","3,892","1","1","0/0/0","0.9050","No","$117,000","03/18/2026","$117,000"
"1001","21052047","","Closed","Closed","410 Marshall  Street ","09/11/2025","","Minden","$19.50","Justice Heights","1,795","3","2","0/0/0","0.2000","No","$35,000","03/18/2026","$35,000"
"1001","21088834","","Closed","Closed","686 Dumaine  Drive ","10/17/2025","","Bossier City","$183.65","St Charles Court Village #4","2,777","5","3","2/0/2","0.6680","No","$510,000","03/19/2026","$510,000"
"1001","21129007","","Closed","Closed","297 Ferry Lake  Drive ","12/09/2025","","Bossier City","$178.81","Edgewater Pass","1,984","3","2","2/2/2","0.2500","No","$354,756","03/19/2026","$354,756"
"1001","21165547","","Closed","Closed","413 Hummingbird  Lane ","01/29/2026","","Princeton","$145.62","THE HILLS OF EASTWOOD","1,961","4","2","2/0/2","0.2100","No","$285,552","03/19/2026","$285,552"
"1001","21086237","","Closed","Closed","365 Hummingbird  Lane ","10/14/2025","","Princeton","$144.12","THE HILLS OF EASTWOOD","1,953","3","2","2/0/2","0.2400","No","$281,467","03/19/2026","$281,467"
"1001","21169181","","Closed","Closed","426 Remington  Drive ","02/04/2026","","Bossier City","$174.81","Cypress Bend Garden District #4","1,544","3","2","2/0/2","0.2060","No","$269,900","03/19/2026","$269,900"
"1001","21121249","","Closed","Closed","188 Berkshire  Place ","11/26/2025","","Haughton","$157.15","LEGACY POINTE","1,691","4","2","2/0/2","0.1800","No","$265,744","03/19/2026","$265,744"
"1001","21028676","","Closed","Closed","511 King Orchard  Road ","08/15/2025","","Sarepta","$91.70","RURAL","2,688","3","3","/2/2","2.0000","No","$246,500","03/19/2026","$246,500"
"1001","21099496","","Closed","Closed","1709 Avondale  Court ","11/05/2025","","Bossier City","$174.90","Savannah Place","1,315","3","2","2/0/2","0.1360","No","$230,000","03/19/2026","$230,000"
"1001","21179256","","Closed","Closed","2408 Belle Grove  Drive ","02/13/2026","","Bossier City","$132.95","Greenacres #5","1,305","3","2","/2/2","0.2240","No","$173,500","03/19/2026","$173,500"
"1001","21120202","","Closed","Closed","5472 Bellevue  Road ","11/24/2025","","Haughton","$27.78","Rural","1,152","3","1","0/1/1","0.1700","No","$32,000","03/19/2026","$32,000"
"1001","21018645","","Closed","Closed","19229 Highway 157 ","07/31/2025","","Plain Dealing","$527.74","rural","2,037","3","3","2/0/2","80.0000","No","$1,075,000","03/20/2026","$1,075,000"
"1001","21143443","","Closed","Closed","624 Silkwood  Drive ","01/02/2026","","Benton","$238.71","Kingston Plantation Sub Un 5","3,100","4","4","3/0/1","0.5440","Yes","$740,000","03/20/2026","$740,000"
"1001","21040507","","Closed","Closed","531 Cocodrie  Drive ","08/22/2025","","Bossier City","$193.15","The Preserve","3,210","5","4","3/3/3","0.3318","No","$620,000","03/20/2026","$620,000"
"1001","21178556","","Closed","Closed","595 Dumaine  Drive ","02/12/2026","","Bossier City","$203.51","St Charles Court Village Un #9","3,022","4","4","3/0/3","0.2380","No","$615,000","03/20/2026","$615,000"
"1001","21172931","","Closed","Closed","125 Cullom  Drive ","02/06/2026","","Bossier City","$197.91","The Preserve","1,910","4","2","2/0/2","0.1710","Yes","$378,000","03/20/2026","$378,000"
"1001","21125403","","Closed","Closed","204 Paisley  Lane ","12/04/2025","","Bossier City","$158.73","CANES LANDING","2,211","4","3","2/0/2","0.2000","No","$350,953","03/20/2026","$350,953"
"1001","21062363","","Closed","Closed","411 Stacey  Lane ","09/17/2025","","Bossier City","$198.81","The Crossing at Wemple","1,685","3","2","2/0/2","0.1140","No","$335,000","03/20/2026","$335,000"
"1001","21076388","","Closed","Closed","304 Walnut  Circle ","10/08/2025","","Bossier City","$109.24","Northland Estates Sub","2,792","4","2","1/0/1","0.5000","No","$305,000","03/20/2026","$305,000"
"1001","21106172","","Closed","Closed","169 Fullbright  Circle ","11/06/2025","","Minden","$139.52","Smithwood Sub","2,186","4","3","2/2/2","2.0300","No","$305,000","03/20/2026","$305,000"
"1001","21130539","","Closed","Closed","4161 Grassy Lake  Drive ","12/12/2025","","Bossier City","$198.41","Legacy","1,297","3","2","1/0/1","0.1370","Yes","$257,332","03/20/2026","$257,332"
"1001","21162794","","Closed","Closed","4927 General Rusk  Drive ","02/02/2026","","Bossier City","$127.50","SOUTHGATE ESTATES","2,000","4","2","2/0/2","0.2080","No","$255,000","03/20/2026","$255,000"
"1001","21128901","","Closed","Closed","134 Satinwood  Circle ","12/10/2025","","Haughton","$157.67","Dogwood South 07","1,585","3","2","1/0/1","0.1920","No","$249,900","03/20/2026","$249,900"
"1001","21145368","","Closed","Closed","3312 Cane Break  Drive ","01/08/2026","","Bossier City","$172.14","Legacy","1,278","3","2","2/0/2","6,010.0000","No","$220,000","03/20/2026","$220,000"
"1001","21151492","","Closed","Closed","853 Bella Vista  Road ","01/21/2026","","Homer","$155.46","Bella Vista #2","1,383","3","2","/2/2","1.6800","No","$215,000","03/20/2026","$215,000"
"1001","21137537","","Closed","Closed","1358 Anita  Street ","12/23/2025","","Bossier City","$96.11","Coleman Park 07","2,081","4","2","0/0/0","0.1950","No","$200,000","03/20/2026","$200,000"
"1001","21196522","","Closed","Closed","1521 Holiday  Place ","03/04/2026","","Bossier City","$141.94","Bellaire","1,092","3","2","1/0/1","0.1900","No","$155,000","03/20/2026","$155,000"
"1001","21176315","","Closed","Closed","1102 Shreveport  Road ","02/11/2026","","Minden","$78.24","Killen Add","1,981","3","1","0/2/2","2.0070","No","$155,000","03/20/2026","$155,000"
"1001","21195828","","Closed","Closed","1009 Norris  Drive ","03/02/2026","","Bossier City","$69.44","Meadowview Park Sub","864","3","1","/1/1","0.2600","No","$60,000","03/20/2026","$60,000"
"1001","21181240","","Closed","Closed","208 Conti  Way ","02/18/2026","","Bossier City","$197.11","St Charles Court Village Un 6 Sub","2,460","4","3","2/0/2","0.2340","No","$484,900","03/23/2026","$484,900"
"1001","21160962","","Closed","Closed","67 Turtle Creek  Drive ","01/22/2026","","Benton","$211.00","Turtle Creek","2,204","4","3","2/0/2","0.2210","No","$465,044","03/23/2026","$465,044"
"1001","21166792","","Closed","Closed","3034 Sagefield  Lane ","01/30/2026","","Haughton","$167.51","Forest Hills","1,976","4","3","2/0/2","16,340.0000","No","$331,000","03/23/2026","$331,000"
"1001","21105509","","Closed","Closed","790 Venecia  Drive ","11/05/2025","","Bossier City","$152.64","The Cove at Villagio","1,782","3","2","2/0/2","0.1400","No","$272,000","03/23/2026","$272,000"
"1001","21115343","","Closed","Closed","184 Berkshire  Place ","11/18/2025","","Haughton","$146.95","LEGACY POINTE","1,825","3","2","2/0/2","0.1800","No","$268,175","03/23/2026","$268,175"
"1001","21181416","","Closed","Closed","166  E Colbert  Drive ","02/19/2026","","Minden","$119.68","Smithwood Sub","1,880","3","2","/2/2","0.9460","No","$225,000","03/23/2026","$225,000"
"1001","21176648","","Closed","Closed","112 Doe  Lane ","02/10/2026","","Benton","$116.11","Doe Lane Estate","1,800","3","2","0/2/2","3.5800","No","$209,000","03/23/2026","$209,000"
"1001","21172885","","Closed","Closed","6231 Autumn Wood  Circle ","02/04/2026","","Haughton","$150.24","Autumn Wood Estate","1,264","3","2","2/0/2","1.6140","No","$189,900","03/23/2026","$189,900"
"1001","21114080","","Closed","Closed","2600 Bardot  Lane ","11/17/2025","","Bossier City","$106.67","Northside Anx","1,125","3","1","0/1/1","0.2140","No","$120,000","03/23/2026","$120,000"
"1001","21168451","","Closed","Closed","253 Midlake Marina  Road ","02/02/2026","","Doyline","$70.31","Rural","1,280","3","1","0/0/0","0.3561","No","$90,000","03/23/2026","$90,000"
"1001","21186706","","Closed","Closed","1143 Gilbert  Drive ","02/21/2026","","Bossier City","$108.70","Gilbert Park","1,610","4","2","2/0/2","0.2250","No","$175,000","03/24/2026","$175,000"
"1001","21203301","","Closed","Closed","229 Pecan Grove  Lane ","03/10/2026","","Bossier City","$42.84","Pecan Grvs Un #1","1,984","3","2","/0/0","0.8340","No","$85,000","03/24/2026","$85,000"
"1001","21074812","","Closed","Closed","608 Danube  Circle ","10/01/2025","","Bossier City","$229.00","Canal Place","2,500","4","3","3/0/3","0.3000","No","$572,500","03/25/2026","$572,500"
"1001","21177093","","Closed","Closed","5005 Ames  Place ","02/14/2026","","Bossier City","$172.93","Golden Mdws Village Sub Un #1","1,330","3","2","2/0/2","0.0870","No","$230,000","03/25/2026","$230,000"
"1001","21119094","","Closed","Closed","308 Ellis  Drive ","11/23/2025","","Minden","$105.69","Bonnie Heights Add","1,844","3","2","/1/1","0.2800","No","$194,900","03/25/2026","$194,900"
"1001","21141542","","Closed","Closed","701  E Union  Street ","12/30/2025","","Minden","$25.13","Leary Sub","995","2","1","/0/0","0.2650","No","$25,000","03/25/2026","$25,000"
"1001","21041128","","Closed","Closed","408 Maple Ridge  Drive ","08/24/2025","","Bossier City","$125.35","Greenacres Place","2,162","3","2","2/2/2","0.2140","No","$271,000","03/26/2026","$271,000"
"1001","21118041","","Closed","Closed","614 Nettleton  Drive ","11/21/2025","","Princeton","$125.50","Beauregard Trace","2,000","5","3","/0/0","0.5590","No","$251,000","03/26/2026","$251,000"
"1001","21123603","","Closed","Closed","6329 Anandale  Drive ","12/04/2025","","Bossier City","$145.03","South Fork Estate","1,579","3","2","2/0/2","0.2160","No","$229,000","03/26/2026","$229,000"
"1001","21184343","","Closed","Closed","8808 Hollow Bluff  Drive ","02/18/2026","","Haughton","$141.23","Dogwood Park Sub","1,911","3","2","2/0/2","0.2370","No","$269,900","03/27/2026","$269,900"
"1001","21182561","","Closed","Closed","2502 Downs  Street ","02/24/2026","","Bossier City","$150.78","Brownlee Estate","1,658","3","2","2/0/2","0.2250","No","$250,000","03/27/2026","$250,000"
"1001","21111784","","Closed","Closed","761 Venecia  Drive ","11/13/2025","","Bossier City","$164.53","THE COVE AT VILLAGGIO","1,461","3","2","2/0/2","0.1300","No","$240,380","03/27/2026","$240,380"
"1001","21178582","","Closed","Closed","3416 Lanell  Drive ","02/13/2026","","Bossier City","$146.96","Bellaire Sub","1,497","3","2","2/0/2","0.2480","Yes","$220,000","03/27/2026","$220,000"
"1001","21178850","","Closed","Closed","2917 Bobbie  Street ","02/12/2026","","Bossier City","$106.60","Coleman Park 03","1,923","4","2","0/2/2","0.2040","No","$205,000","03/27/2026","$205,000"
"1001","21178989","","Closed","Closed","1998 Wild Iris ","02/12/2026","","Bossier City","$157.45","Cypress Place 02","1,302","3","2","2/0/2","0.0920","No","$205,000","03/27/2026","$205,000"
"1001","21150370","","Closed","Closed","2517 Conrad  Street ","01/10/2026","","Bossier City","$136.15","Greenacres Sub","1,469","3","2","0/1/1","0.2230","No","$200,000","03/27/2026","$200,000"
"1001","21175529","","Closed","Closed","1913 Venus  Circle ","02/10/2026","","Bossier City","$128.22","Sun City Sub","1,552","3","2","/2/2","0.3150","No","$199,000","03/27/2026","$199,000"
"1001","21156976","","Closed","Closed","862 Methodist Camp  Road ","01/16/2026","","Minden","$140.36","Rural","1,400","3","2","1/1/1","15.0000","No","$196,500","03/27/2026","$196,500"
"1001","21186856","","Closed","Closed","2011 Chelsy  Drive ","02/21/2026","","Benton","$102.76","Cypress Forest","1,848","3","2","0/2/2","0.9270","No","$189,900","03/27/2026","$189,900"
"1001","21043301","","Closed","Closed","3634 Greenacres  Drive #260 ","08/26/2025","","Bossier City","$134.12","Greenacres Place Townhomes","1,357","3","2","/1/1","1,066.0000","Yes","$182,000","03/27/2026","$182,000"
"1001","21178949","","Closed","Closed","231 H White  Road ","02/12/2026","","Benton","$105.23","Rural","1,568","3","2","0/0/0","0.8900","No","$165,000","03/27/2026","$165,000"
"1001","21141579","","Closed","Closed","608 Woods  Street ","12/31/2025","","Minden","$83.66","Dickens","1,010","2","1","0/1/1","0.0000","No","$84,500","03/27/2026","$84,500"
"1001","21089831","","Closed","Closed","517 Hunters  Run ","10/17/2025","","Bossier City","$170.20","Stonebridge","2,926","4","4","3/0/3","0.2890","No","$498,000","03/30/2026","$498,000"
"1001","21104968","","Closed","Closed","516 Dogwood South  Lane ","11/03/2025","","Haughton","$168.82","Dogwood South","1,860","4","2","2/0/0","0.2100","No","$314,000","03/30/2026","$314,000"
"1001","20988919","","Closed","Closed","206 Hampton  Court ","07/02/2025","","Bossier City","$128.72","Greenacres Place","2,284","3","2","2/0/2","0.3230","No","$294,000","03/30/2026","$294,000"
"1001","21109682","","Closed","Closed","767 Venecia  Drive ","11/11/2025","","Bossier City","$149.17","THE COVE AT VILLAGGIO","1,820","4","2","2/0/2","0.1600","No","$271,495","03/30/2026","$271,495"
"1001","21131687","","Closed","Closed","406 Fincher  Road ","12/12/2025","","Minden","$106.99","Harris Glynn E Prop","1,860","4","2","/0/0","0.5990","No","$199,000","03/30/2026","$199,000"
"1001","21213837","","Closed","Closed","5323 Bobbie  Lane ","03/20/2026","","Bossier City","$86.35","Greenacres Ranchettes #2","1,216","3","2","0/2/2","2.0870","No","$105,000","03/30/2026","$105,000"
"1001","20997131","","Closed","Closed","949 C C Sandidge  Road ","07/11/2025","","Elm Grove","$65.79","Sandidge Sub","1,216","3","2","/0/0","2.7800","No","$80,000","03/30/2026","$80,000"
"1001","21177583","","Closed","Closed","250 Piccadilly  Circle ","02/11/2026","","Bossier City","$192.01","Tiburon Sub Un 7","2,916","4","3","3/0/3","0.3000","No","$559,900","03/31/2026","$559,900"
"1001","21178527","","Closed","Closed","10 Fox Trot  Cove ","02/14/2026","","Haughton","$123.98","Olde Oaks 07","4,032","5","4","2/0/2","0.4660","No","$499,900","03/31/2026","$499,900"
"1001","21147597","","Closed","Closed","918 Blair Crossing ","01/08/2026","","Bossier City","$153.13","Lakewood","2,991","4","3","3/0/3","0.5000","No","$458,000","03/31/2026","$458,000"
"1001","21105386","","Closed","Closed","703 Julesburg  Lane ","11/05/2025","","Benton","$184.22","Belmere Un #5","2,117","4","3","2/0/2","0.2026","No","$390,000","03/31/2026","$390,000"
"1001","21181795","","Closed","Closed","800 Durango  Drive ","02/16/2026","","Bossier City","$195.29","Village of Tiburon Un #13","1,869","3","2","2/0/2","0.2830","No","$365,000","03/31/2026","$365,000"
"1001","21144240","","Closed","Closed","707 Bandera  Drive ","01/05/2026","","Bossier City","$192.18","Village at Tiburon","1,868","3","2","2/0/2","0.2420","No","$359,000","03/31/2026","$359,000"
"1001","21118708","","Closed","Closed","209 Cullom  Drive ","11/21/2025","","Bossier City","$181.62","The Preserve","1,806","3","2","2/2/2","0.2000","No","$328,000","03/31/2026","$328,000"
"1001","21159899","","Closed","Closed","1957 Spring  Drive ","01/21/2026","","Haynesville","$60.67","Town Of Haynesville","4,945","4","4","2/3/5","1.9100","No","$300,000","03/31/2026","$300,000"
"1001","21092287","","Closed","Closed","373 Hummingbird  Lane ","10/21/2025","","Princeton","$144.06","THE HILLS OF EASTWOOD","1,961","4","2","2/0/2","0.2000","No","$282,506","03/31/2026","$282,506"
"1001","21188099","","Closed","Closed","3007 Gabriel Oaks  Drive ","02/23/2026","","Bossier City","$175.80","Rosedale Place","1,587","3","2","2/0/2","0.1600","No","$279,000","03/31/2026","$279,000"
"1001","21116435","","Closed","Closed","321 Fletcher  Drive ","11/19/2025","","Bossier City","$164.13","MADISON PLACE","1,645","3","2","2/0/2","10,223.0000","No","$270,000","03/31/2026","$270,000"
"1001","21045946","","Closed","Closed","2624 Southcrest  Drive ","08/29/2025","","Haughton","$116.25","Dogwood Park Sub","2,271","3","3","2/0/2","10,500.0000","No","$264,000","03/31/2026","$264,000"
"1001","21136482","","Closed","Closed","1101 Eli Conner  Drive ","12/20/2025","","Bossier City","$145.32","VICTORIA MEADOWS","1,754","3","2","0/0/2","9,033.0000","No","$254,900","03/31/2026","$254,900"
"1001","21069630","","Closed","Closed","794 Venecia  Drive ","09/25/2025","","Bossier City","$167.86","THE COVE AT VILLAGGIO","1,461","3","2","2/0/2","0.1700","No","$245,250","03/31/2026","$245,250"
"1001","21133847","","Closed","Closed","145 Elmview  Lane ","12/16/2025","","Haughton","$116.72","Country Place","2,099","4","2","2/0/2","17,116.0000","No","$245,000","03/31/2026","$245,000"
"1001","21154420","","Closed","Closed","401 Plaza  Circle ","01/14/2026","","Bossier City","$121.70","Central Plaza Sub","1,848","3","2","/4/4","0.2520","No","$224,900","03/31/2026","$224,900"
"1001","21200231","","Closed","Closed","3212 Grand Lake  Drive ","03/06/2026","","Bossier City","$168.96","Redwood Place Legacy 01","1,308","3","2","2/0/1","0.1400","No","$221,000","03/31/2026","$221,000"
"1001","21164490","","Closed","Closed","403 Goldeneye  Drive ","01/27/2026","","Princeton","$91.59","Gray Duck North Un 2","1,856","3","2","/2/2","0.3030","No","$170,000","03/31/2026","$170,000"
"1001","21114885","","Closed","Closed","5606 Kristen  Avenue ","11/17/2025","","Bossier City","$121.79","Golden Meadows Sub","1,326","3","2","2/0/2","0.1890","No","$161,500","03/31/2026","$161,500"
"1001","21172065","","Closed","Closed","1308 Becky  Street ","02/04/2026","","Bossier City","$116.88","Childs","1,197","2","1","/1/1","0.1700","No","$139,900","03/31/2026","$139,900"
"1001","21188536","","Closed","Closed","4603 Okeefe  Street ","02/23/2026","","Bossier City","$92.07","Swan Lake Sub Un 1","1,248","3","1","/1/1","0.1790","No","$114,900","03/31/2026","$114,900"
"1001","21186240","","Closed","Closed","2804 Hood  Drive ","02/20/2026","","Bossier City","$102.24","Southern Terrace 01","1,027","3","1","0/1/1","0.2170","No","$105,000","03/31/2026","$105,000"
"1001","21157720","","Closed","Closed","3209 Highway 2 Alt ","01/18/2026","","Haynesville","$38.61","rural","2,072","3","2","/2/2","2.9400","No","$80,000","03/31/2026","$80,000"
"1001","21193544","","Closed","Closed","217 Evangeline  Walk ","02/27/2026","","Bossier City","$222.29","Oak Alley","3,374","4","5","3/0/3","0.4000","No","$750,000","04/01/2026","$750,000"
"1001","21136632","","Closed","Closed","460 Stacey  Lane ","12/26/2025","","Bossier City","$209.85","The Crossing at Wemple","1,868","3","2","2/0/2","0.1220","No","$392,000","04/01/2026","$392,000"
"1001","21185401","","Closed","Closed","404 Antietam  Drive ","02/22/2026","","Bossier City","$158.77","Gardens of Southgate Un 12","2,047","4","2","2/0/2","0.1640","No","$325,000","04/01/2026","$325,000"
"1001","21160957","","Closed","Closed","5782 Bayou  Drive ","01/22/2026","","Bossier City","$161.71","Golden Meadows Sub","1,824","4","2","2/0/2","0.2560","No","$294,950","04/01/2026","$294,950"
"1001","21110602","","Closed","Closed","507 Falling Water  Circle ","11/12/2025","","Bossier City","$123.26","Gardens of Southgate #8","2,231","4","3","2/0/2","0.1650","No","$275,000","04/01/2026","$275,000"
"1001","21130654","","Closed","Closed","419 Cherry Oak  Lane ","12/12/2025","","Haughton","$153.67","Oak Mdw Place","1,116","3","2","/1/1","0.1790","No","$171,500","04/01/2026","$171,500"
"1001","21186252","","Closed","Closed","4517 Donnie  Avenue ","02/20/2026","","Bossier City","$125.24","Swan Lake","1,022","3","1","0/1/1","7,801.0000","No","$128,000","04/01/2026","$128,000"
"1001","21063976","","Closed","Closed","247 Owl  Lane ","09/15/2025","","Haughton","$28.20","Rural","1,064","3","2","/2/2","1.0000","No","$30,000","04/01/2026","$30,000"
"1001","20905190","","Closed","Closed","916 Aaron  Lane ","04/15/2025","","Benton","$210.00","Belmere","2,240","4","3","2/0/2","0.2800","No","$470,400","04/02/2026","$470,400"
"1001","21124941","","Closed","Closed","715 Julesburg  Lane ","12/04/2025","","Benton","$194.08","Belmere","2,365","4","3","2/0/2","0.2180","No","$459,000","04/02/2026","$459,000"
"1001","21170227","","Closed","Closed","5010 Kenilworth  Drive ","02/16/2026","","Bossier City","$150.36","Plantation Trace Sub","1,922","3","2","2/0/2","0.1900","No","$289,000","04/02/2026","$289,000"
"1001","21083792","","Closed","Closed","212 Sweetgum  Drive ","10/10/2025","","Haughton","$113.36","Mimosa Gardens Sub","2,417","4","3","1/0/2","1,594.0000","No","$274,000","04/02/2026","$274,000"
"1001","21060248","","Closed","Closed","785 Venecia  Drive ","09/15/2025","","Bossier City","$149.05","THE COVE AT VILLAGGIO","1,788","4","3","2/0/2","0.1600","No","$266,510","04/02/2026","$266,510"
"1001","21088194","","Closed","Closed","3410 Woodvine  Circle ","10/15/2025","","Haughton","$120.22","Dogwood Park Sub","1,780","3","2","/0/0","0.2180","No","$214,000","04/02/2026","$214,000"
"1001","21182600","","Closed","Closed","3636 Greenacres  Place #5 ","02/17/2026","","Bossier City","$124.90","Carriage Quarters","1,297","2","2","/1/1","0.0230","Yes","$162,000","04/02/2026","$162,000"
"1001","21154342","","Closed","Closed","1536 James  Street ","01/14/2026","","Bossier City","$94.40","Glendale 04","1,250","3","1","0/3/3","0.1820","No","$118,000","04/02/2026","$118,000"
"1001","21147675","","Closed","Closed","106 McArthur ","01/07/2026","","Minden","$65.66","Hillcrest","990","2","1","/0/0","0.2100","No","$65,000","04/02/2026","$65,000"
"1001","21146810","","Closed","Closed","406 Woodard  Street ","01/07/2026","","Minden","$17.78","Warsaw Addn.","900","1","1","0/0/0","0.1100","No","$16,000","04/02/2026","$16,000"
"1001","21136087","","Closed","Closed","2509 Bolch  Street ","12/19/2025","","Shreveport","$117.00","River Oaks Sub","1,718","3","2","0/1/1","0.2010","No","$201,000","04/03/2026","$201,000"
"1001","21189756","","Closed","Closed","42 Waterbury  Drive ","02/24/2026","","Bossier City","$171.23","Stonebridge","2,482","3","3","2/2/2","0.2580","No","$425,000","04/06/2026","$425,000"
"1001","20998066","","Closed","Closed","425 Kingston ","07/11/2025","","Benton","$168.49","Kingston Plantation","2,225","4","3","2/0/2","0.5700","No","$374,900","04/06/2026","$374,900"
"1001","21178163","","Closed","Closed","214 Paisley  Lane ","02/12/2026","","Bossier City","$159.42","CANES LANDING","2,211","4","3","2/0/2","0.2000","No","$352,483","04/06/2026","$352,483"
"1001","21195171","","Closed","Closed","436 Blanchard  Loop ","03/06/2026","","Bossier City","$158.30","Canes Lndg Un #3","2,211","4","3","2/0/2","0.0000","No","$350,000","04/06/2026","$350,000"
"1001","21157863","","Closed","Closed","903 Hackberry  Drive ","01/19/2026","","Bossier City","$148.49","WILLOW HEIGHTS","2,092","4","3","2/0/2","0.1500","No","$310,631","04/06/2026","$310,631"
"1001","21175617","","Closed","Closed","6014 Ellington  Way ","02/09/2026","","Bossier City","$143.08","Stockwell Place","1,901","3","2","2/0/2","0.2200","Yes","$272,000","04/06/2026","$272,000"
"1001","21169525","","Closed","Closed","427 Cherry Oak  Lane ","02/03/2026","","Haughton","$155.72","Oak Meadow Place Subdivision","1,188","3","2","0/1/1","0.1790","No","$185,000","04/06/2026","$185,000"
"1001","21200145","","Closed","Closed","2090 Bellevue  Road ","03/06/2026","","Haughton","$141.22","RURAL","1,310","2","2","2/2/4","1.0000","No","$185,000","04/06/2026","$185,000"
"1001","21169918","","Closed","Closed","100 Oak  Street ","02/02/2026","","Homer","$94.58","Western Woods","1,586","3","2","/2/2","0.6640","No","$150,000","04/06/2026","$150,000"
"1001","21160970","","Closed","Closed","128 Clark Bayou  Drive ","01/23/2026","","Doyline","$54.17","Parkside Landing Sub","2,400","4","3","/0/0","1.0520","No","$130,000","04/06/2026","$130,000"
"1001","21156578","","Closed","Closed","242 Pecanview  Drive ","01/16/2026","","Minden","$109.12","Pecan View Sub","1,173","3","1","0/1/1","0.2110","No","$128,000","04/06/2026","$128,000"
"1001","21199709","","Closed","Closed","262 Cattail  Trail ","03/05/2026","","Benton","$168.92","Kingston Plantation","4,138","4","4","3/0/3","1.3030","Yes","$699,000","04/08/2026","$699,000"
"1001","21123145","","Closed","Closed","101 Woodvale  Creek ","12/01/2025","","Bossier City","$127.38","Greenacres Place","4,514","4","4","3/0/3","1.0000","Yes","$575,000","04/08/2026","$575,000"
"1001","21172840","","Closed","Closed","377 Camden Hill  Street ","02/06/2026","","Haughton","$168.81","Tuscany Villas","1,922","4","2","2/2/2","0.3015","No","$324,456","04/08/2026","$324,456"
"1001","21095771","","Closed","Closed","307 Newport  Lane ","10/24/2025","","Benton","$177.81","Jamestowne","1,771","3","2","2/0/2","0.1940","No","$314,900","04/08/2026","$314,900"
"1001","21101464","","Closed","Closed","840 Entrada  Street ","11/01/2025","","Bossier City","$173.09","Cypress Bend Garden District 01","1,583","3","2","2/0/2","0.1650","No","$274,000","04/08/2026","$274,000"
"1001","21116188","","Closed","Closed","4917 Longstreet  Place ","11/19/2025","","Bossier City","$142.07","Southgate Estates Sub","1,607","3","2","2/0/2","0.2186","No","$228,300","04/08/2026","$228,300"
"1001","21213125","","Closed","Closed","3218 Caroline  Drive ","03/19/2026","","Bossier City","$63.21","Pecan Park Sub #2","1,760","3","2","0/2/2","0.2920","No","$111,250","04/08/2026","$111,250"
"1001","21048473","","Closed","Closed","777 802  Highway ","09/02/2025","","Sarepta","$82.27","rural","1,252","2","1","/2/2","0.5400","No","$103,000","04/08/2026","$103,000"
"1001","20951816","","Closed","Closed","722 Julesburg  Lane ","05/29/2025","","Benton","$209.93","Belmere","2,115","3","3","2/0/2","0.3500","No","$444,000","04/09/2026","$444,000"
"1001","21158665","","Closed","Closed","209 Saint Edmunds  Way ","01/21/2026","","Bossier City","$164.53","Canes Landing Un #2","1,954","4","2","2/0/0","0.2150","No","$321,500","04/09/2026","$321,500"
"1001","21148230","","Closed","Closed","1203 Broadway  Street ","01/08/2026","","Minden","$104.14","williamson","3,068","5","3","/2/2","0.4000","No","$319,500","04/09/2026","$319,500"
"1001","21177606","","Closed","Closed","2426 Melrose  Avenue ","03/04/2026","","Bossier City","$132.95","Greenacres Sub","1,730","4","2","2/0/2","0.1887","No","$230,000","04/09/2026","$230,000"
"1001","21202205","","Closed","Closed","6810 Jennifer  Lane ","03/08/2026","","Princeton","$90.46","Gray Lake Estate","2,432","3","2","1/0/2","2.1440","No","$220,000","04/09/2026","$220,000"
"1001","21113428","","Closed","Closed","119  W McKinley  Avenue ","11/14/2025","","Haughton","$151.14","Harvest Wood Sub","1,138","2","1","/0/0","0.2560","No","$172,000","04/09/2026","$172,000"
"1001","21197105","","Closed","Closed","301 Jacobs  Pointe ","03/03/2026","","Benton","$171.70","Walmaneil Lake Sub","2,883","5","4","3/0/3","0.3951","No","$495,000","04/10/2026","$495,000"
"1001","21078961","","Closed","Closed","11 Fair Oaks  Drive ","10/06/2025","","Haughton","$124.64","Olde Oaks Sub","3,843","5","4","2/0/2","0.7100","Yes","$479,000","04/10/2026","$479,000"
"1001","21143820","","Closed","Closed","151 Pepperridge  Circle ","01/03/2026","","Minden","$183.17","Timberline Estates","2,615","4","4","2/0/2","1.1460","Yes","$479,000","04/10/2026","$479,000"
"1001","21108695","","Closed","Closed","613 Alder  Lane ","11/11/2025","","Bossier City","$167.71","Cypress Bend Garden #1","1,908","4","3","2/0/2","0.1610","No","$320,000","04/10/2026","$320,000"
"1001","21210287","","Closed","Closed","4021 Elizabeth  Lane ","03/16/2026","","Benton","$159.33","Palmetto Park #8","1,726","4","2","2/0/2","0.2160","No","$275,000","04/10/2026","$275,000"
"1001","21184640","","Closed","Closed","4907 General Rusk  Drive ","02/19/2026","","Bossier City","$167.99","Southgate Estates","1,637","3","2","2/0/2","0.2090","Yes","$275,000","04/10/2026","$275,000"
"1001","21174976","","Closed","Closed","5846 Bayou  Drive ","02/10/2026","","Bossier City","$118.26","Golden Meadows Sub","1,818","4","2","2/0/2","0.2170","No","$215,000","04/10/2026","$215,000"
"1001","21057069","","Closed","Closed","307 Tealwood  Drive ","09/17/2025","","Bossier City","$152.53","Lakewood","2,947","5","4","3/0/3","0.4820","No","$449,500","04/13/2026","$449,500"
"1001","21211535","","Closed","Closed","125 Crosscreek  Drive ","03/17/2026","","Bossier City","$184.93","Lakewood","2,044","4","2","2/0/2","0.6120","Yes","$378,000","04/13/2026","$378,000"
"1001","21158764","","Closed","Closed","411 Merestone  Crossing ","01/20/2026","","Benton","$175.64","Lost River Estates","1,885","4","2","2/0/2","0.2200","No","$331,090","04/13/2026","$331,090"
"1001","21153126","","Closed","Closed","5118 Tensas  Drive ","01/13/2026","","Bossier City","$179.86","Rosedale Place Un #16","1,812","3","2","2/0/2","0.1570","Yes","$325,900","04/13/2026","$325,900"
"1001","21048501","","Closed","Closed","804 Abita Chase ","09/02/2025","","Bossier City","$165.65","Waterford Bend Sub","1,962","3","2","1/0/1","0.1970","No","$325,000","04/13/2026","$325,000"
"1501","20923251","","Closed","Closed","2 Woodfern  Lane ","05/02/2025","","Haughton","$89.69","Country Place","2,899","4","3","2/0/2","0.5000","No","$260,000","04/13/2026","$260,000"
"1501","21158982","","Closed","Closed","345 Camden  Hill ","01/20/2026","","Haughton","$159.27","Tuscany Villas","1,569","3","2","2/0/2","0.1580","No","$249,900","04/13/2026","$249,900"
"1501","21131837","","Closed","Closed","4216 Evelyn St ","12/12/2025","","Bossier City","$136.52","Shady Grove","1,172","3","1","0/1/1","0.2000","No","$160,000","04/13/2026","$160,000"
"1501","21181507","","Closed","Closed","1100 Bonnie  Lane ","02/16/2026","","Minden","$107.69","Bonnie Heights Add Resubdv Of","1,300","3","1","0/1/1","0.4420","No","$140,000","04/13/2026","$140,000"
"1501","21157010","","Closed","Closed","3420 Ginger  Drive ","01/17/2026","","Haughton","$143.98","Dogwood Estate","2,083","3","2","2/0/2","0.4960","Yes","$299,900","04/14/2026","$299,900"
"1501","21193494","","Closed","Closed","210  S Cloverleaf  Drive ","02/27/2026","","Haughton","$111.97","Tall Grass Acres Sub","2,188","5","3","0/0/0","2.3640","No","$245,000","04/14/2026","$245,000"
"1501","21181484","","Closed","Closed","287 Avondale  Lane ","02/13/2026","","Bossier City","$136.97","Savannah Place 07","1,577","3","2","2/0/0","0.2080","No","$216,000","04/14/2026","$216,000"
"1501","21058869","","Closed","Closed","1909 Rodney  Street ","09/15/2025","","Bossier City","$93.88","Central Park #2","1,193","3","1","/1/0","0.1570","No","$112,000","04/14/2026","$112,000"
"1501","21151498","","Closed","Closed","3075 Grace Harper  Drive ","01/11/2026","","Bossier City","$140.81","Victoria Mdws Un 3a","1,953","4","3","2/0/2","0.2330","No","$275,000","04/15/2026","$275,000"
"1501","21157650","","Closed","Closed","3909 Le Brooke  Lane ","01/18/2026","","Benton","$160.65","Palmetto Park 07","1,662","3","2","2/0/2","0.1760","No","$267,000","04/15/2026","$267,000"
"1501","21119467","","Closed","Closed","606 Perfect  Place ","11/24/2025","","Bossier City","$152.74","Willow Brook","1,676","3","3","2/0/2","0.1200","No","$256,000","04/15/2026","$256,000"
"1501","21189887","","Closed","Closed","811 Venecia  Drive ","02/25/2026","","Bossier City","$164.06","THE COVE AT VILLAGGIO","1,490","3","2","2/0/2","0.2000","No","$244,445","04/15/2026","$244,445"
"1501","21158624","","Closed","Closed","238 Sedgewick  Avenue ","01/21/2026","","Haughton","$184.97","TUSCANY VILLAS","1,297","3","2","2/0/2","0.1500","No","$239,900","04/15/2026","$239,900"
"1501","21043678","","Closed","Closed","1509 Anita ","08/27/2025","","Bossier City","$111.59","Coleman Pk Sub Un #8","1,846","4","2","/1/1","8,365.0000","No","$206,000","04/15/2026","$206,000"
"1501","21184593","","Closed","Closed","3405 Lylac  Lane ","02/19/2026","","Bossier City","$122.18","Bellaire","1,465","3","2","/0/0","0.1840","No","$179,000","04/15/2026","$179,000"
"1501","21213813","","Closed","Closed","3636 Greenacres Place  Drive #161 ","03/19/2026","","Bossier City","$131.46","Greenacres","1,297","2","2","/2/2","0.0250","No","$170,500","04/15/2026","$170,500"
"1501","21207698","","Closed","Closed","3314 Raleigh  Place ","03/13/2026","","Bossier City","$145.83","NORTH GATE VILLAGE","960","2","2","1/0/1","0.0733","No","$140,000","04/15/2026","$140,000"
"1501","21186747","","Closed","Closed","205 Sterling  Street ","02/20/2026","","Minden","$60.10","UKNOWN","832","2","1","/0/0","0.1760","No","$50,000","04/15/2026","$50,000"
"1501","21206389","","Closed","Closed","803 Brittany  Lane ","03/14/2026","","Bossier City","$157.61","Lakewood 07","2,918","4","3","3/0/3","0.5000","Yes","$459,900","04/16/2026","$459,900"
"1501","21177243","","Closed","Closed","219 Berkshire  Place ","02/17/2026","","Haughton","$161.83","Legacy Pointe","1,538","3","2","2/0/2","0.1400","No","$248,900","04/16/2026","$248,900"
"1501","21095222","","Closed","Closed","2208 Kirby Smith  Drive ","10/27/2025","","Bossier City","$125.00","Southgate Estate","1,256","3","2","1/0/1","0.1640","No","$157,000","04/16/2026","$157,000"
"1501","21241491","","Closed","Closed","508 McCormick  Street ","04/16/2026","","Bossier City","$29.19","Hornsby Sub","1,713","4","2","/2/2","0.1240","No","$50,000","04/16/2026","$50,000"
"1501","21184410","","Closed","Closed","1019 Spanish Moss  Circle ","02/23/2026","","Bossier City","$158.85","Legacy","2,707","3","4","2/0/0","0.2540","No","$430,000","04/17/2026","$430,000"
"1501","21163118","","Closed","Closed","2859 Hillcrest  Circle ","01/24/2026","","Benton","$193.80","Woodlake Sub","2,064","3","3","2/0/2","0.7270","No","$400,000","04/17/2026","$400,000"
"1501","21030826","","Closed","Closed","405 Merestone  Crossing ","08/13/2025","","Benton","$156.41","Lost River Estates","2,372","4","3","2/0/2","0.2200","No","$371,001","04/17/2026","$371,001"
"1501","21213015","","Closed","Closed","1212 Chopin  Drive ","03/19/2026","","Bossier City","$130.07","Plantation Trace Sub","2,737","4","3","2/0/2","0.2390","Yes","$356,000","04/17/2026","$356,000"
"1501","21092084","","Closed","Closed","1615 Airport  Loop ","10/20/2025","","Homer","$207.95","Darbonne Beaver #2","1,635","3","2","2/0/2","0.5170","No","$340,000","04/17/2026","$340,000"
"1501","21181190","","Closed","Closed","480  E McKinley  Avenue ","02/18/2026","","Haughton","$126.93","Treetops Sub","1,812","3","2","0/0/2","1.3800","No","$230,000","04/17/2026","$230,000"
"1501","21211536","","Closed","Closed","316 Gaston  Lane ","03/17/2026","","Bossier City","$172.07","Savannah Place 01","1,278","3","2","2/0/2","0.1938","No","$219,900","04/17/2026","$219,900"
"1501","21153421","","Closed","Closed","103  S Parkridge  Drive ","01/13/2026","","Benton","$102.99","Palmetto Park Sub","1,874","4","2","/0/0","0.2380","No","$193,000","04/17/2026","$193,000"
"1501","21208918","","Closed","Closed","183 Beech Springs  Road ","03/15/2026","","Minden","$112.50","RURAL","1,600","3","2","/0/0","0.6750","No","$180,000","04/17/2026","$180,000"
"1501","21122137","","Closed","Closed","198 Main  Street ","11/29/2025","","Doyline","$92.14","Rural","1,845","3","2","0/4/4","0.5000","No","$170,000","04/17/2026","$170,000"
"1501","21150926","","Closed","Closed","604  NW 7th  Street ","01/11/2026","","Springhill","$71.82","rural","2,214","3","3","4/0/4","0.5500","No","$159,000","04/17/2026","$159,000"
"1501","21143042","","Closed","Closed","409 Glen Harbor ","01/12/2026","","Bossier City","$92.77","Windsor Place","1,536","3","2","0/2/2","0.1180","No","$142,500","04/17/2026","$142,500"
"1501","21236533","","Closed","Closed","5310 Aster  Street ","03/20/2026","","Bossier City","$90.30","Southern Gardens Sub","1,052","3","1","0/2/2","0.2530","No","$95,000","04/17/2026","$95,000"
"1501","21193378","","Closed","Closed","214 Conti  Way ","03/01/2026","","Bossier City","$225.81","St Charles Court Village Un #9","2,480","4","3","2/0/2","0.2680","Yes","$560,000","04/20/2026","$560,000"
"1501","21195228","","Closed","Closed","602 Glenshire  Drive ","03/02/2026","","Bossier City","$187.60","The Colony","2,484","5","3","2/0/2","0.3000","No","$466,000","04/20/2026","$466,000"
"1501","21041646","","Closed","Closed","4100 Parkway  Drive ","08/25/2025","","Bossier City","$111.86","Shady Grove 01","1,836","3","2","/2/2","0.2910","No","$205,376","04/20/2026","$205,376"
"1501","21070166","","Closed","Closed","8401 Dogwood  Trail ","09/25/2025","","Haughton","$91.61","Dogwood Park Un #3","1,954","4","2","2/0/2","0.4450","No","$179,000","04/20/2026","$179,000"
"1501","21196467","","Closed","Closed","1197 Wafer  Road ","03/06/2026","","Haughton","$148.81","Merry Woods #1","840","2","1","/0/0","0.6890","No","$125,000","04/20/2026","$125,000"
"1501","21144777","","Closed","Closed","709  W Church  Street ","01/05/2026","","Springhill","$37.94","Payne Dewey Sub","1,397","2","1","/1/1","0.3580","No","$53,000","04/20/2026","$53,000"
"1501","21140955","","Closed","Closed","8204 Heatherbrook  Circle ","01/01/2026","","Haughton","$143.46","Dogwood Hills Sub","1,422","3","2","2/0/2","0.3820","No","$204,000","04/21/2026","$204,000"
"1501","21235035","","Closed","Closed","158 Vickers  Road ","04/02/2026","","Haughton","$56.43","Bellevue Road","2,100","4","2","/0/0","1.9080","No","$118,500","04/23/2026","$118,500"
"1501","21027140","","Closed","Closed","328 Lee  Street ","08/11/2025","","Minden","$23.10","White Oak H L Miller Add","2,316","3","2","/0/0","7,841.0000","No","$53,500","04/23/2026","$53,500"
"1501","21180415","","Closed","Closed","153 Southwood  Drive ","02/15/2026","","Bossier City","$172.11","Greenacres Place 07","2,818","4","3","2/0/2","0.4400","No","$485,000","04/24/2026","$485,000"
"1501","21201181","","Closed","Closed","570 Chinquipin  Drive ","03/11/2026","","Bossier City","$189.66","Cypress Bend 01","2,293","4","4","2/0/2","0.1860","Yes","$434,900","04/24/2026","$434,900"
"1501","21150758","","Closed","Closed","504 Linden  Circle ","01/14/2026","","Benton","$174.70","Belmere","2,364","4","3","2/0/2","0.2440","No","$413,000","04/24/2026","$413,000"
"1501","21150550","","Closed","Closed","2596 Southcrest  Drive ","01/10/2026","","Haughton","$143.06","Dogwood South Estates","2,866","4","3","2/0/2","0.3800","No","$410,000","04/24/2026","$410,000"
"1501","21029823","","Closed","Closed","185 Chrislo  Drive ","08/13/2025","","Minden","$139.14","Chrislo","2,910","4","3","2/0/2","3.5500","No","$404,900","04/24/2026","$404,900"
"1501","21218742","","Closed","Closed","516 Secret  Cove ","03/25/2026","","Bossier City","$175.55","Lakewood","2,290","4","3","3/0/3","0.4980","No","$402,000","04/24/2026","$402,000"
"1501","21150367","","Closed","Closed","2403 Tallgrass  Circle ","01/10/2026","","Bossier City","$158.19","Belle Rose Legacy","2,497","5","4","2/0/2","0.2200","No","$395,000","04/24/2026","$395,000"
"1501","21199307","","Closed","Closed","413 Merestone  Crossing ","03/05/2026","","Benton","$154.72","Lost River Estates","2,476","5","3","2/0/2","0.2000","No","$383,079","04/24/2026","$383,079"
"1501","21115729","","Closed","Closed","201 Rolling Meadows  Lane ","11/30/2025","","Bossier City","$124.84","Lucky Estates Sub","3,044","4","2","/2/0","1.1700","Yes","$380,000","04/24/2026","$380,000"
"1501","21182228","","Closed","Closed","220 Paisley  Drive ","02/17/2026","","Bossier City","$127.67","CANES LANDING","2,941","4","3","2/0/2","0.1700","No","$375,480","04/24/2026","$375,480"
"1501","21193810","","Closed","Closed","2228 Grapevine  Lane ","02/28/2026","","Haughton","$156.32","Forest Hills Sub","2,399","4","3","2/0/2","0.6980","No","$375,000","04/24/2026","$375,000"
"1501","21121313","","Closed","Closed","114 Sussex ","11/24/2025","","Bossier City","$137.26","Greenacres Place","2,477","3","2","2/0/2","0.3460","Yes","$340,000","04/24/2026","$340,000"
"1501","21116166","","Closed","Closed","730 Crewe  Lane ","11/19/2025","","Bossier City","$156.40","CANES LANDING","1,925","3","2","2/0/2","0.2000","No","$301,072","04/24/2026","$301,072"
"1501","21152357","","Closed","Closed","790 Chalybeate Springs  Road ","01/13/2026","","Plain Dealing","$123.36","Barnett","2,432","4","3","/2/2","7.2100","No","$300,000","04/24/2026","$300,000"
"1501","21048740","","Closed","Closed","2608 Brown  Street ","09/02/2025","","Bossier City","$152.61","Brownlee Estate","1,612","3","2","2/0/2","0.2250","No","$246,000","04/24/2026","$246,000"
"1501","21108051","","Closed","Closed","1811 Venus  Drive ","11/08/2025","","Bossier City","$116.79","Sun City Sub","2,055","3","2","/2/2","0.2200","No","$240,000","04/24/2026","$240,000"
"1501","20876784","","Closed","Closed","1225 C C Sandidge  Road ","03/21/2025","","Elm Grove","$86.83","Rogers Sub","2,240","2","2","0/3/3","1.1900","No","$194,500","04/24/2026","$194,500"
"1501","21145919","","Closed","Closed","1806 Comet  Circle ","01/06/2026","","Bossier City","$101.25","Sun City Sub","1,847","3","3","/2/2","0.4200","No","$187,000","04/24/2026","$187,000"
"1501","21087670","","Closed","Closed","1697 Main  Street ","10/23/2025","","Haynesville","$31.55","Town Of Haynesville","5,706","5","4","1/2/2","3.4880","No","$180,000","04/24/2026","$180,000"
"1501","21186727","","Closed","Closed","204 East And West  Street ","02/21/2026","","Minden","$69.43","not known","2,038","3","2","2/1/2","0.2550","No","$141,500","04/24/2026","$141,500"
"1501","21206010","","Closed","Closed","202 Bobbie  Street ","03/11/2026","","Bossier City","$101.50","Carriage Square Ph II","1,330","2","1","/2/1","0.0370","No","$135,000","04/24/2026","$135,000"
"1501","21178802","","Closed","Closed","1819 Southview  Drive ","02/11/2026","","Bossier City","$65.37","Central Park","1,744","3","2","0/1/1","0.1800","No","$114,000","04/24/2026","$114,000"
"1501","21199837","","Closed","Closed","1805 Traffic  Street ","03/05/2026","","Bossier City","$24.77","Hunter Sub","1,615","3","1","/0/0","0.1110","No","$40,000","04/24/2026","$40,000"
"1501","21209892","","Closed","Closed","5051 Longstreet  Place ","03/14/2026","","Bossier City","$135.69","Tara Sub","2,026","4","2","2/2/2","0.2410","No","$274,900","04/27/2026","$274,900"
"1501","21150013","","Closed","Closed","4618 Palmetto  Road ","01/09/2026","","Benton","$148.85","Palmetto Park Sub","1,740","3","2","2/0/2","0.6280","No","$259,000","04/27/2026","$259,000"
"1501","21202920","","Closed","Closed","303 Babineaux  Lane ","03/09/2026","","Haughton","$169.39","LEGACY POINTE","1,451","3","2","2/0/2","0.1800","No","$245,790","04/27/2026","$245,790"
"1501","21207469","","Closed","Closed","203 Deerwood  Lane ","03/13/2026","","Haughton","$139.10","Country Place Sub","1,739","4","2","2/0/2","0.2360","No","$241,900","04/27/2026","$241,900"
"1501","21093966","","Closed","Closed","3635 Greenacres Place  Drive #350 ","10/22/2025","","Bossier City","$115.04","Garden District Homes","1,782","3","3","2/0/2","0.1280","No","$205,000","04/27/2026","$205,000"
"1501","21117931","","Closed","Closed","109 Flagg  Drive ","11/20/2025","","Haughton","$87.15","Mimosa Gardens Sub","1,836","4","2","/1/1","0.4280","No","$160,000","04/27/2026","$160,000"
"1501","21134463","","Closed","Closed","2976 Highway 534 ","02/20/2026","","Homer","$33.77","Ward 4","2,813","3","3","3/1/3","4.3100","No","$95,000","04/27/2026","$95,000"
"1501","21223833","","Closed","Closed","415 Merestone  Crossing ","03/31/2026","","Benton","$157.01","Lost River Estates","2,372","4","3","2/0/2","0.3000","No","$372,419","04/28/2026","$372,419"
"1501","21219211","","Closed","Closed","776 Duckwater Landing ","03/25/2026","","Bossier City","$216.65","Duckwater Lndg #1","2,654","4","4","2/2/2","0.4200","No","$575,000","04/29/2026","$575,000"
"1501","21168061","","Closed","Closed","50 Turtle Creek  Drive ","02/02/2026","","Benton","$210.00","Turtle Creek","2,157","4","3","2/0/2","0.2270","No","$452,970","04/29/2026","$452,970"
"1501","21097331","","Closed","Closed","745 Crewe  Lane ","10/27/2025","","Bossier City","$125.94","CANES LANDING","2,941","4","3","2/0/2","0.1800","No","$370,398","04/29/2026","$370,398"
"1501","21228889","","Closed","Closed","304 Peason  Ridge ","04/03/2026","","Bossier City","$178.29","The Preserve Retreat","1,975","3","2","2/0/2","0.3000","No","$352,115","04/29/2026","$352,115"
"1501","21076535","","Closed","Closed","481 Preserve  Boulevard ","10/02/2025","","Bossier City","$183.25","The Preserve","1,910","3","2","2/2/2","0.2000","No","$350,000","04/29/2026","$350,000"
"1501","20996421","","Closed","Closed","482 Blanchard  Loop ","07/10/2025","","Bossier City","$151.22","CANES LANDING","2,050","4","2","2/0/2","0.1600","No","$310,000","04/29/2026","$310,000"
"1501","21138389","","Closed","Closed","1940 Honeytree  Trail ","12/26/2025","","Haughton","$169.35","Forest Hills Sub","1,742","3","2","2/0/2","0.5690","No","$295,000","04/29/2026","$295,000"
"1501","21022898","","Closed","Closed","334 Wood  Springs ","08/05/2025","","Haughton","$161.25","Dogwood South 13","1,777","4","2","2/0/2","9,415.0000","Yes","$286,550","04/29/2026","$286,550"
"1501","21207994","","Closed","Closed","4012 False River  Drive ","03/20/2026","","Bossier City","$177.19","Redwood Place Legacy Un 10","1,552","3","2","2/0/2","0.1400","No","$275,000","04/29/2026","$275,000"
"1501","21191681","","Closed","Closed","119 Beech  Street ","02/27/2026","","Homer","$93.39","WESTERN WOODS SUBD","1,498","3","2","2/0/2","0.3780","No","$139,900","04/29/2026","$139,900"
"1501","21174668","","Closed","Closed","1509 James  Street ","02/06/2026","","Bossier City","$46.11","Glendale","1,284","3","1","/0/0","0.1700","No","$59,200","04/29/2026","$59,200"
"1501","21195833","","Closed","Closed","279 Lake  Road ","03/02/2026","","Plain Dealing","$299.87","legal","2,320","4","3","2/2/2","40.6200","No","$695,700","04/30/2026","$695,700"
"1501","21120152","","Closed","Closed","254 Lafitte  Road ","11/25/2025","","Bossier City","$199.06","Plantation Estates","3,416","4","4","5/0/5","3.4300","No","$680,000","04/30/2026","$680,000"
"1501","21206393","","Closed","Closed","503 Secret  Cove ","03/25/2026","","Bossier City","$170.97","Lakewood 06","3,100","4","4","3/1/4","0.5790","Yes","$530,000","04/30/2026","$530,000"
"1501","20976770","","Closed","Closed","207 Welham  Trace ","06/23/2025","","Bossier City","$147.48","Plantation Trace Estates","2,702","5","3","3/0/3","0.1000","No","$398,500","04/30/2026","$398,500"
"1501","20804637","","Closed","Closed","50 Turnbury  Drive ","12/30/2024","","Bossier City","$142.22","Stonebridge Sub","2,795","4","3","2/2/2","0.2100","No","$397,500","04/30/2026","$397,500"
"1501","21213967","","Closed","Closed","404 Independence  Circle ","03/19/2026","","Benton","$190.85","Belmere Un 3","2,012","4","2","2/0/2","0.2460","No","$384,000","04/30/2026","$384,000"
"1501","21166688","","Closed","Closed","5126 Tensas  Drive ","02/16/2026","","Bossier City","$184.28","Rosedale Place Un #16","2,035","4","2","1/0/1","0.1620","No","$375,000","04/30/2026","$375,000"
"1501","20814168","","Closed","Closed","143 Arbor  Place ","01/10/2025","","Bossier City","$211.98","The Crossing at Wemple","1,745","3","2","2/0/2","0.1140","No","$369,900","04/30/2026","$369,900"
"1501","21117051","","Closed","Closed","2737 Dogwood  Trail ","11/20/2025","","Minden","$169.38","Rural","2,149","3","2","/2/2","13.7100","No","$364,000","04/30/2026","$364,000"
"1501","21104089","","Closed","Closed","729 Crewe  Lane ","11/04/2025","","Bossier City","$144.72","CANES LANDING","2,204","4","2","2/0/2","0.1500","No","$318,963","04/30/2026","$318,963"
"1501","21203584","","Closed","Closed","322 Babineaux  Lane ","03/10/2026","","Haughton","$150.28","LEGACY POINTE","1,858","4","2","2/0/2","0.2000","No","$279,218","04/30/2026","$279,218"
"1501","21094362","","Closed","Closed","2200 Middle Creek  Boulevard ","10/24/2025","","Bossier City","$157.81","Lafayette Park","1,768","3","2","2/0/2","0.2010","No","$279,000","04/30/2026","$279,000"
"1501","21123460","","Closed","Closed","190 Berkshire  Place ","12/02/2025","","Haughton","$147.27","LEGACY POINTE","1,867","3","2","2/0/2","0.1800","No","$274,954","04/30/2026","$274,954"
"1501","21201925","","Closed","Closed","198 Bent Tree  Loop ","03/08/2026","","Haughton","$152.72","Southern Oaks","1,800","4","3","2/0/2","0.2140","No","$274,900","04/30/2026","$274,900"
"1501","21214590","","Closed","Closed","1813 Wild Rose ","03/20/2026","","Bossier City","$164.79","Cypress Place #5","1,511","3","2","2/0/2","0.2400","No","$249,000","04/30/2026","$249,000"
"1501","21175680","","Closed","Closed","178 Cullom  Drive ","02/09/2026","","Bossier City","$187.60","Enclave Preserve Un #1","1,306","3","2","2/0/2","0.1390","No","$245,000","04/30/2026","$245,000"
"1501","21231804","","Closed","Closed","3709 Shadow Bend  Drive ","04/07/2026","","Haughton","$153.36","Dogwood Park 18","1,490","3","2","2/0/2","0.2250","No","$228,500","04/30/2026","$228,500"
"1501","21087776","","Closed","Closed","600 Timbers East  Drive ","10/15/2025","","Haughton","$92.11","Timbers East Resub","2,432","4","2","/2/2","2.4590","Yes","$224,000","04/30/2026","$224,000"
"1501","21206237","","Closed","Closed","2329 Belmont  Boulevard ","03/13/2026","","Bossier City","$91.17","Greenacres","2,446","3","3","/2/2","0.3000","No","$223,000","04/30/2026","$223,000"
"1501","21176342","","Closed","Closed","1620 Patricia  Drive ","02/14/2026","","Bossier City","$109.63","Waller","1,870","3","2","0/2/2","0.1786","No","$205,000","04/30/2026","$205,000"
"1501","21203860","","Closed","Closed","1305 Shamrock  Street ","03/19/2026","","Bossier City","$78.66","Waller Sub","2,352","5","2","1/4/5","0.2260","No","$185,000","04/30/2026","$185,000"
"1501","21176442","","Closed","Closed","171 Seven Pines  Road ","02/13/2026","","Benton","$114.16","Seven Pines Road Estate","1,568","4","2","0/0/0","0.6700","No","$179,000","04/30/2026","$179,000"
"1501","21040668","","Closed","Closed","2526 Belmont  Boulevard ","08/24/2025","","Bossier City","$131.38","Greenacres Sub #6","1,332","3","2","/2/1","0.2270","No","$175,000","04/30/2026","$175,000"
"1501","21125342","","Closed","Closed","108 Deerwood  Lane ","12/04/2025","","Haughton","$89.43","Country Place Un 6","1,845","3","2","2/0/2","0.2420","No","$165,000","04/30/2026","$165,000"
"1501","21223899","","Closed","Closed","603 Haughton Trace  Court ","03/27/2026","","Haughton","$99.16","Haughton Trace 03","1,664","3","2","/0/0","0.6610","No","$165,000","04/30/2026","$165,000"
"1501","21149963","","Closed","Closed","402  E Todd  Street ","01/11/2026","","Minden","$115.24","West Acres","1,345","3","1","/2/2","0.5730","No","$155,000","04/30/2026","$155,000"
"1501","21083906","","Closed","Closed","119 Carriage Square  Drive ","10/10/2025","","Bossier City","$108.37","Carriage Square #1","1,213","3","2","0/1/1","0.0210","No","$131,456","04/30/2026","$131,456"
"1501","21102375","","Closed","Closed","103  N Magnolia  Street ","11/02/2025","","Plain Dealing","$88.04","Town of Plain Dealing","1,248","2","1","/1/1","8,245.0000","No","$109,869","04/30/2026","$109,869"
"1501","21128646","","Closed","Closed","314 Peason  Ridge ","12/08/2025","","Bossier City","$178.68","The Preserve","1,957","4","2","2/0/1","0.3000","No","$349,686","05/01/2026","$349,686"
"1501","21257564","","Closed","Closed","415 Wise  Road ","04/30/2026","","Plain Dealing","$158.88","rural","2,077","4","2","/2/2","11.4000","Yes","$330,000","05/01/2026","$330,000"
"1501","21077308","","Closed","Closed","445 Dogwood South  Lane ","10/06/2025","","Haughton","$164.99","Dogwood South Sub #11","1,994","4","2","2/0/2","0.2480","No","$329,000","05/01/2026","$329,000"
"1501","21199462","","Closed","Closed","701 Palmetto  Road ","03/05/2026","","Benton","$87.22","Simpson Sub","3,669","4","3","2/2/2","1.0320","No","$320,000","05/01/2026","$320,000"
"1501","21257200","","Closed","Closed","2804 Cypress Village  Drive ","04/30/2026","","Benton","$101.35","Cypress Bay #4","2,960","4","3","2/0/2","0.3500","No","$300,000","05/01/2026","$300,000"
"1501","21224076","","Closed","Closed","5003 Richland  Place ","03/31/2026","","Bossier City","$149.57","Plantation Trace","1,872","3","2","2/0/2","0.2150","No","$280,000","05/01/2026","$280,000"
"1501","21169698","","Closed","Closed","207 Chimney  Lane ","02/04/2026","","Haughton","$142.43","Country Place","1,895","4","2","2/2/2","0.2100","No","$269,900","05/01/2026","$269,900"
"1501","21257393","","Closed","Closed","3635 Greenacres Place  Drive ","04/30/2026","","Bossier City","$150.88","Greenacres Place Twnhses Ph II","1,193","2","2","2/0/2","0.0560","Yes","$180,000","05/01/2026","$180,000"
"1501","21160022","","Closed","Closed","3318 Cane Break ","01/21/2026","","Bossier City","$125.37","LEGACY","1,356","3","2","2/2/2","6,061.0000","No","$170,000","05/01/2026","$170,000"
"1501","21248293","","Closed","Closed","4826 San Antone  Drive ","04/23/2026","","Bossier City","$33.30","Swan Lake Sub","901","2","1","/1/1","0.1790","No","$30,000","05/01/2026","$30,000"
"1501","21120060","","Closed","Closed","1140 Linton  Road ","11/26/2025","","Benton","$241.45","Forest Lake","1,930","3","3","2/0/2","2.5000","No","$466,000","05/04/2026","$466,000"
"1501","21240392","","Closed","Closed","321 Newport  Lane ","04/15/2026","","Benton","$174.84","Jamestone Sub Un 4","1,773","3","2","2/0/2","0.2570","No","$310,000","05/04/2026","$310,000"
"1501","21061253","","Closed","Closed","405 Heritage  Drive ","09/16/2025","","Bossier City","$170.05","Madison Place Un #2","1,576","3","2","2/0/2","0.2590","Yes","$268,000","05/04/2026","$268,000"
"1501","21205549","","Closed","Closed","1200 Cove  Street ","03/12/2026","","Bossier City","$137.70","Shady Grove 01","1,801","4","2","2/0/2","0.4100","No","$248,000","05/04/2026","$248,000"
"1501","21203857","","Closed","Closed","570 Roach  Road ","03/19/2026","","Haughton","$135.19","Red Point Sub","1,533","3","2","2/0/2","0.3800","No","$207,240","05/04/2026","$207,240"
"1501","21226168","","Closed","Closed","1716 Bayou  Circle ","04/01/2026","","Bossier City","$106.81","Shady Grove 04","1,732","3","2","0/2/2","0.2760","No","$185,000","05/04/2026","$185,000"
"1501","21187993","","Closed","Closed","2407 Douglas  Drive ","02/24/2026","","Bossier City","$121.06","Greenacres 01","1,486","3","2","0/1/1","0.2410","No","$179,900","05/04/2026","$179,900"
"1501","21155200","","Closed","Closed","1215 Becky  Street ","01/16/2026","","Bossier City","$95.12","Childs Sub","841","2","1","/1/1","0.1800","No","$80,000","05/04/2026","$80,000"
"1501","21246106","","Closed","Closed","611 Danube ","04/21/2026","","Bossier City","$237.18","Canal Place","2,730","5","4","3/0/3","0.3500","No","$647,500","05/05/2026","$647,500"
"1501","21184548","","Closed","Closed","604 Dumaine  Drive ","02/19/2026","","Bossier City","$184.41","St Charles Court Village Un 8","3,118","5","3","3/0/3","0.7900","Yes","$575,000","05/05/2026","$575,000"
"1501","21206979","","Closed","Closed","346 Prien Lake  Loop ","03/12/2026","","Bossier City","$172.06","Edgewater Pass","2,885","5","4","2/2/2","0.1700","No","$496,406","05/05/2026","$496,406"
"1501","21195845","","Closed","Closed","501 Hempstead  Circle ","03/02/2026","","Benton","$183.05","Jamestown Sub Un 2a","1,835","3","2","2/0/2","0.2350","No","$335,900","05/05/2026","$335,900"
"1501","21214013","","Closed","Closed","1952 Wild Iris ","03/20/2026","","Bossier City","$176.30","Cypress Place","1,350","3","2","2/0/2","0.2080","No","$238,000","05/05/2026","$238,000"
"1501","21191768","","Closed","Closed","2103 Sandhurst  Street ","02/26/2026","","Bossier City","$133.54","Lafayette Park 03","1,610","3","2","2/0/2","0.1490","No","$215,000","05/05/2026","$215,000"
"1501","21109966","","Closed","Closed","819 Mockingbird  Lane ","11/12/2025","","Plain Dealing","$103.59","Plain Dealing Plantation","1,979","3","2","/2/2","2.9800","No","$205,000","05/05/2026","$205,000"
"1501","21138534","","Closed","Closed","2403 Douglas  Drive ","12/26/2025","","Bossier City","$122.79","Greenacres Sub #1","1,628","3","2","/2/2","0.2410","No","$199,900","05/05/2026","$199,900"
"1501","21239298","","Closed","Closed","119 Amy  Lane ","04/06/2026","","Benton","$37.83","Pennys Acres","1,216","3","2","/0/0","0.6380","No","$46,000","05/05/2026","$46,000"
"1501","21123953","","Closed","Closed","918 Country Club  Circle ","12/11/2025","","Minden","$103.55","RURAL","4,200","5","3","3/0/3","1.5000","No","$434,900","05/06/2026","$434,900"
"1501","21111662","","Closed","Closed","2524 Belmont  Boulevard ","11/13/2025","","Bossier City","$105.88","Greenacres Sub","1,463","3","2","/1/1","0.2270","No","$154,900","05/06/2026","$154,900"
"1501","21099390","","Closed","Closed","155 Lola  Circle ","10/29/2025","","Benton","$148.43","Mckenzie Place","1,691","4","2","2/0/2","0.2160","No","$251,000","05/07/2026","$251,000"
"1501","21166749","","Closed","Closed","4931 General Rusk  Drive ","03/30/2026","","Bossier City","$128.63","Southgate Estates Sub","1,593","3","2","2/0/2","0.2090","No","$204,900","05/07/2026","$204,900"
"1501","21066920","","Closed","Closed","135 Oak Leaf  Trail ","09/22/2025","","Benton","$169.85","Red Oak Estate","4,239","4","5","3/0/3","2.2700","Yes","$720,000","05/08/2026","$720,000"
"1501","21215402","","Closed","Closed","342 Butler Hill  Road ","03/23/2026","","Benton","$197.94","Northlake Estate","2,521","4","2","2/2/4","1.5060","Yes","$499,000","05/08/2026","$499,000"
"1501","21179320","","Closed","Closed","16591 Highway 157 ","02/16/2026","","Plain Dealing","$131.06","na","3,071","4","3","/2/2","2.0000","No","$402,500","05/08/2026","$402,500"
"1501","21081652","","Closed","Closed","411  S Elm  Street ","10/08/2025","","Haughton","$160.84","Rural","2,487","5","3","2/0/2","3.1000","Yes","$400,000","05/08/2026","$400,000"
"1501","21212349","","Closed","Closed","54 Crowder  Drive ","03/19/2026","","Benton","$158.66","Lost River","2,206","4","2","2/0/2","0.1550","No","$350,000","05/08/2026","$350,000"
"1501","21105166","","Closed","Closed","519 Dogwood South  Lane ","11/06/2025","","Haughton","$171.53","Dogwood South Sub Un 15","1,953","3","2","2/0/2","0.3780","No","$335,000","05/08/2026","$335,000"
"1501","21196752","","Closed","Closed","1107 Creole  Drive ","03/03/2026","","Bossier City","$181.71","Rosedale Place 11","1,761","3","2","2/0/2","0.1920","Yes","$320,000","05/08/2026","$320,000"
"1501","21200355","","Closed","Closed","476 Dogwood South  Lane ","03/06/2026","","Haughton","$170.89","Dogwood South","1,814","3","2","2/0/2","8,750.0000","No","$310,000","05/08/2026","$310,000"
"1501","21210973","","Closed","Closed","607 Girard  Court ","03/17/2026","","Haughton","$170.14","LEGACY POINTE","1,538","3","2","2/0/2","0.3000","No","$261,668","05/08/2026","$261,668"
"1501","21170584","","Closed","Closed","333 Oakland ","02/05/2026","","Bossier City","$156.63","Plantation Trace Graden Homes","1,660","3","2","2/0/2","0.1500","No","$260,000","05/08/2026","$260,000"
"1501","21194441","","Closed","Closed","16242 Highway 157 ","03/01/2026","","Benton","$136.61","Rural","1,281","3","1","/0/0","1.0000","No","$175,000","05/08/2026","$175,000"
"1501","21212011","","Closed","Closed","1401 Linton  Road ","03/17/2026","","Benton","$137.01","None","1,259","2","1","/0/2","1.0000","No","$172,500","05/08/2026","$172,500"
"1501","21191964","","Closed","Closed","1608 Quin  Street ","03/02/2026","","Bossier City","$102.44","Coleman Park Sub","1,601","3","1","/0/0","0.2170","No","$164,000","05/08/2026","$164,000"
"1501","21194573","","Closed","Closed","407 Fincher  Road ","03/02/2026","","Minden","$122.05","CITY","1,270","2","2","0/2/2","0.3500","No","$155,000","05/08/2026","$155,000"
"1501","21154303","","Closed","Closed","3224 Galaxy  Drive ","01/14/2026","","Bossier City","$101.21","Coleman Park 08","1,500","4","1","0/0/0","0.1860","No","$151,812","05/08/2026","$151,812"
"1501","21245149","","Closed","Closed","15585 Highway 80 ","04/26/2026","","Minden","$79.31","Rural","1,904","4","2","2/0/2","1.9600","No","$151,000","05/08/2026","$151,000"
"1501","21171413","","Closed","Closed","4833 Sheryl  Street ","02/05/2026","","Bossier City","$98.50","Swan Lake 04","1,330","2","2","/1/1","0.2340","No","$131,000","05/08/2026","$131,000"
"1501","21249716","","Closed","Closed","2104 Gen Forrest  Drive ","04/23/2026","","Bossier City","$91.46","Southgate Estates Sub","1,019","3","1","1/0/1","0.1650","No","$93,200","05/08/2026","$93,200"
"1501","21212884","","Closed","Closed","2534 Mecom  Drive ","03/18/2026","","Shreveport","$39.67","River Oaks Sub","1,840","4","2","/1/1","0.1790","No","$73,000","05/08/2026","$73,000"
"1501","21190806","","Closed","Closed","305 Edge Brook ","02/24/2026","","Bossier City","$52.78","Windsor Place Sub Un 1","1,080","3","2","/2/2","0.1050","No","$57,000","05/08/2026","$57,000"
"1501","21253999","","Closed","Closed","509 Secret  Cove ","04/29/2026","","Bossier City","$139.22","Lakewood 06","3,950","5","4","3/0/3","0.5000","No","$549,900","05/11/2026","$549,900"
"1501","21141447","","Closed","Closed","304 Dogwood South  Lane ","12/31/2025","","Haughton","$158.66","Dogwood South 03","2,395","4","3","2/0/2","0.3610","No","$380,000","05/11/2026","$380,000"
"1501","21217451","","Closed","Closed","748 Crewe  Lane ","03/24/2026","","Bossier City","$147.99","CANES LANDING","2,204","4","2","2/0/2","0.2000","No","$326,176","05/11/2026","$326,176"
"1501","21127313","","Closed","Closed","507 Toulouse  Court ","12/07/2025","","Bossier City","$163.96","St Charles Court 02","1,787","3","2","2/0/2","0.1580","No","$293,000","05/11/2026","$293,000"
"1501","21093294","","Closed","Closed","371 Hummingbird  Lane ","10/22/2025","","Princeton","$148.95","THE HILLS OF EASTWOOD","1,848","3","2","2/0/2","0.2400","No","$275,251","05/11/2026","$275,251"
"1501","21177751","","Closed","Closed","1126 Eli Conner  Drive ","02/18/2026","","Bossier City","$154.25","Victoria Meadows Un 1 Ph 2","1,718","3","2","1/0/1","0.1590","No","$265,000","05/11/2026","$265,000"
"1501","21214923","","Closed","Closed","8113 Dogwood  Trail ","03/20/2026","","Haughton","$126.32","Dogwood Park Sub","1,900","3","2","2/0/2","0.5232","No","$240,000","05/11/2026","$240,000"
"1501","21231718","","Closed","Closed","513 Linnhurst  Drive ","04/08/2026","","Bossier City","$186.95","Savannah Place #7","1,134","3","2","2/0/2","0.1520","No","$212,000","05/11/2026","$212,000"
"1501","21110255","","Closed","Closed","268 Sexton  Street ","11/14/2025","","Sarepta","$95.66","rural","1,568","4","2","/0/0","2.7500","No","$150,000","05/11/2026","$150,000"
"1501","21210356","","Closed","Closed","605 Dumaine  Drive ","03/16/2026","","Bossier City","$200.66","St. Charles Court","2,442","4","3","2/0/2","0.2350","Yes","$490,000","05/12/2026","$490,000"
"1501","21194571","","Closed","Closed","2207 Landau  Lane ","03/02/2026","","Bossier City","$136.65","Carriage Oaks Sub","3,037","5","3","2/0/2","0.8870","No","$415,000","05/12/2026","$415,000"
"1501","21152728","","Closed","Closed","300 Bostick  Court ","01/13/2026","","Bossier City","$164.07","CANES LANDING","1,848","3","2","2/0/2","0.2000","No","$303,194","05/12/2026","$303,194"
"1501","21184314","","Closed","Closed","306 Pine  Street ","02/16/2026","","Heflin","$192.14","jc reeves","1,400","3","2","3/1/3","1.5000","No","$269,000","05/12/2026","$269,000"
"1501","21113875","","Closed","Closed","5429 Mulberry  Drive ","11/16/2025","","Bossier City","$144.66","Golden Mdws 10","1,628","4","2","2/0/2","0.1920","No","$235,500","05/12/2026","$235,500"
"1501","21258687","","Closed","Closed","5421 Daffodil  Avenue ","05/03/2026","","Bossier City","$55.43","Southern Gardens 04","902","2","1","0/1/1","0.2560","No","$50,000","05/12/2026","$50,000"
"1501","21269156","","Closed","Closed","308 Tanyard Trace ","05/11/2026","","Benton","$213.10","Kingston Plantation","3,060","4","4","3/0/3","0.5000","Yes","$652,100","05/13/2026","$652,100"
"1501","21178970","","Closed","Closed","365 Cane Bend  Drive ","02/12/2026","","Haughton","$154.67","Cane Bend Country Estate","1,862","3","2","2/0/2","2.1720","No","$288,000","05/13/2026","$288,000"
"1501","21174232","","Closed","Closed","7436 Pecanwood  Lane ","02/06/2026","","Haughton","$151.29","Creekside 01","1,355","3","2","1/1/1","0.1210","No","$204,999","05/13/2026","$204,999"
"1501","21176194","","Closed","Closed","1625 Patricia  Drive ","02/10/2026","","Bossier City","$102.31","Waller","1,642","3","1","/1/1","0.3910","No","$168,000","05/13/2026","$168,000"
"1501","21237862","","Closed","Closed","513 Richardson  Street ","04/13/2026","","Minden","$87.21","College Annex Resubdiv","1,485","3","2","1/0/1","0.3550","No","$129,500","05/13/2026","$129,500"
"1501","20886220","","Closed","Closed","901  N Arkansas  Street ","03/29/2025","","Springhill","$78.37","Rural","1,276","2","1","2/2/2","1.7100","No","$100,000","05/13/2026","$100,000"
"1501","21187081","","Closed","Closed","5296 Linton Cutoff  Road ","02/21/2026","","Benton","$366.99","Cypress Creek Ranch","6,131","4","6","2/3/5","29.0000","Yes","$2,250,000","05/14/2026","$2,250,000"
"1501","21188067","","Closed","Closed","613 Danube  Circle ","02/25/2026","","Bossier City","$222.62","Canal Place","2,785","4","3","3/0/3","0.3000","No","$620,000","05/14/2026","$620,000"
"1501","21205016","","Closed","Closed","27 Chez Moi  Drive ","03/11/2026","","Bossier City","$174.23","Chez Moi Gardens","2,181","3","3","2/0/2","0.1040","No","$380,000","05/14/2026","$380,000"
"1501","21113946","","Closed","Closed","114 Quail  Trail ","11/16/2025","","Homer","$164.63","Pleasure Point Sub","2,126","4","3","0/2/2","0.4880","No","$350,000","05/14/2026","$350,000"
"1501","21223079","","Closed","Closed","3204 Hanover  Court ","04/02/2026","","Bossier City","$171.45","Rosedale","1,604","3","2","2/0/2","8,251.0000","No","$275,000","05/14/2026","$275,000"
"1501","21201313","","Closed","Closed","614 Highway 162 ","03/06/2026","","Benton","$165.64","RURAL","1,554","4","2","0/2/0","0.8300","No","$257,400","05/14/2026","$257,400"
"1501","21225395","","Closed","Closed","3511 Ponderosa  Drive ","04/01/2026","","Bossier City","$145.20","Bellaire Sub","1,239","3","2","1/1/1","0.1830","No","$179,900","05/14/2026","$179,900"
"1501","21233347","","Closed","Closed","2409 Stockwell  Road ","04/23/2026","","Bossier City","$98.98","Brookhaven Estates","1,667","3","2","2/0/2","0.2460","No","$165,000","05/14/2026","$165,000"
"1501","21238883","","Closed","Closed","2044 Orbit  Drive ","04/14/2026","","Bossier City","$137.07","Sun City","1,087","3","2","/1/1","0.1600","No","$149,000","05/14/2026","$149,000"
"1501","21116153","","Closed","Closed","605 Haughton Trace  Court ","11/18/2025","","Haughton","$63.96","Haugton Trace Un #3","1,984","3","2","/0/0","0.6590","No","$126,900","05/14/2026","$126,900"
"1501","21228613","","Closed","Closed","3636 Greenacres  Drive #98 ","04/03/2026","","Bossier City","$164.67","Carriage Quarters","668","1","1","/1/1","1,400.0000","Yes","$110,000","05/14/2026","$110,000"
"1501","21202101","","Closed","Closed","3800 Dorcheat  Road ","03/08/2026","","Minden","$27.44","Rural","1,640","3","2","0/2/2","0.4800","No","$45,000","05/14/2026","$45,000"
"1501","21147262","","Closed","Closed","2104 Hollow Wood  Way ","01/07/2026","","Haughton","$169.64","Forest Hills Sub #8","2,918","5","3","2/2/2","0.5880","No","$495,000","05/15/2026","$495,000"
"1501","21182338","","Closed","Closed","180 St Andrews  Lane ","02/17/2026","","Benton","$166.53","Belmere","2,402","4","3","1/1/2","0.0000","No","$400,000","05/15/2026","$400,000"
"1501","21157063","","Closed","Closed","171 Forest Glades  Lane ","01/17/2026","","Sibley","$123.03","Forest Glade","3,048","5","3","2/0/2","1.6700","No","$375,000","05/15/2026","$375,000"
"1501","21205866","","Closed","Closed","319 Peason Ridge ","03/11/2026","","Bossier City","$182.65","The Preserve","1,910","3","2","2/2/2","0.1700","No","$348,864","05/15/2026","$348,864"
"1501","20785052","","Closed","Closed","524 Dogwood South  Lane ","11/24/2024","","Haughton","$166.26","Dogwood South Sub #15","2,048","3","2","2/0/2","0.2110","No","$340,500","05/15/2026","$340,500"
"1501","21223325","","Closed","Closed","300 Ansley  Circle ","03/30/2026","","Benton","$190.05","Jamestowne","1,789","4","2","2/0/2","0.2070","No","$340,000","05/15/2026","$340,000"
"1501","21149298","","Closed","Closed","409 Merestone  Crossing ","01/09/2026","","Benton","$166.08","Lost River Estates","2,029","4","2","2/0/2","0.2200","No","$336,968","05/15/2026","$336,968"
"1501","21200376","","Closed","Closed","614 Aubrey  Walk ","03/06/2026","","Haughton","$167.49","Tuscany Xing","1,910","4","2","2/0/0","0.2270","No","$319,900","05/15/2026","$319,900"
"1501","21209183","","Closed","Closed","320 Coppice  Place ","03/20/2026","","Bossier City","$142.24","Willow Heights","2,204","4","2","2/0/2","0.0000","No","$313,500","05/15/2026","$313,500"
"1501","21200148","","Closed","Closed","345  N Hampton  Street ","03/06/2026","","Haughton","$154.69","Tuscany Crossing","1,984","3","2","2/0/2","0.1570","No","$306,900","05/15/2026","$306,900"
"1501","21120238","","Closed","Closed","209 Paisley  Lane ","11/25/2025","","Bossier City","$160.08","CANES LANDING","1,848","3","2","2/0/2","0.1600","No","$295,823","05/15/2026","$295,823"
"1501","21194820","","Closed","Closed","103 Arkla  Drive ","03/02/2026","","Springhill","$115.20","North acres","1,710","3","2","0/1/2","1.3080","No","$197,000","05/15/2026","$197,000"
"1501","21224470","","Closed","Closed","711 Lawrence  Drive ","04/03/2026","","Haughton","$123.08","Merrywoods","1,300","3","2","/2/2","0.3800","No","$160,000","05/15/2026","$160,000"
"1501","21205144","","Closed","Closed","1033 Norris  Drive ","03/11/2026","","Bossier City","$140.00","Meadowview Park 01","1,000","3","1","/0/0","0.1800","No","$140,000","05/15/2026","$140,000"
"1501","21199638","","Closed","Closed","393 Bodcau Station  Road ","03/05/2026","","Haughton","$119.82","Rural","1,085","3","1","/0/0","0.2600","No","$130,000","05/15/2026","$130,000"
"1501","21122493","","Closed","Closed","144 White  Lane ","12/01/2025","","Minden","$49.13","Beaver Creek Sub","2,239","3","2","0/0/0","10.9600","No","$110,000","05/15/2026","$110,000"
"1501","21087311","","Closed","Closed","122 Faith Plantation  Drive ","10/15/2025","","Princeton","$215.00","Faith Plantation","2,427","4","3","2/0/2","1.0020","No","$521,805","05/18/2026","$521,805"
"1501","21189490","","Closed","Closed","107 Southwood  Drive ","02/25/2026","","Bossier City","$133.12","Greenacres Place #1","3,850","5","4","3/0/3","0.4300","No","$512,500","05/18/2026","$512,500"
"1501","21160016","","Closed","Closed","504 Belle Rouge  Circle ","01/29/2026","","Bossier City","$149.52","River Bluff Sub Un 3","3,411","5","3","3/0/3","0.2861","No","$510,000","05/18/2026","$510,000"
"1501","21199224","","Closed","Closed","758 Featherston  Road ","03/05/2026","","Homer","$239.01","Featherston Lakewood","2,092","3","2","0/2/2","0.8030","No","$500,000","05/18/2026","$500,000"
"1501","21178177","","Closed","Closed","119 Livingston  Drive ","02/12/2026","","Bossier City","$148.35","Retreat Preserve Un #4","2,885","5","4","2/0/2","0.1830","No","$428,000","05/18/2026","$428,000"
"1501","21171959","","Closed","Closed","619 Bitter Pecan  Drive ","02/05/2026","","Bossier City","$172.98","Cypress Bend 02","2,139","4","3","2/0/2","0.1660","No","$370,000","05/18/2026","$370,000"
"1501","21176507","","Closed","Closed","15 Lee  Lane ","02/19/2026","","Haughton","$123.57","Merrywoods 05","2,792","4","4","2/0/2","0.7920","No","$345,000","05/18/2026","$345,000"
"1501","21135656","","Closed","Closed","50 Crowder  Drive ","12/20/2025","","Benton","$163.69","Lost River","1,961","4","2","2/0/2","0.1440","No","$321,000","05/18/2026","$321,000"
"1501","21230851","","Closed","Closed","2009 Honeytree Trail  Circle ","04/06/2026","","Haughton","$168.18","Forest Hills 07","1,873","3","2","2/0/2","0.4910","No","$315,000","05/18/2026","$315,000"
"1501","21014528","","Closed","Closed","494 Blanchard  Loop ","07/28/2025","","Bossier City","$154.29","CANES LANDING","1,925","3","2","2/0/2","0.1600","No","$297,000","05/18/2026","$297,000"
"1501","21273679","","Closed","Closed","603 Nettleton ","05/18/2026","","Princeton","$150.34","Beauregard Trace","1,450","3","2","/0/0","0.5000","No","$218,000","05/18/2026","$218,000"
"1501","21091718","","Closed","Closed","409 Summit  Drive ","10/20/2025","","Bossier City","$125.37","Greenacres Place Sub","1,675","3","2","2/0/2","0.2250","No","$210,000","05/18/2026","$210,000"
"1501","21208004","","Closed","Closed","507  S Middle Landing  Road ","03/13/2026","","Minden","$100.95","Babb Add","1,584","3","2","/1/1","0.3300","No","$159,900","05/18/2026","$159,900"
"1501","21118047","","Closed","Closed","5705  E Texas  Street #80 ","11/25/2025","","Bossier City","$95.79","Village at the Downs","1,044","2","2","0/2/2","0.0110","No","$100,000","05/18/2026","$100,000"
"1501","21170287","","Closed","Closed","612 Corinth  Circle ","02/13/2026","","Bossier City","$208.21","Canal Place","2,800","4","3","3/0/3","0.5210","Yes","$583,000","05/19/2026","$583,000"
"1501","21238541","","Closed","Closed","161 Bent Tree  Loop ","04/14/2026","","Haughton","$161.76","Southern Oaks #2","1,595","3","2","1/0/2","0.2390","No","$258,000","05/19/2026","$258,000"
"1501","21233728","","Closed","Closed","1221 Caroline  Drive ","04/08/2026","","Bossier City","$69.10","Pecan Park Sub Un 1","1,300","3","2","/2/2","0.2300","No","$89,833","05/19/2026","$89,833"
"1501","20921433","","Closed","Closed","221 Cattail  Trail ","05/01/2025","","Benton","$186.90","Kingston Plantation 02","3,344","4","4","3/0/3","0.9700","Yes","$625,000","05/20/2026","$625,000"
"1501","21253879","","Closed","Closed","4200 Toledo Bend  Drive ","04/26/2026","","Bossier City","$188.48","Legacy","1,552","3","2","2/2/2","0.2000","No","$292,525","05/20/2026","$292,525"
"1501","21230074","","Closed","Closed","3636 Greenacres Place  Drive #21 ","04/06/2026","","Bossier City","$158.68","Carriage Quarters","668","1","1","0/1/1","0.0180","No","$106,000","05/20/2026","$106,000"
"1501","21249901","","Closed","Closed","7950 Highway 371 ","04/22/2026","","Sibley","$19.05","Rural","1,050","3","2","0/0/0","1.9800","No","$20,000","05/20/2026","$20,000"
"1501","21221876","","Closed","Closed","423  N Lost River  Drive ","03/28/2026","","Benton","$182.79","Lost River Estate","3,102","4","3","3/0/3","0.1670","Yes","$567,000","05/21/2026","$567,000"
"1501","21187337","","Closed","Closed","24484 Highway 371 ","02/22/2026","","Sarepta","$91.46","Caters Sub","2,225","4","2","0/2/2","2.0000","No","$203,500","05/21/2026","$203,500"
"1501","21249344","","Closed","Closed","7500 Pecanwood  Court ","04/23/2026","","Haughton","$142.00","Creeksides 04","1,338","3","2","2/0/2","0.1860","No","$190,000","05/21/2026","$190,000"
"1501","21226920","","Closed","Closed","801 Princeton  Avenue ","04/02/2026","","Bossier City","$132.30","Central Park Un #1","1,285","4","1","0/0/0","0.3190","No","$170,000","05/21/2026","$170,000"
"1501","21267371","","Closed","Closed","1908 Alison  Avenue ","05/11/2026","","Bossier City","$126.96","Shady Grove 03","1,339","4","2","0/1/1","0.1950","No","$170,000","05/21/2026","$170,000"
"1501","21131486","","Closed","Closed","2420 Northside  Drive ","12/12/2025","","Bossier City","$102.14","Northside Add","1,077","3","1","0/4/0","0.1780","No","$110,000","05/21/2026","$110,000"
"1501","21166278","","Closed","Closed","607 5th  Street  NE ","01/30/2026","","Springhill","$60.91","Boucher & Slack Park","1,806","3","2","2/2/4","0.4470","No","$110,000","05/21/2026","$110,000"
"1501","21159983","","Closed","Closed","3126 Malvern  Street ","01/21/2026","","Bossier City","$38.92","Southern Terrace Sub","1,670","4","2","0/1/1","0.1850","No","$65,000","05/21/2026","$65,000"
"1501","21225664","","Closed","Closed","262 Poydras  Avenue ","04/01/2026","","Bossier City","$174.31","St Charles Court","3,356","5","3","3/0/3","0.2500","No","$585,000","05/22/2026","$585,000"
"1501","21221427","","Closed","Closed","2512  N Waverly  Drive ","03/28/2026","","Bossier City","$110.33","Greenacres Sub","3,716","4","4","2/2/2","0.4320","Yes","$410,000","05/22/2026","$410,000"
"1501","21244231","","Closed","Closed","219 Covington  Drive ","04/19/2026","","Benton","$166.62","Forest Lake Sub","2,220","3","2","2/0/2","0.6560","No","$369,900","05/22/2026","$369,900"
"1501","21127457","","Closed","Closed","703 Crozier  Drive ","12/06/2025","","Bossier City","$162.07","Willow Heights","1,851","4","3","2/0/2","0.1790","No","$300,000","05/22/2026","$300,000"
"1501","21194068","","Closed","Closed","4177 Grassy Lake  Drive ","03/01/2026","","Bossier City","$180.41","Legacy","1,552","3","2","2/2/2","0.1400","No","$280,000","05/22/2026","$280,000"
"1501","21168681","","Closed","Closed","714 Crozier  Drive ","02/03/2026","","Bossier City","$151.51","Willow Heights Sub Un #3","1,848","3","2","2/0/0","0.1280","No","$279,999","05/22/2026","$279,999"
"1501","21181162","","Closed","Closed","194 Berkshire  Place ","02/16/2026","","Haughton","$165.35","LEGACY POINTE","1,568","4","2","2/0/2","0.1600","No","$259,265","05/22/2026","$259,265"
"1501","21209482","","Closed","Closed","113 Red Fox  Circle ","03/16/2026","","Haughton","$148.63","Dogwood South 04","1,645","3","2","2/2/2","0.1300","No","$244,500","05/22/2026","$244,500"
"1501","21196409","","Closed","Closed","2810 Eugene  Street ","03/04/2026","","Bossier City","$127.97","Coleman Park","1,891","3","2","/2/2","0.2200","No","$242,000","05/22/2026","$242,000"
"1501","21238128","","Closed","Closed","2305 Arlington  Place ","04/13/2026","","Bossier City","$61.22","Greenacres Sub #6","3,512","3","3","2/0/2","0.3440","No","$215,000","05/22/2026","$215,000"
"1501","21210713","","Closed","Closed","5521  E Meadow  Drive ","03/17/2026","","Bossier City","$152.96","Golden Meadows Sub","1,216","3","2","1/1/1","0.2470","No","$186,000","05/22/2026","$186,000"
"1501","21163339","","Closed","Closed","108 Goode  Avenue ","01/26/2026","","Minden","$88.43","Goode Annex","1,979","3","2","1/0/1","0.1120","No","$175,000","05/22/2026","$175,000"
"1501","21257033","","Closed","Closed","2104 Kirby Smith  Drive ","04/30/2026","","Bossier City","$124.73","Southgate Estates","1,282","3","2","0/1/1","0.2000","No","$159,900","05/22/2026","$159,900"
"1501","21242596","","Closed","Closed","2621 Palmetto  Drive ","04/17/2026","","Bossier City","$114.78","Brownlee Estate","1,346","4","2","2/0/2","0.2300","No","$154,500","05/22/2026","$154,500"
"1501","21155247","","Closed","Closed","2247 Dawson  Drive ","01/16/2026","","Haynesville","$62.78","Miller Add","2,069","3","2","/1/1","0.5080","No","$129,900","05/22/2026","$129,900"
"1501","21250964","","Closed","Closed","5403 Hollyhock  Lane ","04/25/2026","","Bossier City","$61.36","Golden Meadows Sub","2,037","3","2","2/0/2","0.2410","No","$125,000","05/22/2026","$125,000"
"1501","21249583","","Closed","Closed","224 Virginia  Avenue ","04/24/2026","","Minden","$85.41","Hillcrest","925","3","1","/1/1","0.1800","No","$79,000","05/22/2026","$79,000"
"1501","21193219","","Closed","Closed","5705  E Texas  Street #47 ","02/27/2026","","Bossier City","$66.67","Village at the Downs","1,044","2","2","0/2/2","0.0110","No","$69,600","05/22/2026","$69,600"
"1501","21228500","","Closed","Closed","575 Whitefield  Lane ","04/03/2026","","Bossier City","$172.14","Savannah Place #6","1,278","3","2","2/0/2","0.1440","No","$220,000","05/25/2026","$220,000"
"1501","21174729","","Closed","Closed","918 Royal  Circle ","03/06/2026","","Bossier City","$177.58","St Charles Court Village #2","2,449","4","3","2/0/2","0.1870","No","$434,900","05/26/2026","$434,900"
"1501","21211546","","Closed","Closed","113 Caiden  Street ","03/18/2026","","Benton","$176.50","Turtle Creek","1,983","4","2","2/0/2","0.2260","No","$350,000","05/26/2026","$350,000"
"1501","21207403","","Closed","Closed","613 Flowstone  Crossing ","03/17/2026","","Benton","$168.23","Lost River Estates North #4","1,961","4","2","2/0/2","0.1620","No","$329,900","05/26/2026","$329,900"
"1501","21195590","","Closed","Closed","352 Wood  Springs ","03/02/2026","","Haughton","$169.77","Dogwood South Sub Un 13","1,664","3","2","2/0/2","0.2040","No","$282,500","05/26/2026","$282,500"
"1501","21119827","","Closed","Closed","211 Paisley  Lane ","11/24/2025","","Bossier City","$168.68","CANES LANDING","1,656","3","2","2/0/2","0.1600","No","$279,328","05/26/2026","$279,328"
"1501","21087413","","Closed","Closed","413  E Palmetto  Avenue ","10/20/2025","","Plain Dealing","$112.39","Rural","2,180","3","2","/4/4","0.4000","No","$245,000","05/26/2026","$245,000"
"1501","21242609","","Closed","Closed","305 Hacienda  Circle ","04/17/2026","","Haughton","$146.36","Espanita Forest Sub","1,400","3","2","2/0/2","0.2440","No","$204,900","05/26/2026","$204,900"
"1501","21238490","","Closed","Closed","1305 Rex  Street ","04/14/2026","","Bossier City","$128.18","Meadowview Park","1,100","3","2","/1/1","7,632.0000","No","$141,000","05/26/2026","$141,000"
"1501","21238909","","Closed","Closed","2037 Orbit  Drive ","04/14/2026","","Bossier City","$118.64","Sun City Sub","1,180","3","1","/1/1","0.1640","No","$140,000","05/26/2026","$140,000"
"1501","21191313","","Closed","Closed","943 Highway 79 ","03/01/2026","","Minden","$80.96","rural","1,581","3","2","0/2/2","1.2800","No","$128,000","05/26/2026","$128,000"
"1501","21229300","","Closed","Closed","120 Ironwood  Drive ","04/04/2026","","Bossier City","$166.96","Cypress Bend 03","2,246","4","3","3/0/3","0.1900","No","$375,000","05/27/2026","$375,000"
"1501","21146932","","Closed","Closed","6014 Braeburn  Court ","01/07/2026","","Bossier City","$142.68","Stockwell Place 09","2,015","3","2","2/0/2","0.2020","No","$287,500","05/27/2026","$287,500"
"1501","21225749","","Closed","Closed","2186 Stockwell  Road ","04/01/2026","","Bossier City","$184.94","Stockwell Place","1,541","3","2","2/0/2","0.2240","No","$285,000","05/27/2026","$285,000"
"1501","21232701","","Closed","Closed","9021 Hollow Bluff  Drive ","04/08/2026","","Haughton","$126.67","Dogwood Park","1,500","3","2","2/0/2","0.1800","No","$190,000","05/27/2026","$190,000"
"1501","21275360","","Closed","Closed","5409 Amber  Circle ","05/19/2026","","Benton","$124.56","Twin Lakes Estate","1,140","3","2","/3/3","0.9580","No","$142,000","05/27/2026","$142,000"
"1501","21206832","","Closed","Closed","126 Platt  Drive ","03/12/2026","","Haughton","$75.23","Merry Woods Sub","1,728","3","2","/0/0","0.4580","No","$130,000","05/27/2026","$130,000"
"1501","21209359","","Closed","Closed","111 3rd  Street ","03/16/2026","","Minden","$106.62","Williamson Jones Surv","964","2","1","0/1/1","0.0990","No","$102,777","05/27/2026","$102,777"
"1501","21219773","","Closed","Closed","920 Butler Hill  Road ","03/26/2026","","Benton","$218.39","Meadows","2,404","4","3","3/0/3","1.6400","No","$525,000","05/28/2026","$525,000"
"1501","21174882","","Closed","Closed","2509 Bloomfield  Lane ","02/09/2026","","Haughton","$156.15","Forest Hills","3,202","4","4","2/0/2","0.5230","Yes","$500,000","05/28/2026","$500,000"
"1501","21219134","","Closed","Closed","949 Maize  Street ","03/25/2026","","Bossier City","$158.08","Cypress Bend Garden","1,961","4","2","2/0/2","0.3500","No","$310,000","05/28/2026","$310,000"
"1501","21194537","","Closed","Closed","128 Gas Plant ","03/03/2026","","Doyline","$147.96","Bistineau Timber Lakes Subdivision","1,960","3","2","/2/2","4.1100","Yes","$290,000","05/28/2026","$290,000"
"1501","21239618","","Closed","Closed","8707 Woodstock  Drive ","04/15/2026","","Haughton","$130.41","Dogwood Park","2,170","4","2","2/0/2","0.5000","No","$283,000","05/28/2026","$283,000"
"1501","21206794","","Closed","Closed","3986 Stuart  Avenue ","03/12/2026","","Bossier City","$139.52","Shady Grove Sub","1,670","4","3","0/1/1","0.1950","No","$233,000","05/28/2026","$233,000"
"1501","21138913","","Closed","Closed","109 Country Club  Drive ","12/28/2025","","Benton","$110.77","Willow Ridge Sub","1,625","3","2","2/0/2","0.3310","No","$180,000","05/28/2026","$180,000"
"1501","21213165","","Closed","Closed","109 Kristen  Lane ","03/19/2026","","Minden","$28.44","Hillside","2,391","4","3","/2/2","0.5500","No","$68,000","05/28/2026","$68,000"
"1501","21222472","","Closed","Closed","13870 Highway 157 ","03/29/2026","","Haughton","$312.40","Rural","3,153","4","3","3/0/3","50.0000","Yes","$985,000","05/29/2026","$985,000"
"1501","20974903","","Closed","Closed","628 Dumaine  Drive ","06/26/2025","","Bossier City","$159.80","ST Charles Court","3,348","4","3","3/0/3","0.2450","No","$535,000","05/29/2026","$535,000"
"1501","21056757","","Closed","Closed","90 Turtle Creek  Drive ","09/10/2025","","Benton","$214.25","Turtle Creek","2,007","4","3","2/0/2","0.4146","No","$430,000","05/29/2026","$430,000"
"1501","21225410","","Closed","Closed","520 Weavers  Way ","04/01/2026","","Bossier City","$155.38","Lakewood Sub","2,703","4","3","2/2/2","0.4660","No","$420,000","05/29/2026","$420,000"
"1501","21194200","","Closed","Closed","748 Fir Wood  Lane ","03/01/2026","","Haughton","$174.73","DOGWOOD SOUTH","2,264","5","3","2/0/2","0.1930","Yes","$395,600","05/29/2026","$395,600"
"1501","21159419","","Closed","Closed","2119 Surrey  Lane ","01/21/2026","","Bossier City","$141.56","Carriage Oaks Sub","2,755","4","3","2/0/2","0.3610","Yes","$390,000","05/29/2026","$390,000"
"1501","21108454","","Closed","Closed","12168 Highway 157 ","11/12/2025","","Princeton","$188.41","rural","2,070","3","3","2/2/0","2.5000","Yes","$390,000","05/29/2026","$390,000"
"1501","21246983","","Closed","Closed","368 Vance  Road ","04/23/2026","","Benton","$142.22","Larry V Hunt Sub","2,707","4","2","6/2/8","2.1230","No","$385,000","05/29/2026","$385,000"
"1501","21172702","","Closed","Closed","410 Merestone  Crossing ","02/06/2026","","Benton","$151.58","Lost River Estates","2,476","5","3","2/0/2","0.2200","No","$375,308","05/29/2026","$375,308"
"1501","21233609","","Closed","Closed","197 Livingston  Drive ","04/09/2026","","Bossier City","$174.30","The Preserve","1,922","4","2","2/2/2","0.1790","No","$335,000","05/29/2026","$335,000"
"1501","21251542","","Closed","Closed","2021 Highpoint  Place ","04/26/2026","","Haughton","$142.49","Forest Hills Sub","2,316","4","3","3/0/3","0.5470","No","$330,000","05/29/2026","$330,000"
"1501","21240383","","Closed","Closed","1300 Elk  Creek ","04/20/2026","","Haughton","$174.26","Spring Creek Sub","1,865","4","2","2/2/2","0.3250","Yes","$325,000","05/29/2026","$325,000"
"1501","21285856","","Closed","Closed","818 Abita  Drive ","05/29/2026","","Bossier City","$155.75","WATERFORD BEND","1,984","3","2","2/0/2","0.2050","No","$309,000","05/29/2026","$309,000"
"1501","21229694","","Closed","Closed","814 Venecia  Drive ","04/06/2026","","Bossier City","$155.68","THE COVE AT VILLAGGIO","1,782","3","2","2/0/2","0.1300","No","$277,420","05/29/2026","$277,420"
"1501","21153370","","Closed","Closed","707 Fox Den ","01/13/2026","","Haughton","$161.21","Dogwood South 13","1,673","3","2","2/0/2","0.1660","No","$269,707","05/29/2026","$269,707"
"1501","21239944","","Closed","Closed","1962 Palmetto  Road ","04/17/2026","","Benton","$160.25","Willow Ridge Sub","1,610","3","2","2/0/2","0.3220","No","$258,000","05/29/2026","$258,000"
"1501","21198799","","Closed","Closed","185 Berkshire  Place ","03/05/2026","","Haughton","$165.36","LEGACY POINTE","1,522","3","2","2/0/2","0.1800","No","$251,683","05/29/2026","$251,683"
"1501","21258631","","Closed","Closed","1425 Magnolia Rdg. ","05/03/2026","","Bossier City","$120.71","Plantation Trace","2,071","4","3","2/2/2","0.2750","No","$250,000","05/29/2026","$250,000"
"1501","21208022","","Closed","Closed","141  W McKinley  Avenue ","03/13/2026","","Haughton","$154.85","Haughton","1,453","3","2","0/0/0","2.0000","Yes","$225,000","05/29/2026","$225,000"
"1501","21221351","","Closed","Closed","5725 Bluebonnett  Drive ","04/23/2026","","Bossier City","$145.00","Golden Mdws 10","1,400","3","2","2/0/2","0.1910","No","$203,000","05/29/2026","$203,000"
"1501","21209468","","Closed","Closed","603 Pine Cone  Drive ","03/16/2026","","Haughton","$80.13","Tall Timbers Sub","2,365","4","3","2/0/2","1.0000","No","$189,500","05/29/2026","$189,500"
"1501","20974961","","Closed","Closed","326 Montgomery  Lane ","06/26/2025","","Benton","$156.25","Rural","1,152","3","2","0/0/1","0.4300","No","$180,000","05/29/2026","$180,000"
"1501","21261864","","Closed","Closed","4006 Glen  Street ","05/06/2026","","Bossier City","$81.40","Shady Grove","2,150","4","2","0/2/2","0.2425","No","$175,000","05/29/2026","$175,000"
"1501","21231482","","Closed","Closed","3209 Bistineau  Drive ","04/09/2026","","Bossier City","$120.25","Coleman Park","1,447","3","2","0/0/0","0.1791","No","$174,000","05/29/2026","$174,000"
"1501","21185434","","Closed","Closed","9339 Hwy 80 ","02/19/2026","","Minden","$110.94","Rural","1,216","3","2","/0/0","0.9000","No","$134,900","05/29/2026","$134,900"
"1501","21232370","","Closed","Closed","3007 Gaines  Street ","05/18/2026","","Bossier City","$114.91","Southern Terrace 01","1,142","3","1","0/1/1","0.2140","No","$131,229","05/29/2026","$131,229"
"1501","21234941","","Closed","Closed","301 Fox Creek  Drive ","04/10/2026","","Haughton","$82.42","Fox Creek Estate","1,456","3","2","/0/0","0.6600","No","$120,000","05/29/2026","$120,000"
"1501","21115244","","Closed","Closed","1205 Tillman  Drive ","11/18/2025","","Minden","$95.20","Hillcrest Sub","1,208","3","1","/1/1","0.1790","No","$115,000","05/29/2026","$115,000"
"1501","21186519","","Closed","Closed","2211 Loreco  Street ","02/20/2026","","Bossier City","$80.91","Replat Sunset Square Un 1","1,100","2","2","/0/0","0.0240","No","$89,000","05/29/2026","$89,000"
"1501","21177224","","Closed","Closed","329 Canvas Back  Drive ","02/11/2026","","Princeton","$42.81","Gray Duck North 03","2,009","4","3","/0/0","0.3040","No","$86,000","05/29/2026","$86,000"
"1501","21212470","","Closed","Closed","4903 Dahlia  Drive ","03/14/2026","","Bossier City","$61.62","Swan Lake Sub","1,069","3","2","/1/1","0.1930","No","$65,875","05/29/2026","$65,875"
"1501","21122371","","Closed","Closed","1941 Rossie Lee  Drive ","12/05/2025","","Bossier City","$171.08","Parkway Place","1,549","3","2","2/0/2","0.2000","No","$265,000","05/31/2026","$265,000"
"1501","21261633","","Closed","Closed","1228 Dry Creek ","05/06/2026","","Haughton","$168.09","dry creek","2,350","3","2","2/0/2","3.8000","No","$395,000","06/01/2026","$395,000"
"1501","21220341","","Closed","Closed","107 Caiden  Drive ","03/26/2026","","Benton","$148.53","Turtle Creek","2,491","5","3","2/0/2","0.2180","No","$370,000","06/01/2026","$370,000"
"1501","21213657","","Closed","Closed","506 Murry  Drive ","03/19/2026","","Minden","$129.49","Country Club Estates","2,587","5","3","2/0/2","1.3500","No","$335,000","06/01/2026","$335,000"
"1501","21271065","","Closed","Closed","4219 Toledo Bend  Drive ","05/14/2026","","Bossier City","$198.18","Legacy","1,297","3","2","2/0/2","0.1380","No","$257,040","06/01/2026","$257,040"
"1501","21218166","","Closed","Closed","428 Shady Wood  Lane ","04/07/2026","","Haughton","$145.76","Village Green","1,475","3","2","/2/2","1.0400","No","$215,000","06/01/2026","$215,000"
"1501","21007704","","Closed","Closed","4743 Old Brownlee  Road ","07/22/2025","","Bossier City","$171.84","Autumn Crk 01","3,288","4","4","3/0/3","0.5020","Yes","$565,000","06/02/2026","$565,000"
"1501","21088726","","Closed","Closed","2602 Ashland  Avenue ","10/15/2025","","Bossier City","$140.54","Greenacres #5","1,480","3","2","/1/1","0.2220","No","$208,000","06/02/2026","$208,000"
"1501","21245984","","Closed","Closed","4214 Paul  Street ","04/22/2026","","Bossier City","$133.65","Shady Grove 03","1,257","3","1","/1/1","0.2160","No","$168,000","06/02/2026","$168,000"
"1501","21227775","","Closed","Closed","1305  E Todd  Street ","04/02/2026","","Minden","$81.26","PINE HILL SUBDV","1,846","3","3","0/0/1","0.4590","No","$150,000","06/02/2026","$150,000"
"1501","21218777","","Closed","Closed","700 Abita Chase ","03/25/2026","","Bossier City","$191.18","Waterford Bend Un 2","2,416","5","3","2/0/2","0.2565","Yes","$461,900","06/03/2026","$461,900"
"1501","21159060","","Closed","Closed","3028 Sagefield  Lane ","02/02/2026","","Haughton","$165.29","Forest Hills Sub #10","2,420","4","3","2/0/2","17,157.0000","No","$400,000","06/03/2026","$400,000"
"1501","21229181","","Closed","Closed","459 Cross  Drive ","04/04/2026","","Haughton","$156.14","Fox Xing Ph 2","1,678","4","2","2/0/2","0.1980","No","$262,000","06/03/2026","$262,000"
"1501","21240678","","Closed","Closed","2542 Mecom  Drive ","04/25/2026","","Shreveport","$125.81","River Oaks Sub","1,550","3","2","2/0/2","0.2720","No","$195,000","06/03/2026","$195,000"
"1501","21247804","","Closed","Closed","2302 Brownlee  Road ","04/24/2026","","Bossier City","$76.14","Greenbriar Estate","1,970","4","2","/0/0","0.3040","No","$150,000","06/03/2026","$150,000"
"1501","21220734","","Closed","Closed","605 Lukes  Landing ","03/27/2026","","Bossier City","$168.66","Old River Place","2,460","4","3","2/0/2","1.0000","Yes","$414,900","06/04/2026","$414,900"
"1501","21151287","","Closed","Closed","5505 Hickory Ridge  Drive ","01/12/2026","","Bossier City","$153.62","Carriage Oaks East Sub","2,363","4","2","2/0/2","0.8060","Yes","$363,000","06/04/2026","$363,000"
"1501","21237888","","Closed","Closed","425 Merestone  Crossing ","04/13/2026","","Benton","$150.15","Lost River Estates","2,204","4","2","2/0/2","0.2400","No","$330,927","06/04/2026","$330,927"
"1501","20974120","","Closed","Closed","657 Alder  Lane ","06/21/2025","","Bossier City","$161.72","Cypress Bend Garden District #6","1,954","4","2","2/0/2","0.1860","No","$316,000","06/04/2026","$316,000"
"1501","21246694","","Closed","Closed","3207 Pine Haven  Lane ","04/22/2026","","Haughton","$151.87","Dogwood Park 11-A","1,442","3","2","2/0/2","0.1970","No","$219,000","06/04/2026","$219,000"
"1501","21242284","","Closed","Closed","2204 Bellevue  Road ","04/16/2026","","Haughton","$121.24","bellevue","1,554","3","2","0/0/0","1.2900","No","$188,400","06/04/2026","$188,400"
"1501","21173138","","Closed","Closed","1819 Mars  Drive ","02/10/2026","","Bossier City","$130.45","Sun City Sub","1,376","3","2","0/1/1","0.1790","No","$179,500","06/04/2026","$179,500"
"1501","21131964","","Closed","Closed","175 Sitka  Loop ","12/12/2025","","Haughton","$205.00","Pin Oak Lndg Un 1","2,435","4","3","2/0/2","0.3690","No","$499,175","06/05/2026","$499,175"
"1501","21247556","","Closed","Closed","352 Prien Lake Loop ","04/22/2026","","Bossier City","$172.41","Edgewater Pass","2,416","5","3","2/0/2","0.1700","No","$416,545","06/05/2026","$416,545"
"1501","21193483","","Closed","Closed","55 High Water  Drive ","02/27/2026","","Benton","$153.32","Lost River Estates North","2,211","4","3","2/0/2","0.2033","No","$339,000","06/05/2026","$339,000"
"1501","21129270","","Closed","Closed","537 Dogwood South  Lane ","12/09/2025","","Haughton","$136.87","Dogwood South Sub Un 15","2,265","4","3","2/0/2","11,416.0000","No","$310,000","06/05/2026","$310,000"
"1501","21045608","","Closed","Closed","1924 Valdemar  Place ","08/28/2025","","Bossier City","$143.79","Beau Claire","1,982","4","3","2/0/2","0.1263","No","$285,000","06/05/2026","$285,000"
"1501","21197424","","Closed","Closed","769 Venecia  Drive ","03/04/2026","","Bossier City","$163.15","THE COVE AT VILLAGGIO","1,482","3","2","2/0/2","0.1600","No","$241,795","06/05/2026","$241,795"
"1501","21254156","","Closed","Closed","502 Perfect  Place ","04/29/2026","","Bossier City","$172.28","Willow Brook Sub Un 2","1,306","2","2","2/0/2","0.0880","No","$225,000","06/05/2026","$225,000"
"1501","21243462","","Closed","Closed","1220 Caroline  Drive ","04/17/2026","","Bossier City","$91.06","Pecan Park Un 1","1,812","3","2","/2/2","0.2670","No","$165,000","06/05/2026","$165,000"
"1501","21253042","","Closed","Closed","702 Browning  Drive ","04/29/2026","","Springhill","$96.42","North Acres","1,649","3","2","/2/2","0.5390","No","$159,000","06/05/2026","$159,000"
"1501","21144664","","Closed","Closed","2400 Broadway  Drive ","01/05/2026","","Bossier City","$111.97","Northside Addition","1,295","3","1","0/0/0","0.1000","No","$145,000","06/05/2026","$145,000"
"1501","21261506","","Closed","Closed","2406 Waverly  Drive ","05/06/2026","","Bossier City","$111.29","Greenacres Sub #2","1,258","3","2","/1/1","0.2590","No","$140,000","06/05/2026","$140,000"
"1501","21156171","","Closed","Closed","511 Chandler  Street ","01/16/2026","","Minden","$85.33","Brackinnorton Sub","1,500","3","2","0/0/0","0.1820","No","$128,000","06/05/2026","$128,000"
"1501","21172659","","Closed","Closed","122 Augusta  Avenue ","02/07/2026","","Benton","$158.23","River Ridge Sub","2,035","4","2","2/0/2","0.2940","No","$322,000","06/07/2026","$322,000"
"1501","21237229","","Closed","Closed","236 Sam Willen  Drive ","04/12/2026","","Bossier City","$452.58","Lost River South","6,717","5","6","4/3/4","2.5190","Yes","$3,040,000","06/08/2026","$3,040,000"
"1501","21208968","","Closed","Closed","342 Hunters  Hollow ","03/15/2026","","Bossier City","$189.70","Lakewood Sub","2,873","4","5","5/0/5","0.6350","Yes","$545,000","06/08/2026","$545,000"
"1501","21201500","","Closed","Closed","1113 Calle Lago  Court ","03/07/2026","","Bossier City","$197.35","Waterford Lake","2,457","4","3","2/2/2","0.2670","No","$484,900","06/08/2026","$484,900"
"1501","21252390","","Closed","Closed","2137 Sweet Bay  Circle ","04/27/2026","","Bossier City","$148.66","Legacy","2,320","4","3","2/0/2","0.2200","No","$344,900","06/08/2026","$344,900"
"1501","20948009","","Closed","Closed","4002 Wilderness  Lane ","05/26/2025","","Bossier City","$140.09","Stockwell Place 12","2,270","4","2","2/0/2","0.2420","No","$318,000","06/08/2026","$318,000"
"1501","21117907","","Closed","Closed","512 Chinquipin  Drive ","11/20/2025","","Bossier City","$167.75","Cypress Bend 01","1,848","3","2","2/0/2","0.2020","No","$310,000","06/08/2026","$310,000"
"1501","21261425","","Closed","Closed","103 Cambridge  Circle ","05/06/2026","","Bossier City","$132.89","Greenacres Place","2,250","4","3","2/2/2","0.2510","No","$299,000","06/08/2026","$299,000"
"1501","21218224","","Closed","Closed","358 Hummingbird  Lane ","03/25/2026","","Princeton","$164.11","THE HILLS OF EASTWOOD","1,561","3","2","2/0/2","0.1900","No","$256,179","06/08/2026","$256,179"
"1501","21257270","","Closed","Closed","3816 Shadow Bend  Drive ","05/01/2026","","Haughton","$162.77","Dogwood Park Un 19","1,413","3","2","2/0/2","0.2600","No","$230,000","06/08/2026","$230,000"
"1501","21228943","","Closed","Closed","2102 Orbit  Drive ","04/08/2026","","Bossier City","$139.01","Sun City Sub","1,151","3","2","/1/1","0.1940","No","$160,000","06/08/2026","$160,000"
"1501","21110716","","Closed","Closed","1171 Wemple  Road ","11/12/2025","","Bossier City","$179.78","Wemple Sub","4,450","5","5","/2/2","3.1900","Yes","$800,000","06/09/2026","$800,000"
"1501","21256764","","Closed","Closed","720 Fir Wood  Lane ","05/01/2026","","Haughton","$162.97","Dogwood South Subdivisition Un","2,190","4","3","2/0/2","0.1800","No","$356,900","06/09/2026","$356,900"
"1501","21246136","","Closed","Closed","649 Mary Jane  Boulevard ","04/22/2026","","Haughton","$130.23","Merry Woods Sub","1,459","3","2","2/0/2","0.5830","No","$190,000","06/09/2026","$190,000"
"1501","21265419","","Closed","Closed","2520 Conrad  Street ","05/08/2026","","Bossier City","$78.13","Greenacres 07","1,600","3","2","2/0/2","0.2700","No","$125,000","06/09/2026","$125,000"
"1501","21215946","","Closed","Closed","1113 Shirley Lane ","03/23/2026","","Bossier City","$138.89","Swan Lake","864","3","1","/1/1","7,150.0000","No","$119,999","06/09/2026","$119,999"
"1501","21298674","","Closed","Closed","1281 Highway 159 ","06/09/2026","","Minden","$140.54","Greenbriar Sub","4,625","4","4","4/0/4","3.6000","No","$650,000","06/10/2026","$650,000"
"1501","21217245","","Closed","Closed","303 Prien Lake  Loop ","03/24/2026","","Bossier City","$178.05","Edgewater Pass Un #1","2,387","4","3","2/0/2","0.1780","No","$425,000","06/10/2026","$425,000"
"1501","21151308","","Closed","Closed","339 Greenacres  Boulevard ","01/14/2026","","Bossier City","$144.00","Greenacres Place #1","2,724","4","3","2/0/2","0.2970","No","$392,250","06/10/2026","$392,250"
"1501","21180727","","Closed","Closed","805 Grey Fox  Circle ","02/15/2026","","Haughton","$164.68","Dogwood South 08","2,095","3","3","2/0/2","1.1900","No","$345,000","06/10/2026","$345,000"
"1501","21258745","","Closed","Closed","496 Brompton  Lane ","05/04/2026","","Bossier City","$178.37","Village at Tiburon","1,766","3","2","2/0/2","0.2630","No","$315,000","06/10/2026","$315,000"
"1501","21257444","","Closed","Closed","1002 Maize  Street ","05/01/2026","","Bossier City","$149.95","Cypress Bend Garden District #5","1,994","3","2","2/0/2","0.3170","No","$299,000","06/10/2026","$299,000"
"1501","21232648","","Closed","Closed","213 Paisley  Lane ","04/08/2026","","Bossier City","$166.12","CANES LANDING","1,685","3","2","2/0/2","0.1600","No","$279,918","06/10/2026","$279,918"
"1501","21249865","","Closed","Closed","3316 Cane Break ","04/24/2026","","Bossier City","$178.86","Redwood Place","1,258","3","2","2/0/2","0.1360","No","$225,000","06/10/2026","$225,000"
"1501","21240271","","Closed","Closed","102 Dogwood South  Lane ","04/16/2026","","Haughton","$163.54","DOOGWOOD SOUTH","2,290","4","3","2/0/2","0.4100","No","$374,500","06/11/2026","$374,500"
"1501","21214642","","Closed","Closed","419 Antietam  Drive ","04/12/2026","","Bossier City","$154.96","Gardens of Southgate Un 12","2,045","4","3","2/0/2","0.1640","No","$316,900","06/11/2026","$316,900"
"1501","21259914","","Closed","Closed","401 Edgemont  Drive ","05/04/2026","","Bossier City","$131.35","Greenacres Place Sub","1,713","3","2","/2/2","0.2020","Yes","$225,000","06/11/2026","$225,000"
"1501","21224876","","Closed","Closed","620 Durwood ","04/03/2026","","Minden","$109.79","Durwood","1,594","3","2","2/0/1","0.2000","No","$175,000","06/11/2026","$175,000"
"1501","21081220","","Closed","Closed","819 Mignon  Street ","10/14/2025","","Minden","$17.78","Leary Mariah Estate Partition","900","2","1","/1/1","0.1910","No","$16,000","06/11/2026","$16,000"
"1501","21213851","","Closed","Closed","136 Autumn Creek ","03/19/2026","","Bossier City","$173.39","Autumn Creek","2,826","5","4","3/0/3","0.4800","No","$490,000","06/12/2026","$490,000"
"1501","21268762","","Closed","Closed","306 Tottenham  Court ","05/13/2026","","Bossier City","$198.97","Tiburon 03","2,136","4","3","2/0/2","0.3610","Yes","$425,000","06/12/2026","$425,000"
"1501","21212324","","Closed","Closed","61 Turnbury  Drive ","03/18/2026","","Bossier City","$174.42","Stonebridge","2,408","3","3","3/0/3","0.3780","No","$420,000","06/12/2026","$420,000"
"1501","21219854","","Closed","Closed","177 Sitka  Loop ","03/26/2026","","Haughton","$199.49","Pin Oak Landing","1,955","3","2","2/0/2","0.3490","No","$390,000","06/12/2026","$390,000"
"1501","21234948","","Closed","Closed","133 Brimestone  Loop ","04/13/2026","","Benton","$158.80","Lost River","2,204","4","2","2/0/2","0.2400","No","$350,000","06/12/2026","$350,000"
"1501","21259023","","Closed","Closed","2304 Belmont  Boulevard ","05/04/2026","","Bossier City","$73.21","Greenacres","4,439","5","6","/2/2","0.4700","Yes","$325,000","06/12/2026","$325,000"
"1501","21214609","","Closed","Closed","2012 Regent  Circle ","03/21/2026","","Bossier City","$152.54","Cross Creek Sub","2,065","4","3","1/0/0","0.3080","No","$315,000","06/12/2026","$315,000"
"1501","21172665","","Closed","Closed","746 Crewe  Lane ","02/06/2026","","Bossier City","$160.28","CANES LANDING","1,848","3","2","2/0/2","0.1600","No","$296,195","06/12/2026","$296,195"
"1501","20994753","","Closed","Closed","346 Wood  Springs ","07/09/2025","","Haughton","$128.58","Dogwood South Sub #13","2,271","4","3","2/0/2","0.2150","No","$292,000","06/12/2026","$292,000"
"1501","21219565","","Closed","Closed","806 Applewood  Trail ","03/26/2026","","Haughton","$171.15","Dogwood South","1,577","3","2","2/0/2","0.2000","No","$269,900","06/12/2026","$269,900"
"1501","21256602","","Closed","Closed","507 Southwood  Drive ","05/01/2026","","Bossier City","$164.84","Greenacres Place 04","1,547","3","2","2/2/2","0.2410","Yes","$255,000","06/12/2026","$255,000"
"1501","21119869","","Closed","Closed","186 Berkshire  Place ","11/24/2025","","Haughton","$167.51","LEGACY POINTE","1,501","4","2","2/0/2","0.1800","No","$251,439","06/12/2026","$251,439"
"1501","21224664","","Closed","Closed","5016 Ames Place  Place ","03/31/2026","","Bossier City","$186.84","Golden Meadows Village","1,330","3","2","2/0/2","0.1210","No","$248,500","06/12/2026","$248,500"
"1501","21212153","","Closed","Closed","773 Venecia  Drive ","03/18/2026","","Bossier City","$164.70","THE COVE AT VILLAGGIO","1,461","3","2","2/0/2","0.1300","No","$240,625","06/12/2026","$240,625"
"1501","21215841","","Closed","Closed","4717 General Ewell  Drive ","03/23/2026","","Bossier City","$134.21","Southgate Estates Sub","1,713","4","2","/0/0","0.1710","No","$229,900","06/12/2026","$229,900"
"1501","21237825","","Closed","Closed","1522 Franklin  Road ","04/13/2026","","Heflin","$111.44","Rural","1,704","3","2","/2/2","6.3000","No","$189,900","06/12/2026","$189,900"
"1501","21257288","","Closed","Closed","1881 Highway 162 ","05/01/2026","","Benton","$82.52","Seven Pines Road Estate","2,242","5","3","/0/0","1.0100","No","$185,000","06/12/2026","$185,000"
"1501","21237193","","Closed","Closed","655 Timbers East  Drive ","04/12/2026","","Haughton","$140.90","Timberes East","1,242","2","1","/2/2","1.0330","No","$175,000","06/12/2026","$175,000"
"1501","21271150","","Closed","Closed","18883 Highway 157 ","05/14/2026","","Plain Dealing","$71.96","Rural","2,432","4","2","0/2/2","3.8000","No","$175,000","06/12/2026","$175,000"
"1501","21244769","","Closed","Closed","864 Linton  Road ","04/24/2026","","Benton","$262.94","Lake Ridge Sub","4,754","5","4","3/0/3","1.3670","Yes","$1,250,000","06/15/2026","$1,250,000"
"1501","21298433","","Closed","Closed","304 Elbow Slough ","06/11/2026","","Bossier City","$205.21","Preserve Estates","2,482","4","3","2/0/2","0.1400","No","$509,332","06/15/2026","$509,332"
"1501","21267627","","Closed","Closed","101 Decatur ","05/12/2026","","Bossier City","$188.49","St Charles Court 01","1,538","3","2","2/0/2","0.2570","Yes","$289,900","06/15/2026","$289,900"
"1501","21087332","","Closed","Closed","369 Hummingbird  Lane ","10/15/2025","","Princeton","$155.69","THE HILLS OF EASTWOOD","1,740","3","2","2/0/2","0.2400","No","$270,907","06/15/2026","$270,907"
"1501","21270773","","Closed","Closed","346 Lintwin  Circle ","05/14/2026","","Benton","$73.05","Lintwin Hills","2,560","4","3","/2/2","1.0000","No","$187,000","06/15/2026","$187,000"
"1501","21118039","","Closed","Closed","607 Nettleton  Drive ","11/21/2025","","Princeton","$152.17","Beauregard Trace","1,150","3","2","0/0/0","0.5520","No","$175,000","06/15/2026","$175,000"
"1501","21243218","","Closed","Closed","1813 Bayou  Circle ","04/16/2026","","Bossier City","$108.77","Shady Grove","1,471","3","2","2/2/4","0.2590","No","$160,000","06/15/2026","$160,000"
"1501","21260970","","Closed","Closed","122 Lakeview  Drive ","05/08/2026","","Homer","$171.80","Greenacres subdiv","2,677","3","3","0/2/0","0.8160","No","$459,900","06/16/2026","$459,900"
"1501","21186194","","Closed","Closed","619  E Palmetto  Avenue ","02/20/2026","","Plain Dealing","$118.36","Town Of Plain Dealing","2,408","4","2","/2/2","0.6600","No","$285,000","06/16/2026","$285,000"
"1501","21258526","","Closed","Closed","314 Oak Ridge  Lane ","05/04/2026","","Haughton","$89.46","Country Place Sub","2,627","5","3","2/0/2","0.3230","No","$235,000","06/16/2026","$235,000"
"1501","21248382","","Closed","Closed","3813 Pickering Pass  Drive ","04/27/2026","","Bossier City","$193.97","Legacy Redwood Place","1,160","3","2","2/0/2","0.1330","No","$225,000","06/16/2026","$225,000"
"1501","21268157","","Closed","Closed","237 Sugar Creek  Road ","05/12/2026","","Minden","$35.44","Rural","5,079","5","5","2/0/2","4.2600","No","$180,000","06/16/2026","$180,000"
"1501","21232618","","Closed","Closed","615 Danube  Circle ","04/08/2026","","Bossier City","$225.03","Canal Place","2,733","4","3","3/0/3","0.4000","No","$615,000","06/17/2026","$615,000"
"1501","21228090","","Closed","Closed","301 Cranbrook  Court ","04/02/2026","","Bossier City","$198.69","The Crossing at Wemple","1,837","3","2","2/0/2","0.0130","No","$365,000","06/17/2026","$365,000"
"1501","21173654","","Closed","Closed","320 Camelback  Drive ","02/06/2026","","Bossier City","$146.29","Cypress Bend Garden District #6","2,050","4","2","2/0/2","0.1900","No","$299,900","06/17/2026","$299,900"
"1501","21224056","","Closed","Closed","545 Fox  Cove ","03/31/2026","","Haughton","$167.25","Dogwood South","1,423","3","2","2/0/2","0.1770","No","$238,000","06/17/2026","$238,000"
"1501","21136464","","Closed","Closed","121 Casa  Drive ","12/20/2025","","Haughton","$111.49","Espanita Village Sub","1,793","3","2","2/0/2","0.2010","No","$199,900","06/17/2026","$199,900"
"1501","21248555","","Closed","Closed","6098 Highway 2 ","04/23/2026","","Sarepta","$10.00","Deloches Sub","1,500","3","1","/0/0","59,242.0000","No","$15,000","06/17/2026","$15,000"
"1501","21257067","","Closed","Closed","301 Ayres  Circle ","05/01/2026","","Benton","$202.68","Heartwood Acres","3,027","4","4","3/0/3","0.7800","No","$613,500","06/18/2026","$613,500"
"1501","21257685","","Closed","Closed","2275 Woodstone  Drive ","05/01/2026","","Benton","$220.40","Glen Cove Sub","1,951","3","3","2/0/2","0.6640","No","$430,000","06/18/2026","$430,000"
"1501","21170117","","Closed","Closed","112 Brimestone  Loop ","02/04/2026","","Benton","$140.44","Lost River Estates North Un #4","2,720","5","3","2/0/2","0.2350","No","$382,000","06/18/2026","$382,000"
"1501","21241936","","Closed","Closed","459 Blanchard  Loop ","04/16/2026","","Bossier City","$149.43","Canes Landing","2,476","5","3","2/0/2","0.1800","No","$370,000","06/18/2026","$370,000"
"1501","21215070","","Closed","Closed","316 Peason  Ridge ","03/21/2026","","Bossier City","$177.16","The Preserve","1,984","3","2","2/2/2","0.1650","No","$351,486","06/18/2026","$351,486"
"1501","21241543","","Closed","Closed","609 Stowe  Circle ","04/16/2026","","Bossier City","$184.51","Jamestowne Sub #3","1,756","3","2","2/0/2","0.3160","No","$324,000","06/18/2026","$324,000"
"1501","21272877","","Closed","Closed","3387 Bellevue  Road ","05/16/2026","","Haughton","$153.54","Rural","1,980","4","2","2/0/2","0.7800","No","$304,000","06/18/2026","$304,000"
"1501","21282625","","Closed","Closed","602 Germantown  Road ","05/27/2026","","Minden","$115.45","Rural","2,252","3","2","0/2/2","1.2930","No","$260,000","06/18/2026","$260,000"
"1501","21211515","","Closed","Closed","133 Fitzwilliam  Street ","03/17/2026","","Haughton","$161.60","Tuscany Villas Sub #2","1,547","3","2","2/0/2","0.1566","No","$250,000","06/18/2026","$250,000"
"1501","21224495","","Closed","Closed","604 Whitefield  Lane ","03/31/2026","","Bossier City","$171.62","Savannah Place","1,311","3","2","2/0/2","0.2300","No","$225,000","06/18/2026","$225,000"
"1501","21129201","","Closed","Closed","809 Princesa  Drive ","12/12/2025","","Haughton","$132.80","Espanita Village Sub","1,619","4","3","2/0/2","0.2190","No","$215,000","06/18/2026","$215,000"
"1501","21283888","","Closed","Closed","5310 Aster  Street ","05/28/2026","","Bossier City","$142.59","Southern Gardens Sub","1,052","3","1","/2/1","0.2530","No","$150,000","06/18/2026","$150,000"
"1501","21244812","","Closed","Closed","775 Gorton  Road ","04/20/2026","","Doyline","$98.68","Palmetto Beach Estate","1,216","3","2","/0/0","0.7780","No","$120,000","06/18/2026","$120,000"
"1501","21060613","","Closed","Closed","105 James  Street ","09/11/2025","","Homer","$39.19","Moss Sub","1,110","3","1","0/1/1","0.1620","No","$43,500","06/18/2026","$43,500"
"1501","21273476","","Closed","Closed","312 Tanyard  Trace ","05/18/2026","","Benton","$206.10","Kingston Plantation","3,542","4","4","4/0/4","0.6990","No","$730,000","06/22/2026","$730,000"
"1501","21278220","","Closed","Closed","1615 Linton  Road ","05/21/2026","","Benton","$244.95","RURAL","1,980","3","4","0/2/2","1.9380","Yes","$485,000","06/22/2026","$485,000"
"1501","21188552","","Closed","Closed","302 Greenacres  Boulevard ","02/25/2026","","Bossier City","$118.16","Greenacres Place","2,962","4","4","2/0/2","0.3520","No","$350,000","06/22/2026","$350,000"
"1501","21231097","","Closed","Closed","204 Pearwood  Circle ","04/07/2026","","Haughton","$178.74","Dogwood South Sub #12","1,510","3","2","2/0/0","0.1920","No","$269,900","06/22/2026","$269,900"
"1501","21148510","","Closed","Closed","519 Brompton  Lane ","01/08/2026","","Bossier City","$130.92","Village Tiburon 06","1,986","4","3","0/0/2","0.2220","No","$260,000","06/22/2026","$260,000"
"1501","21209464","","Closed","Closed","423  W Palmetto  Avenue ","03/16/2026","","Plain Dealing","$106.42","None","1,823","4","2","/2/1","0.5000","No","$194,000","06/22/2026","$194,000"
"1501","21153479","","Closed","Closed","161 Malone  Road ","01/13/2026","","Plain Dealing","$120.19","Rural","1,456","3","2","0/2/2","9.0000","No","$175,000","06/22/2026","$175,000"
"1501","21269858","","Closed","Closed","4210 Helene  Street ","05/13/2026","","Bossier City","$146.09","Shady Grove","1,163","3","2","0/1/1","0.2500","No","$169,900","06/22/2026","$169,900"
"1501","21252530","","Closed","Closed","2536 Northside  Drive ","04/27/2026","","Bossier City","$109.38","Northside Add","960","2","1","1/0/1","0.1780","No","$105,000","06/22/2026","$105,000"
"1501","21255509","","Closed","Closed","1422 Lampkin  Street ","05/01/2026","","Bossier City","$103.07","Swan Lake 05","912","3","1","0/1/1","0.1860","No","$94,000","06/22/2026","$94,000"
"1501","21233409","","Closed","Closed","1600  E 3rd  Street ","04/17/2026","","Bossier City","$60.37","Cumberland","704","2","1","0/1/1","0.0500","No","$42,500","06/22/2026","$42,500"
"1501","21273366","","Closed","Closed","1708 Spencer  Circle ","05/18/2026","","Benton","$188.89","Cypress Bay 05","2,250","4","3","2/0/2","1.0000","No","$425,000","06/23/2026","$425,000"
"1501","21257788","","Closed","Closed","255 Arrowhead  Drive ","05/02/2026","","Bossier City","$194.59","Village At Tiburon","1,850","3","2","2/0/2","0.2960","No","$359,999","06/23/2026","$359,999"
"1501","21259410","","Closed","Closed","421 Merestone  Crossing ","05/04/2026","","Benton","$151.54","Lost River Estates","2,204","4","2","2/0/2","0.2000","No","$333,987","06/23/2026","$333,987"
"1501","21214461","","Closed","Closed","325 Coppice  Place ","03/20/2026","","Bossier City","$151.52","Willow Heights","1,848","3","2","2/0/2","0.1500","No","$280,000","06/23/2026","$280,000"
"1501","21222581","","Closed","Closed","191 Bent Tree  Loop ","03/30/2026","","Haughton","$163.65","Southern Oaks #2","1,527","3","2","2/0/2","0.2330","No","$249,900","06/23/2026","$249,900"
"1501","21253557","","Closed","Closed","953 Evergreen  Road ","04/28/2026","","Minden","$142.58","Rural","1,280","3","2","0/0/0","20.0000","No","$182,500","06/23/2026","$182,500"
"1501","21162220","","Closed","Closed","809 Horton ","01/23/2026","","Minden","$137.44","BABB ADDN.","1,178","3","2","/2/2","0.3800","No","$161,900","06/23/2026","$161,900"
"1501","21189715","","Closed","Closed","334 Prien Lake  Loop ","02/24/2026","","Bossier City","$169.19","Edgewater Pass","2,387","4","3","2/2/2","0.1700","No","$403,849","06/24/2026","$403,849"
"1501","21192187","","Closed","Closed","2005 Surrey  Lane ","02/27/2026","","Bossier City","$140.15","Carriage Oaks Sub","2,461","4","3","2/0/2","0.5210","No","$344,900","06/24/2026","$344,900"
"1501","21229773","","Closed","Closed","3417 Lanell  Drive ","04/06/2026","","Bossier City","$135.75","Bellaire Sub","1,547","3","2","1/1/1","0.2010","No","$210,000","06/24/2026","$210,000"
"1501","21279890","","Closed","Closed","7455 Redwood  Lane ","05/23/2026","","Haughton","$158.57","Creekside Un 1","1,214","3","2","/2/2","0.1200","No","$192,500","06/24/2026","$192,500"
"1501","21222389","","Closed","Closed","220 Walnut  Lane ","03/29/2026","","Bossier City","$72.80","Northland","2,610","4","3","2/2/2","0.6100","No","$190,000","06/24/2026","$190,000"
"1501","21283913","","Closed","Closed","710 Buchanan  Street ","05/29/2026","","Minden","$122.65","Pinehurst Add","1,223","2","1","/0/1","0.3780","No","$150,000","06/24/2026","$150,000"
"1501","21281761","","Closed","Closed","1001 Ridgewood  Circle ","05/26/2026","","Minden","$137.34","Ridgewood Sub","2,330","4","3","2/0/2","0.5560","No","$320,000","06/25/2026","$320,000"
"1501","21219538","","Closed","Closed","733 Crewe  Lane ","03/26/2026","","Bossier City","$169.21","CANES LANDING","1,885","4","2","2/0/2","0.1700","No","$318,961","06/25/2026","$318,961"
"1501","21152645","","Closed","Closed","240 Rachel  Lane ","01/15/2026","","Bossier City","$165.84","Willow Lake","1,809","3","2","2/0/2","0.2170","No","$300,000","06/25/2026","$300,000"
"1501","21240347","","Closed","Closed","411 Preserve  Boulevard ","04/16/2026","","Bossier City","$183.90","The Preserve","1,615","3","2","2/0/2","0.2010","No","$297,000","06/25/2026","$297,000"
"1501","21164664","","Closed","Closed","388 Hummingbird  Lane ","01/28/2026","","Princeton","$146.30","THE HILLS OF EASTWOOD","1,892","3","2","2/0/2","0.2000","No","$276,806","06/25/2026","$276,806"
"1501","21293853","","Closed","Closed","2130 Twin Lake  Drive ","06/06/2026","","Benton","$157.04","TWIN LAKE ESTATES","1,732","3","2","0/0/0","0.7500","No","$272,000","06/25/2026","$272,000"
"1501","21290471","","Closed","Closed","1602 San Saba  Street ","06/03/2026","","Bossier City","$125.60","Shady Grove 02","1,035","3","2","/2/2","0.2030","No","$130,000","06/25/2026","$130,000"
"1501","21251658","","Closed","Closed","1009 Christy  Street ","04/27/2026","","Bossier City","$62.92","Glendale 03","1,192","3","1","/0/0","0.2510","No","$75,000","06/25/2026","$75,000"
"1501","21244760","","Closed","Closed","601 Dumaine  Drive ","04/22/2026","","Bossier City","$188.94","St Charles Court Village Un #8","2,641","5","3","3/0/3","0.2330","No","$499,000","06/26/2026","$499,000"
"1501","21303018","","Closed","Closed","274 Ferry Lake  Drive ","06/16/2026","","Bossier City","$157.60","Edgewater Pass","3,093","4","4","2/0/2","0.3600","No","$487,443","06/26/2026","$487,443"
"1501","21148918","","Closed","Closed","222 Weldon Johnson  Road ","01/07/2026","","Minden","$215.40","Rural","2,182","3","2","/2/3","10.0000","No","$470,000","06/26/2026","$470,000"
"1501","21128985","","Closed","Closed","3100 Herren  Road ","12/08/2025","","Doyline","$185.93","Rural","2,501","2","2","2/0/2","17.2500","No","$465,000","06/26/2026","$465,000"
"1501","21250602","","Closed","Closed","50 High Water  Drive ","04/24/2026","","Benton","$134.99","Lost River Estates North #3","2,941","4","3","2/0/2","0.2284","No","$397,000","06/26/2026","$397,000"
"1501","21247886","","Closed","Closed","111 Hanging Moss  Drive ","04/23/2026","","Benton","$193.44","Bay Hills Reserve","2,042","4","2","2/0/2","0.2310","Yes","$395,000","06/26/2026","$395,000"
"1501","21261965","","Closed","Closed","428 Merestone  Crossing ","05/06/2026","","Benton","$155.20","Lost River Estates","2,372","4","3","2/0/2","0.2000","No","$368,132","06/26/2026","$368,132"
"1501","21190997","","Closed","Closed","128 Staton ","02/25/2026","","Haughton","$183.30","Staton Estate","1,964","4","2","/2/2","0.7700","Yes","$360,000","06/26/2026","$360,000"
"1501","21266039","","Closed","Closed","118 Pebble Beach  Drive ","05/10/2026","","Benton","$151.93","River Ridge Sub","2,205","4","2","3/0/3","0.2890","No","$335,000","06/26/2026","$335,000"
"1501","21280483","","Closed","Closed","301 Newport  Lane ","05/24/2026","","Benton","$190.59","Jamestowne","1,742","3","2","2/0/2","9,455.0000","No","$332,000","06/26/2026","$332,000"
"1501","21167031","","Closed","Closed","260 Duval  Street ","01/30/2026","","Benton","$141.92","James E. Burt Jr. 3rd Filing","2,290","3","2","2/0/2","1.1400","No","$325,000","06/26/2026","$325,000"
"1501","21086533","","Closed","Closed","5041 Longstreet  Place ","10/14/2025","","Bossier City","$144.16","Tara Sub","2,185","4","2","2/0/2","0.2600","No","$315,000","06/26/2026","$315,000"
"1501","21194291","","Closed","Closed","2309 Arlington  Place ","03/20/2026","","Bossier City","$99.90","Greenacres","2,923","3","3","0/2/2","0.3440","No","$292,000","06/26/2026","$292,000"
"1501","21248080","","Closed","Closed","310 Murray  Lane ","04/22/2026","","Haughton","$136.68","Mimosa Gardens Sub","1,701","3","2","/2/2","0.4160","Yes","$232,500","06/26/2026","$232,500"
"1501","21197489","","Closed","Closed","123 Taylor Bend  Street ","03/04/2026","","Haughton","$119.49","Merry Woods Sub","1,673","3","2","0/1/1","0.7640","No","$199,900","06/26/2026","$199,900"
"1501","21278267","","Closed","Closed","2508 Belmont  Boulevard ","05/22/2026","","Bossier City","$130.67","Greenacres","1,477","3","2","/1/1","0.2400","No","$193,000","06/26/2026","$193,000"
"1501","21138719","","Closed","Closed","204  NW 3rd  Street ","12/27/2025","","Springhill","$92.36","Frost Lumber","1,624","3","2","/2/2","0.3100","No","$150,000","06/26/2026","$150,000"
"1501","21251410","","Closed","Closed","406  NW 3rd  Street ","04/26/2026","","Springhill","$59.52","Frost Lumber industries","2,268","3","2","/1/1","0.3500","No","$135,000","06/26/2026","$135,000"
"1501","21191070","","Closed","Closed","509 Cocodrie  Drive ","02/26/2026","","Bossier City","$205.14","The Preserve","2,781","4","3","3/3/3","0.2500","No","$570,500","06/29/2026","$570,500"
"1501","21179241","","Closed","Closed","2912 Jamerson  Road ","02/13/2026","","Haughton","$149.10","NA","3,454","3","2","2/2/8","17.2800","No","$515,000","06/29/2026","$515,000"
"1501","21282516","","Closed","Closed","2888 Cypress Village  Drive ","05/27/2026","","Benton","$173.67","Cypress Bay","2,332","3","3","2/0/2","0.8480","No","$405,000","06/29/2026","$405,000"
"1501","21267535","","Closed","Closed","3916 Ella  Street ","05/12/2026","","Bossier City","$142.25","Shady Grove","2,038","4","2","0/2/2","0.3860","No","$289,900","06/29/2026","$289,900"
"1501","21202215","","Closed","Closed","214 Roanoke Circle ","03/24/2026","","Benton","$160.00","Jamestowne","1,750","3","2","2/0/2","0.1770","No","$280,000","06/29/2026","$280,000"
"1501","21270283","","Closed","Closed","92  S Meadow  Lane ","05/14/2026","","Haughton","$137.54","Country Place Sub","2,035","3","2","2/0/2","0.5290","No","$279,900","06/29/2026","$279,900"
"1501","21040817","","Closed","Closed","223 Razorback  Lane ","08/22/2025","","Homer","$129.94","B E Robinson East","1,924","2","4","/2/2","0.8300","No","$250,000","06/29/2026","$250,000"
"1501","21280616","","Closed","Closed","619 Perfect  Place ","05/27/2026","","Bossier City","$175.25","Willow Brook","1,426","3","2","2/0/2","0.1250","No","$249,900","06/29/2026","$249,900"
"1501","21273770","","Closed","Closed","2552 Jack Martin  Road ","05/28/2026","","Minden","$130.03","Rural","1,915","3","2","0/2/2","4.0000","No","$249,000","06/29/2026","$249,000"
"1501","21258324","","Closed","Closed","5138 Heatherton  Drive ","05/02/2026","","Bossier City","$162.72","Oak Creek Sub","1,352","3","2","2/0/2","0.2010","No","$220,000","06/29/2026","$220,000"
"1501","21238411","","Closed","Closed","303 Canvas Back  Drive ","04/17/2026","","Princeton","$102.32","GRAY DUCK NORTH","1,856","3","2","0/0/0","0.3860","No","$189,900","06/29/2026","$189,900"
"1501","21243795","","Closed","Closed","379 Fox Creek  Drive ","04/18/2026","","Haughton","$93.37","Fox Creek Estate","1,960","3","2","/0/0","0.5720","No","$183,000","06/29/2026","$183,000"
"1501","21253198","","Closed","Closed","1016 James  Street ","04/28/2026","","Bossier City","$66.99","Glendale","1,866","4","2","0/0/0","0.2090","No","$125,000","06/29/2026","$125,000"
"1501","21277029","","Closed","Closed","1321 Michael  Street ","05/26/2026","","Bossier City","$70.51","Waller Sub 7th Filing","1,014","3","1","0/0/0","0.1790","No","$71,500","06/29/2026","$71,500"
"1501","21281431","","Closed","Closed","1291 Mark  Avenue ","05/26/2026","","Bossier City","$45.93","Waller Sub","1,524","3","1","/2/2","0.2380","No","$70,000","06/29/2026","$70,000"
"1501","21205360","","Closed","Closed","2652 Highway 163 ","03/11/2026","","Doyline","$267.32","rural","2,338","3","3","/2/2","20.0000","Yes","$625,000","06/30/2026","$625,000"
"1501","21270394","","Closed","Closed","5517 Lake Side  Drive ","05/16/2026","","Bossier City","$109.34","Carriage Oaks 08","3,887","5","5","2/2/2","0.2800","Yes","$425,000","06/30/2026","$425,000"
"1501","21274081","","Closed","Closed","2029 Coastal  Drive ","05/18/2026","","Princeton","$144.08","Winnfield Acres","2,915","4","3","/2/2","3.1570","No","$420,000","06/30/2026","$420,000"
"2001","21236497","","Closed","Closed","317 Peason Ridge ","04/11/2026","","Bossier City","$168.44","The Preserve","2,387","4","3","2/2/2","0.1700","No","$402,064","06/30/2026","$402,064"
"2001","21234432","","Closed","Closed","19 Sunnybrook  Lane ","04/10/2026","","Haughton","$124.26","Country Place","2,535","4","3","2/0/2","0.4500","No","$315,000","06/30/2026","$315,000"
"2001","21262345","","Closed","Closed","409 Heritage  Drive ","05/06/2026","","Bossier City","$146.62","Madison Place 02","2,087","4","2","2/0/2","0.2920","No","$306,000","06/30/2026","$306,000"
"2001","21260258","","Closed","Closed","205 Paisley  Lane ","05/05/2026","","Bossier City","$157.40","CANES LANDING","1,925","3","2","2/0/2","0.1600","No","$302,997","06/30/2026","$302,997"
"2001","21261638","","Closed","Closed","808 Venecia  Drive ","05/06/2026","","Bossier City","$150.99","THE COVE AT VILLAGGIO","1,788","4","3","2/0/2","0.2000","No","$269,971","06/30/2026","$269,971"
"2001","21244420","","Closed","Closed","4204 Parkridge  Drive ","04/20/2026","","Benton","$165.33","Palmetto Park 05","1,627","3","2","2/0/2","0.2400","No","$269,000","06/30/2026","$269,000"
"2001","21112753","","Closed","Closed","3489 Grand Cane  Lane ","11/14/2025","","Bossier City","$186.57","Legacy","1,340","3","2","2/0/2","0.3778","No","$250,000","06/30/2026","$250,000"
"2001","21198869","","Closed","Closed","411 Charmes  Circle ","03/05/2026","","Haughton","$170.27","LEGACY POINTE","1,451","3","2","2/0/2","0.3000","No","$247,055","06/30/2026","$247,055"
"2001","21009989","","Closed","Closed","403 Blackwood  Circle ","07/23/2025","","Haughton","$162.33","Dogwood South Sub #11","1,460","3","2","2/0/2","0.1380","No","$237,000","06/30/2026","$237,000"
"2001","21054996","","Closed","Closed","414 Lakeshore  Drive ","09/08/2025","","Minden","$100.00","LAKESIDE SUB","2,300","4","4","/0/0","0.7800","No","$230,000","06/30/2026","$230,000"
"2001","21256382","","Closed","Closed","2418 Melrose  Avenue ","05/01/2026","","Bossier City","$130.86","Greenacres Sub","1,643","4","2","2/0/2","0.2250","No","$215,000","06/30/2026","$215,000"
"2001","21273018","","Closed","Closed","3002 June  Lane ","05/16/2026","","Bossier City","$124.83","Coleman Park","1,482","3","1","0/0/0","0.1930","No","$185,000","06/30/2026","$185,000"
"2001","21209673","","Closed","Closed","706  E Mary Lee  Street ","03/17/2026","","Plain Dealing","$48.29","Rural","3,040","3","2","0/4/4","1.1000","No","$146,800","06/30/2026","$146,800"
"2001","21228000","","Closed","Closed","119 and 119 1/2 Thompson  Street ","04/02/2026","","Bossier City","$57.47","stockwll","1,566","2","1","0/0/0","0.0600","No","$90,000","06/30/2026","$90,000"
"2001","21237562","","Closed","Closed","217 Conti Way ","04/13/2026","","Bossier City","$197.72","St Charles Court","2,630","4","3","3/0/3","0.5700","No","$520,000","07/01/2026","$520,000"
"2001","21207429","","Closed","Closed","3918 Le Brooke  Lane ","03/16/2026","","Benton","$158.94","Palmetto Park 07","1,824","4","2","2/0/2","0.2180","No","$289,900","07/01/2026","$289,900"
"2001","21282599","","Closed","Closed","314  N Hampton  Street ","05/29/2026","","Haughton","$138.96","Tuscany Xing 01","2,051","3","2","2/0/2","0.1770","Yes","$285,000","07/01/2026","$285,000"
"2001","21100206","","Closed","Closed","10565 Highway 3 ","11/07/2025","","Plain Dealing","$125.00","Rural Ward 3","2,200","4","3","0/0/0","9.8000","No","$275,000","07/01/2026","$275,000"
"2001","21221272","","Closed","Closed","5311 Barberry  Lane ","04/15/2026","","Bossier City","$171.44","Golden Mdws Sub #25","1,586","3","2","2/0/2","0.1690","No","$271,900","07/01/2026","$271,900"
"2001","21116187","","Closed","Closed","759 Venecia  Drive ","11/19/2025","","Bossier City","$155.22","THE COVE AT VILLAGGIO","1,690","3","2","2/0/2","0.1300","No","$262,320","07/01/2026","$262,320"
"2001","21291310","","Closed","Closed","4300 Helene  Street ","06/04/2026","","Bossier City","$135.47","Sun City","1,074","3","2","0/1/1","0.2880","No","$145,500","07/01/2026","$145,500"
"2001","21294923","","Closed","Closed","1204 Lampkin  Street ","06/08/2026","","Bossier City","$78.91","Meadowview Park Sub Un #3","792","2","1","/1/1","0.1840","No","$62,500","07/01/2026","$62,500"
"2001","21279437","","Closed","Closed","598 Dumaine  Drive ","05/29/2026","","Bossier City","$198.67","St Charles Court Village Un 8","3,448","4","4","3/0/3","0.4550","Yes","$685,000","07/02/2026","$685,000"
"2001","21063766","","Closed","Closed","240 Cattail  Trail ","03/27/2026","","Benton","$191.76","Kingston Plantation","3,520","5","4","4/0/4","1.2440","Yes","$675,000","07/02/2026","$675,000"
"2001","21201083","","Closed","Closed","616 Meridian  Way ","03/06/2026","","Benton","$189.34","Belmere Un #5","2,271","5","3","1/0/1","0.4460","No","$430,000","07/02/2026","$430,000"
"2001","21268283","","Closed","Closed","417 Hummingbird  Lane ","05/12/2026","","Princeton","$151.03","THE HILLS OF EASTWOOD","1,848","3","2","2/0/2","0.2400","No","$279,111","07/02/2026","$279,111"
"2001","21308482","","Closed","Closed","1115 Eli Conner  Drive ","06/21/2026","","Bossier City","$149.91","Victoria Mdws Un 1","1,601","3","2","2/0/2","0.1580","No","$240,000","07/02/2026","$240,000"
"2001","21228945","","Closed","Closed","26 Meadow Creek  Drive ","04/04/2026","","Bossier City","$135.06","Meadow Crk Twnhses 03","1,740","3","3","2/0/2","0.0400","No","$235,000","07/02/2026","$235,000"
"2001","21201199","","Closed","Closed","5106 Venecia  Drive ","03/06/2026","","Bossier City","$157.08","Villaggio","1,477","2","2","2/0/2","0.1000","No","$232,000","07/02/2026","$232,000"
"2001","20954411","","Closed","Closed","2153 Airport  Loop ","06/01/2025","","Homer","$100.88","Ole Arky","2,280","4","2","/2/2","1.2250","No","$230,000","07/02/2026","$230,000"
"2001","21222475","","Closed","Closed","201  NE 8th  Street ","03/29/2026","","Springhill","$95.64","WOODLAWN","1,400","2","1","/2/2","0.3400","No","$133,900","07/02/2026","$133,900"
"2001","21316863","","Closed","Closed","504 Gayle  Avenue ","06/30/2026","","Plain Dealing","$48.94","west highlands","2,452","3","2","0/2/2","0.4000","No","$120,000","07/02/2026","$120,000"
